temps(s)	Ti1	Ti2	Ti3	Ti4	Ti5	To1	To2	To3	Ts1	To5	To4	T1	T2	T3	T4	T5	T_marchepas	T6	T7	T8	T9	T10	T11	T12	T13	diff_pression	Debit(kg/s)	frequence(hz)	pression_statique(pascal)	Ts2
2,000000	19,811348	0,000000	0,000000	0,000000	0,000000	19,706551	19,701506	19,811348	19,624674	19,720629	19,730721	19,720629	20,027414	19,725676	19,880972	20,012274	20,459999	19,809999	340282346638528860000000000000000000000,000000	19,699999	20,150000	20,119999	19,969999	20,059999	20,209999	430,701019	0,000000	20,000000	100926,093750	19,700001
4,000000	19,811348	0,000000	0,000000	0,000000	0,000000	19,711617	19,711617	19,806299	19,619629	19,720629	19,740814	19,720629	20,017323	19,725676	19,880972	20,017323	20,459999	19,809999	340282346638528860000000000000000000000,000000	19,709999	20,150000	20,109999	19,969999	20,059999	20,189999	340282346638528860000000000000000000000,000000	0,000000	20,000000	100430,046875	19,700001
6,000000	19,806299	0,000000	0,000000	0,000000	0,000000	19,716661	19,716661	19,691414	19,619629	19,725676	19,745859	19,715565	20,027414	19,730721	19,875927	20,007208	20,449999	19,809999	340282346638528860000000000000000000000,000000	19,709999	20,150000	20,109999	19,969999	20,059999	20,180000	603,832031	0,000000	20,000000	100234,023437	19,700001
8,000000	19,691414	0,000000	0,000000	0,000000	0,000000	19,716661	19,711617	19,701506	19,619629	19,725676	19,875927	19,705471	20,027414	19,725676	19,745859	20,012274	20,449999	19,809999	340282346638528860000000000000000000000,000000	19,709999	20,150000	20,109999	19,969999	20,049999	20,170000	340282346638528860000000000000000000000,000000	0,000000	20,000000	100142,015625	19,700001
10,000000	19,806299	0,000000	0,000000	0,000000	0,000000	19,716661	19,731821	19,706551	19,624674	19,730721	19,875927	19,705471	20,032461	19,725676	19,875927	20,027414	20,449999	19,830000	340282346638528860000000000000000000000,000000	19,719999	20,139999	20,109999	19,969999	20,039999	20,160000	569,176025	0,000000	20,000000	100098,007812	19,700001
12,000000	19,801254	0,000000	0,000000	0,000000	0,000000	19,907322	19,917437	19,746960	19,624674	19,901176	19,821613	19,710516	20,042574	19,875927	19,921362	19,998379	20,449999	19,920000	340282346638528860000000000000000000000,000000	19,799999	20,139999	20,109999	19,969999	20,039999	20,150000	340282346638528860000000000000000000000,000000	0,000000	20,000000	100074,007812	19,700001
14,000000	19,801254	0,000000	0,000000	0,000000	0,000000	20,018459	20,023508	19,817686	19,764833	19,872116	19,957964	19,730721	20,057714	19,906223	19,862024	20,274878	20,449999	20,059999	340282346638528860000000000000000000000,000000	19,920000	20,139999	20,109999	19,959999	20,029999	20,139999	591,291016	0,000000	20,000000	100070,007812	19,700001
16,000000	19,806299	0,000000	0,000000	0,000000	0,000000	20,159901	20,175062	20,043713	19,790081	20,133471	20,114531	19,886019	19,952919	19,826660	20,057714	20,431450	20,449999	20,219999	340282346638528860000000000000000000000,000000	20,059999	20,139999	20,100000	19,969999	20,039999	20,150000	599,688049	0,000000	20,000000	100062,007812	19,600000
18,000000	19,801254	0,000000	0,000000	0,000000	0,000000	20,296301	20,211718	20,144741	19,705471	20,264784	20,421337	19,916317	19,963013	19,872116	20,128424	20,463032	20,449999	20,369999	340282346638528860000000000000000000000,000000	20,209999	20,150000	20,109999	19,969999	20,109999	20,139999	584,684021	0,000000	20,000000	100058,007812	19,500000
20,000000	19,801254	0,000000	0,000000	0,000000	0,000000	20,363285	20,533749	20,281141	19,880972	20,411243	20,478172	19,936520	19,978170	20,042574	20,079184	20,604458	20,449999	20,500000	340282346638528860000000000000000000000,000000	20,340000	20,150000	20,109999	19,969999	20,139999	20,109999	597,501038	0,000000	20,000000	100058,007812	19,500000
22,000000	19,786097	0,000000	0,000000	0,000000	0,000000	20,660049	20,605793	20,387226	19,936520	20,547615	20,785019	19,826660	19,973125	19,963013	20,264784	20,886032	20,459999	20,650000	340282346638528860000000000000000000000,000000	20,469999	20,160000	20,109999	19,969999	20,180000	20,219999	578,970032	0,000000	20,000000	100054,007812	19,400000
24,000000	19,760847	0,000000	0,000000	0,000000	0,000000	20,801517	20,887428	20,358219	20,002163	20,668848	20,931503	19,841818	19,973125	19,993311	20,310225	20,867115	20,459999	20,779999	340282346638528860000000000000000000000,000000	20,580000	20,160000	20,119999	19,980000	20,209999	20,320000	340282346638528860000000000000000000000,000000	0,000000	20,000000	100054,007812	19,400000
26,000000	19,590393	0,000000	0,000000	0,000000	0,000000	20,818012	21,044067	20,454214	19,947872	20,800163	20,968153	19,862024	19,963013	20,158724	20,375895	20,988367	20,449999	20,879999	340282346638528860000000000000000000000,000000	20,680000	20,160000	20,119999	19,980000	20,250000	20,309999	604,430054	0,000000	20,000000	100054,007812	19,400000
28,000000	19,575235	0,000000	0,000000	0,000000	0,000000	20,979704	21,080767	20,565374	20,148630	20,926455	21,264912	20,002163	19,968079	20,079184	20,436497	21,069195	20,449999	20,969999	340282346638528860000000000000000000000,000000	20,789999	20,170000	20,119999	19,990000	20,289999	20,529999	605,896057	0,000000	20,000000	100054,007812	19,400000
30,000000	19,680033	0,000000	0,000000	0,000000	0,000000	21,251240	21,222258	20,771212	20,109484	21,042635	21,411434	20,027414	19,963013	20,099369	20,346846	21,275028	20,449999	21,029999	340282346638528860000000000000000000000,000000	20,879999	20,170000	20,129999	19,990000	20,320000	20,439999	340282346638528860000000000000000000000,000000	0,000000	20,000000	100054,007812	19,400000
32,000000	19,654762	0,000000	0,000000	0,000000	0,000000	21,242472	21,503922	20,727055	20,310225	21,143675	21,547827	20,032461	19,963013	20,124622	20,507217	21,381104	20,449999	21,129999	340282346638528860000000000000000000000,000000	20,959999	20,170000	20,129999	19,990000	20,309999	20,400000	340282346638528860000000000000000000000,000000	0,000000	20,000000	100050,007812	19,500000
34,000000	19,499468	0,000000	0,000000	0,000000	0,000000	21,368805	21,635326	20,927849	20,396101	21,119699	21,679197	20,042574	19,963013	20,274878	20,537519	21,342009	20,449999	21,219999	340282346638528860000000000000000000000,000000	21,039999	20,180000	20,129999	20,000000	20,299999	20,369999	340282346638528860000000000000000000000,000000	0,000000	20,000000	100050,007812	19,500000
36,000000	19,479265	0,000000	0,000000	0,000000	0,000000	21,490091	21,781885	21,013741	20,356962	21,230862	21,805519	20,047619	19,998379	20,295084	20,442822	21,552896	20,459999	21,320000	340282346638528860000000000000000000000,000000	21,109999	20,180000	20,129999	20,000000	20,309999	20,369999	340282346638528860000000000000000000000,000000	0,000000	20,000000	100050,007812	19,500000
38,000000	19,479265	0,000000	0,000000	0,000000	0,000000	21,761671	21,813570	20,984753	20,552662	21,426580	21,911633	19,973125	20,259735	20,225639	20,564039	21,624941	20,459999	21,520000	340282346638528860000000000000000000000,000000	21,260000	20,189999	20,139999	20,000000	20,309999	20,359999	619,646057	0,000000	20,000000	100050,007812	19,500000
40,000000	19,615644	0,000000	0,000000	0,000000	0,000000	21,928452	21,975311	21,116142	20,638525	21,463257	21,973600	20,163771	20,190290	20,431450	20,774904	21,926781	20,459999	21,699999	340282346638528860000000000000000000000,000000	21,389999	20,189999	20,139999	20,000000	20,309999	20,420000	340282346638528860000000000000000000000,000000	0,000000	20,000000	100050,007812	19,500000
42,000000	19,760847	0,000000	0,000000	0,000000	0,000000	22,034607	22,111790	21,191927	20,754715	21,579460	22,104971	20,069071	20,190290	20,362009	20,710535	21,943264	20,469999	21,830000	340282346638528860000000000000000000000,000000	21,449999	20,199999	20,150000	20,010000	20,330000	20,570000	340282346638528860000000000000000000000,000000	0,000000	20,000000	100050,007812	19,500000
44,000000	19,801254	0,000000	0,000000	0,000000	0,000000	22,140747	22,217936	21,392735	20,705469	21,795422	22,221216	20,109484	20,225639	20,517311	20,710535	21,983700	20,469999	21,889999	340282346638528860000000000000000000000,000000	21,559999	20,209999	20,150000	20,020000	20,350000	20,590000	600,600037	0,000000	20,000000	100050,007812	19,500000
46,000000	19,691414	0,000000	0,000000	0,000000	0,000000	22,121889	22,339256	21,338493	20,916359	21,881319	22,327328	20,269831	20,235733	20,542568	20,896149	21,983700	20,469999	21,869999	340282346638528860000000000000000000000,000000	21,629999	20,209999	20,170000	20,029999	20,379999	20,600000	340282346638528860000000000000000000000,000000	0,000000	20,000000	100050,007812	19,500000
48,000000	19,701506	0,000000	0,000000	0,000000	0,000000	22,212885	22,550205	21,524134	21,007280	21,842215	22,548359	20,295084	20,385988	20,447868	20,821665	22,094873	20,469999	21,939999	340282346638528860000000000000000000000,000000	21,689999	20,219999	20,170000	20,029999	20,389999	20,609999	593,114014	0,000000	20,000000	100050,007812	19,500000
50,000000	19,887119	0,000000	0,000000	0,000000	0,000000	22,334206	22,686707	21,625208	20,968153	21,963482	22,674698	20,230686	20,356962	20,488270	20,872164	22,231318	20,480000	22,100000	340282346638528860000000000000000000000,000000	21,840000	20,219999	20,180000	20,039999	20,420000	20,660000	611,060059	0,000000	20,000000	100046,007812	19,500000
52,000000	19,817686	0,000000	0,000000	0,000000	0,000000	22,550205	22,777693	21,685856	21,179031	22,179434	22,780838	20,406197	20,512264	20,658733	20,937847	22,327328	20,480000	22,199999	340282346638528860000000000000000000000,000000	21,889999	20,219999	20,180000	20,039999	20,459999	20,930000	340282346638528860000000000000000000000,000000	0,000000	20,000000	100046,007812	19,500000
54,000000	19,837891	0,000000	0,000000	0,000000	0,000000	22,656364	22,748755	21,761671	21,275028	22,280508	22,736708	20,426403	20,532473	20,683992	20,963106	22,347548	20,490000	22,230000	340282346638528860000000000000000000000,000000	21,969999	20,219999	20,180000	20,039999	20,449999	21,160000	340282346638528860000000000000000000000,000000	0,000000	20,000000	100046,007812	19,600000
56,000000	19,832846	0,000000	0,000000	0,000000	0,000000	22,586977	22,814474	21,797054	21,215696	22,226269	22,912254	20,436497	20,542568	20,564039	21,057798	22,332397	20,490000	22,219999	340282346638528860000000000000000000000,000000	22,029999	20,219999	20,189999	20,049999	20,439999	21,299999	598,222046	0,000000	20,000000	100050,007812	19,600000
58,000000	19,832846	0,000000	0,000000	0,000000	0,000000	22,792866	23,030491	21,702366	21,421532	22,401806	22,858028	20,326658	20,552662	20,574152	20,937847	22,342497	20,490000	22,199999	340282346638528860000000000000000000000,000000	22,049999	20,219999	20,189999	20,049999	20,439999	21,379999	340282346638528860000000000000000000000,000000	0,000000	20,000000	100050,007812	19,600000
60,000000	19,817686	0,000000	0,000000	0,000000	0,000000	22,723482	22,971212	21,877918	21,502367	22,317226	23,048731	20,336752	20,547615	20,594343	20,952991	22,553411	20,500000	22,309999	340282346638528860000000000000000000000,000000	22,059999	20,230000	20,189999	20,049999	20,430000	21,359999	611,822021	0,000000	20,000000	100046,007812	19,600000
62,000000	19,932594	0,000000	0,000000	0,000000	0,000000	22,899029	23,151834	21,913303	21,443041	22,372818	22,984381	20,351915	20,537519	20,604458	20,958057	22,489052	20,500000	22,369999	340282346638528860000000000000000000000,000000	22,139999	20,219999	20,189999	20,049999	20,430000	21,309999	607,239014	0,000000	20,000000	100046,007812	19,600000
64,000000	19,927528	0,000000	0,000000	0,000000	0,000000	22,829647	23,072334	21,818619	21,633736	22,558460	23,154882	20,367056	20,527405	20,609505	20,983299	22,649445	20,510000	22,379999	340282346638528860000000000000000000000,000000	22,199999	20,219999	20,189999	20,049999	20,420000	21,420000	340282346638528860000000000000000000000,000000	0,000000	20,000000	100046,007812	19,600000
66,000000	19,927528	0,000000	0,000000	0,000000	0,000000	22,865044	23,273184	21,848955	21,574411	22,463783	23,085485	20,502150	20,527405	20,624647	20,983299	22,674698	20,510000	22,410000	340282346638528860000000000000000000000,000000	22,219999	20,219999	20,189999	20,049999	20,389999	21,260000	340282346638528860000000000000000000000,000000	0,000000	20,000000	100046,007812	19,600000
68,000000	19,917437	0,000000	0,000000	0,000000	0,000000	23,045664	23,293407	21,869173	21,760038	22,499174	23,261036	20,502150	20,522358	20,624647	20,993414	22,585091	20,510000	22,449999	340282346638528860000000000000000000000,000000	22,240000	20,219999	20,189999	20,049999	20,350000	21,090000	340282346638528860000000000000000000000,000000	0,000000	20,000000	100050,007812	19,500000
70,000000	19,907322	0,000000	0,000000	0,000000	0,000000	22,945936	23,218983	22,034607	21,805519	22,639324	23,281263	20,502150	20,507217	20,754715	20,998463	22,790960	20,510000	22,539999	340282346638528860000000000000000000000,000000	22,279999	20,219999	20,180000	20,049999	20,330000	20,959999	621,233032	0,000000	20,000000	100046,007812	19,500000
72,000000	19,882072	0,000000	0,000000	0,000000	0,000000	22,976263	23,389484	21,939924	21,746199	22,564869	23,216919	20,517311	20,502150	20,764811	20,978251	22,876879	20,510000	22,639999	340282346638528860000000000000000000000,000000	22,330000	20,219999	20,180000	20,049999	20,309999	20,850000	596,758057	0,000000	20,000000	100046,007812	19,500000
74,000000	19,882072	0,000000	0,000000	0,000000	0,000000	22,986387	23,424885	21,950043	21,911633	22,580040	23,242195	20,517311	20,367056	20,785019	21,158819	22,912254	20,510000	22,660000	340282346638528860000000000000000000000,000000	22,299999	20,209999	20,180000	20,049999	20,289999	20,750000	617,874023	0,000000	20,000000	100046,007812	19,500000
76,000000	19,877026	0,000000	0,000000	0,000000	0,000000	23,151834	23,335287	21,965191	21,837166	22,585091	23,412680	20,512264	20,367056	20,810278	21,114651	22,842854	20,510000	22,699999	340282346638528860000000000000000000000,000000	22,269999	20,209999	20,180000	20,039999	20,279999	20,680000	340282346638528860000000000000000000000,000000	0,000000	20,000000	100046,007812	19,500000
78,000000	19,741913	0,000000	0,000000	0,000000	0,000000	23,182182	23,515894	21,995527	22,012678	22,600243	23,328133	20,512264	20,372103	20,710535	21,290173	22,858028	20,510000	22,730000	340282346638528860000000000000000000000,000000	22,250000	20,209999	20,180000	20,039999	20,270000	20,600000	340282346638528860000000000000000000000,000000	0,000000	20,000000	100046,007812	19,500000
80,000000	19,731821	0,000000	0,000000	0,000000	0,000000	23,082458	23,551296	22,125576	22,058165	22,590139	23,363514	20,512264	20,507217	20,740843	21,215696	23,008301	20,510000	22,750000	340282346638528860000000000000000000000,000000	22,240000	20,199999	20,170000	20,039999	20,260000	20,529999	340282346638528860000000000000000000000,000000	0,000000	20,000000	100046,007812	19,500000
82,000000	19,711617	0,000000	0,000000	0,000000	0,000000	23,117857	23,471804	22,145796	21,968533	22,600243	23,513792	20,512264	20,367056	20,880985	21,225794	23,023455	20,510000	22,769999	340282346638528860000000000000000000000,000000	22,240000	20,199999	20,170000	20,029999	20,250000	20,480000	340282346638528860000000000000000000000,000000	0,000000	20,000000	100046,007812	19,500000
84,000000	19,706551	0,000000	0,000000	0,000000	0,000000	23,258009	23,492048	22,145796	22,139017	22,610363	23,523895	20,517311	20,367056	20,891102	21,230862	23,038626	20,510000	22,769999	340282346638528860000000000000000000000,000000	22,260000	20,199999	20,170000	20,029999	20,240000	20,439999	340282346638528860000000000000000000000,000000	0,000000	20,000000	100046,007812	19,500000
86,000000	19,696459	0,000000	0,000000	0,000000	0,000000	23,298460	23,642328	22,171083	22,164286	22,620462	23,544123	20,522358	20,372103	20,911291	21,396269	22,943953	20,510000	22,820000	340282346638528860000000000000000000000,000000	22,250000	20,199999	20,170000	20,029999	20,230000	20,410000	596,063049	0,000000	20,000000	100046,007812	19,500000
88,000000	19,701506	0,000000	0,000000	0,000000	0,000000	23,308584	23,667608	22,066301	22,074654	22,760635	23,559296	20,532473	20,367056	20,826714	21,411434	22,969229	20,510000	22,840000	340282346638528860000000000000000000000,000000	22,260000	20,189999	20,160000	20,029999	20,219999	20,379999	587,128052	0,000000	20,000000	100050,007812	19,500000
90,000000	19,701506	0,000000	0,000000	0,000000	0,000000	23,218983	23,578011	22,076403	22,110022	22,770737	23,459576	20,537519	20,372103	20,851973	21,316746	23,149830	20,500000	22,879999	340282346638528860000000000000000000000,000000	22,260000	20,199999	20,160000	20,029999	20,209999	20,350000	622,320007	0,000000	20,000000	100046,007812	19,500000
92,000000	19,706551	0,000000	0,000000	0,000000	0,000000	23,244261	23,613415	22,101671	22,275459	22,780838	23,630062	20,542568	20,507217	21,002232	21,326843	23,170053	20,500000	22,920000	340282346638528860000000000000000000000,000000	22,289999	20,189999	20,160000	20,020000	20,199999	20,320000	340282346638528860000000000000000000000,000000	0,000000	20,000000	100046,007812	19,500000
94,000000	19,706551	0,000000	0,000000	0,000000	0,000000	23,384434	23,773798	22,106741	22,300728	22,790960	23,650290	20,542568	20,512264	21,002232	21,321795	23,075380	20,500000	22,969999	340282346638528860000000000000000000000,000000	22,320000	20,189999	20,160000	20,020000	20,189999	20,309999	340282346638528860000000000000000000000,000000	0,000000	20,000000	100046,007812	19,600000
96,000000	19,721710	0,000000	0,000000	0,000000	0,000000	23,404661	23,783924	22,262058	22,211098	22,806110	23,675570	20,552662	20,527405	21,012327	21,367252	23,090536	20,500000	22,969999	340282346638528860000000000000000000000,000000	22,330000	20,189999	20,160000	20,020000	20,189999	20,279999	606,478027	0,000000	20,000000	100046,007812	19,600000
98,000000	19,716661	0,000000	0,000000	0,000000	0,000000	23,424885	23,689257	22,272179	22,241417	22,796009	23,575850	20,552662	20,532473	21,047684	21,517515	23,095587	20,500000	22,959999	340282346638528860000000000000000000000,000000	22,320000	20,189999	20,160000	20,020000	20,180000	20,260000	613,317017	0,000000	20,000000	100046,007812	19,700001
100,000000	19,716661	0,000000	0,000000	0,000000	0,000000	23,335287	23,709484	22,287327	22,386637	22,691233	23,591005	20,552662	20,542568	21,047684	21,532681	23,105709	20,500000	22,969999	340282346638528860000000000000000000000,000000	22,320000	20,189999	20,160000	20,020000	20,180000	20,240000	584,892029	0,000000	20,000000	100046,007812	19,700001
102,000000	19,721710	0,000000	0,000000	0,000000	0,000000	23,365616	23,739838	22,297447	22,416956	22,706385	23,616285	20,557709	20,542568	20,952991	21,547827	23,120865	20,510000	23,000000	340282346638528860000000000000000000000,000000	22,340000	20,189999	20,160000	20,020000	20,170000	20,209999	340282346638528860000000000000000000000,000000	0,000000	20,000000	100046,007812	19,700001
104,000000	19,726755	0,000000	0,000000	0,000000	0,000000	23,510843	23,885067	22,302498	22,437176	22,706385	23,756460	20,557709	20,537519	20,952991	21,537729	23,271139	20,500000	23,029999	340282346638528860000000000000000000000,000000	22,350000	20,189999	20,160000	20,020000	20,160000	20,180000	622,424011	0,000000	20,000000	100046,007812	19,799999
106,000000	19,716661	0,000000	0,000000	0,000000	0,000000	23,515894	23,900242	22,197716	22,332397	22,721556	23,786793	20,442822	20,537519	20,958057	21,542780	23,296415	20,500000	23,049999	340282346638528860000000000000000000000,000000	22,359999	20,180000	20,160000	20,020000	20,139999	20,250000	622,543030	0,000000	20,000000	100046,007812	19,900000
108,000000	19,731821	0,000000	0,000000	0,000000	0,000000	23,536121	23,925524	22,202766	22,357666	22,736708	23,807022	20,437775	20,537519	20,968153	21,552896	23,201744	20,510000	23,100000	340282346638528860000000000000000000000,000000	22,359999	20,189999	20,170000	20,029999	20,139999	20,629999	622,523010	0,000000	20,000000	100046,007812	19,900000
110,000000	19,721710	0,000000	0,000000	0,000000	0,000000	23,541193	23,930576	22,212885	22,512987	22,881931	23,697178	20,442822	20,537519	20,958057	21,512466	23,201744	20,510000	23,109999	340282346638528860000000000000000000000,000000	22,389999	20,189999	20,180000	20,039999	20,160000	21,080000	340282346638528860000000000000000000000,000000	0,000000	20,000000	100046,007812	20,000000
112,000000	19,721710	0,000000	0,000000	0,000000	0,000000	23,546244	23,815702	22,217936	22,528139	22,897102	23,722460	20,442822	20,527405	20,958057	21,517515	23,216919	20,520000	23,119999	340282346638528860000000000000000000000,000000	22,400000	20,199999	20,180000	20,059999	20,189999	21,379999	340282346638528860000000000000000000000,000000	0,000000	20,000000	100046,007812	20,000000
114,000000	19,726755	0,000000	0,000000	0,000000	0,000000	23,561420	23,825806	22,222984	22,548359	22,902153	23,727510	20,442822	20,527405	20,947943	21,517515	23,201744	20,510000	23,109999	340282346638528860000000000000000000000,000000	22,420000	20,199999	20,189999	20,059999	20,250000	21,629999	340282346638528860000000000000000000000,000000	0,000000	20,000000	100046,007812	20,000000
116,000000	19,731821	0,000000	0,000000	0,000000	0,000000	23,556349	23,861212	22,243225	22,443581	22,917307	23,742689	20,442822	20,527405	21,057798	21,372320	23,191643	20,529999	23,090000	340282346638528860000000000000000000000,000000	22,439999	20,209999	20,189999	20,059999	20,279999	21,859999	340282346638528860000000000000000000000,000000	0,000000	20,000000	100046,007812	20,000000
118,000000	19,711617	0,000000	0,000000	0,000000	0,000000	23,456646	23,861212	22,248274	22,458731	22,922358	23,882845	20,442822	20,527405	20,942896	21,532681	23,306519	20,529999	23,049999	340282346638528860000000000000000000000,000000	22,420000	20,209999	20,189999	20,070000	20,289999	22,020000	340282346638528860000000000000000000000,000000	0,000000	20,000000	100046,007812	20,100000
120,000000	19,701506	0,000000	0,000000	0,000000	0,000000	23,471804	24,006443	22,248274	22,478952	22,922358	23,898022	20,452919	20,522358	20,937847	21,537729	23,281263	20,529999	23,039999	34,480000	22,430000	20,209999	20,199999	20,070000	20,299999	22,150000	587,746033	0,000000	20,000000	100046,007812	20,100000
122,000000	19,806299	0,000000	0,000000	0,000000	0,000000	23,471804	24,001390	22,378325	22,494104	22,817579	23,903074	20,437775	20,507217	21,047684	21,537729	23,306519	20,539999	23,080000	34,489998	22,439999	20,219999	20,199999	20,070000	20,309999	22,279999	613,580017	0,000000	20,000000	100046,007812	20,100000
124,000000	19,806299	0,000000	0,000000	0,000000	0,000000	23,466751	24,006443	22,383373	22,639324	22,817579	23,898022	20,547615	20,507217	21,032539	21,537729	23,196693	20,529999	23,080000	34,489998	22,459999	20,219999	20,199999	20,070000	20,309999	22,279999	591,937012	0,000000	20,000000	100046,007812	20,100000
126,000000	19,796207	0,000000	0,000000	0,000000	0,000000	23,476873	24,021620	22,388443	22,649445	22,822632	23,903074	20,542568	20,502150	21,027491	21,532681	23,227022	20,539999	23,100000	34,500000	22,430000	20,219999	20,189999	20,070000	20,309999	21,879999	608,993042	0,000000	20,000000	100046,007812	20,200001
128,000000	19,796207	0,000000	0,000000	0,000000	0,000000	23,466751	24,021620	22,383373	22,664597	22,817579	23,908127	20,527405	20,507217	21,022423	21,512466	23,242195	20,539999	23,109999	25,439999	22,420000	20,219999	20,189999	20,070000	20,289999	21,590000	615,145020	0,000000	20,000000	100042,007812	20,200001
130,000000	19,765892	0,000000	0,000000	0,000000	0,000000	23,476873	24,016567	22,383373	22,679768	22,932478	23,898022	20,512264	20,362009	21,017376	21,372320	23,216919	20,539999	23,109999	25,449999	22,420000	20,219999	20,189999	20,070000	20,270000	21,369999	340282346638528860000000000000000000000,000000	0,000000	20,000000	100042,007812	20,200001
132,000000	19,605530	0,000000	0,000000	0,000000	0,000000	23,481926	24,026670	22,388443	22,564869	22,817579	23,892971	20,507217	20,346846	20,872164	21,342009	23,211866	20,539999	23,090000	25,430000	22,449999	20,219999	20,189999	20,070000	20,250000	21,199999	340282346638528860000000000000000000000,000000	0,000000	20,000000	100042,007812	20,200001
134,000000	19,590393	0,000000	0,000000	0,000000	0,000000	23,481926	24,016567	22,383373	22,574970	22,817579	23,898022	20,507217	20,351915	20,867115	21,362204	23,221972	20,539999	23,100000	25,449999	22,439999	20,219999	20,189999	20,059999	20,240000	21,059999	617,297058	0,000000	20,000000	100046,007812	20,200001
136,000000	19,610596	0,000000	0,000000	0,000000	0,000000	23,486977	24,021620	22,383373	22,580040	22,822632	23,908127	20,517311	20,346846	20,867115	21,357155	23,221972	20,539999	23,100000	25,449999	22,459999	20,209999	20,180000	20,059999	20,219999	20,930000	597,675049	0,000000	20,000000	100046,007812	20,299999
138,000000	19,615644	0,000000	0,000000	0,000000	0,000000	23,492048	24,016567	22,393496	22,600243	22,832752	23,913198	20,527405	20,372103	20,867115	21,316746	23,227022	20,529999	23,129999	25,289999	22,490000	20,209999	20,180000	20,049999	20,199999	20,830000	616,763000	0,000000	20,000000	100046,007812	20,299999
141,000000	19,776005	0,000000	0,000000	0,000000	0,000000	23,637276	24,036797	22,398544	22,615414	22,837803	23,908127	20,522358	20,522358	21,012327	21,372320	23,201744	20,529999	23,080000	25,320000	22,439999	20,209999	20,180000	20,039999	20,180000	20,709999	618,313049	0,000000	20,000000	100042,007812	20,299999
143,000000	19,776005	0,000000	0,000000	0,000000	0,000000	23,642328	24,051954	22,418764	22,620462	22,837803	23,923304	20,547615	20,532473	21,012327	21,357155	23,216919	20,529999	23,080000	25,309999	22,480000	20,219999	20,180000	20,039999	20,189999	20,660000	616,636047	0,000000	20,000000	100046,007812	20,299999
145,000000	19,791143	0,000000	0,000000	0,000000	0,000000	23,652433	24,062080	22,418764	22,760635	22,873180	23,813459	20,557709	20,537519	20,867115	21,421532	23,311590	20,529999	23,070000	25,289999	22,549999	20,219999	20,189999	20,039999	20,250000	20,670000	623,262024	0,000000	20,000000	100042,007812	20,299999
147,000000	19,791143	0,000000	0,000000	0,000000	0,000000	23,662556	24,062080	22,428885	22,760635	23,023455	23,923304	20,552662	20,542568	20,857019	21,416483	23,291365	20,539999	23,039999	25,299999	22,559999	20,219999	20,199999	20,059999	20,350000	20,709999	593,149048	0,000000	20,000000	100046,007812	20,400000
149,000000	19,791143	0,000000	0,000000	0,000000	0,000000	23,667608	23,942133	22,313984	22,780838	23,033575	23,913198	20,442822	20,542568	20,851973	21,321795	23,115810	20,539999	23,000000	25,320000	22,570000	20,230000	20,219999	20,070000	20,430000	20,719999	622,484009	0,000000	20,000000	100042,007812	20,400000
151,000000	19,791143	0,000000	0,000000	0,000000	0,000000	23,682785	23,947186	22,428885	22,780838	23,033575	23,918249	20,452919	20,537519	20,857019	21,326843	23,250916	20,539999	23,010000	25,309999	22,549999	20,230000	20,230000	20,080000	20,650000	20,719999	340282346638528860000000000000000000000,000000	0,000000	20,000000	100042,007812	20,400000
153,000000	19,786097	0,000000	0,000000	0,000000	0,000000	23,682785	23,957308	22,433935	22,801060	23,023455	23,918249	20,452919	20,537519	21,002232	21,342009	23,095587	20,539999	22,990000	25,320000	22,559999	20,240000	20,240000	20,080000	20,889999	20,730000	602,431030	0,000000	20,000000	100042,007812	20,400000
155,000000	19,796207	0,000000	0,000000	0,000000	0,000000	23,578011	23,977539	22,324104	22,806110	23,033575	23,928356	20,463032	20,542568	21,047684	21,517515	23,261036	20,539999	23,000000	25,320000	22,529999	20,240000	20,250000	20,090000	21,340000	20,709999	340282346638528860000000000000000000000,000000	0,000000	20,000000	100042,007812	20,400000
157,000000	19,806299	0,000000	0,000000	0,000000	0,000000	23,593187	23,997768	22,319035	22,691233	23,033575	23,933409	20,463032	20,557709	20,937847	21,532681	23,250916	20,539999	23,019999	25,330000	22,510000	20,250000	20,260000	20,100000	21,680000	20,680000	340282346638528860000000000000000000000,000000	0,000000	20,000000	100042,007812	20,400000
159,000000	19,811348	0,000000	0,000000	0,000000	0,000000	23,608343	23,997768	22,339256	22,701334	23,038626	23,818531	20,463032	20,442822	20,937847	21,522583	23,100658	20,539999	22,980000	25,340000	22,529999	20,250000	20,270000	20,109999	21,629999	20,639999	584,366028	0,000000	20,000000	100046,007812	20,400000
161,000000	19,806299	0,000000	0,000000	0,000000	0,000000	23,623520	24,132895	22,329153	22,711435	23,033575	23,813459	20,452919	20,447868	20,942896	21,537729	23,110760	20,539999	22,969999	25,369999	22,510000	20,250000	20,270000	20,109999	21,809999	20,609999	577,395020	0,000000	20,000000	100042,007812	20,400000
163,000000	19,801254	0,000000	0,000000	0,000000	0,000000	23,618465	24,143000	22,329153	22,721556	23,028505	23,828638	20,452919	20,442822	20,963106	21,542780	23,291365	20,539999	23,049999	25,369999	22,500000	20,260000	20,279999	20,109999	21,990000	20,580000	340282346638528860000000000000000000000,000000	0,000000	20,000000	100042,007812	20,400000
165,000000	19,811348	0,000000	0,000000	0,000000	0,000000	23,758644	24,137947	22,354425	22,726608	23,038626	23,833691	20,457966	20,457966	20,942896	21,517515	23,266088	20,539999	23,039999	25,350000	22,549999	20,260000	20,289999	20,119999	21,980000	20,559999	340282346638528860000000000000000000000,000000	0,000000	20,000000	100042,007812	20,400000
167,000000	19,696459	0,000000	0,000000	0,000000	0,000000	23,763695	24,143000	22,349375	22,736708	23,058832	23,838743	20,473125	20,452919	20,942896	21,512466	23,100658	20,549999	22,980000	25,340000	22,570000	20,260000	20,289999	20,119999	21,799999	20,559999	618,078003	0,000000	20,000000	100042,007812	20,400000
169,000000	19,711617	0,000000	0,000000	0,000000	0,000000	23,758644	24,143000	22,359474	22,746828	22,938902	23,848866	20,488270	20,452919	21,047684	21,336939	23,281263	20,549999	23,039999	25,359999	22,619999	20,260000	20,289999	20,119999	21,600000	20,559999	340282346638528860000000000000000000000,000000	0,000000	20,000000	100042,007812	20,400000
171,000000	19,721710	0,000000	0,000000	0,000000	0,000000	23,758644	24,137947	22,354425	22,881931	22,964178	23,853918	20,493336	20,452919	21,032539	21,321795	23,296415	20,549999	23,070000	25,359999	22,650000	20,260000	20,289999	20,119999	21,430000	20,619999	595,011047	0,000000	20,000000	100042,007812	20,500000
173,000000	19,741913	0,000000	0,000000	0,000000	0,000000	23,768747	24,143000	22,369596	22,892033	22,974279	23,869078	20,628429	20,447868	21,027491	21,416483	23,227022	20,549999	23,129999	25,369999	22,680000	20,260000	20,289999	20,119999	21,250000	20,639999	340282346638528860000000000000000000000,000000	0,000000	20,000000	100046,007812	20,500000
175,000000	19,741913	0,000000	0,000000	0,000000	0,000000	23,768747	24,158178	22,504696	22,902153	22,984381	23,874149	20,633476	20,457966	21,047684	21,331892	23,422802	20,549999	23,139999	25,379999	22,619999	20,260000	20,289999	20,119999	21,090000	20,680000	340282346638528860000000000000000000000,000000	0,000000	20,000000	100046,007812	20,500000
177,000000	19,731821	0,000000	0,000000	0,000000	0,000000	23,773798	24,168283	22,524918	22,912254	22,974279	23,874149	20,628429	20,483221	20,937847	21,502367	23,392473	20,559999	23,139999	25,400000	22,590000	20,260000	20,279999	20,119999	20,949999	20,680000	620,897034	0,000000	20,000000	100046,007812	20,500000
179,000000	19,716661	0,000000	0,000000	0,000000	0,000000	23,799099	24,178408	22,519865	22,927427	22,964178	23,874149	20,628429	20,488270	20,947943	21,517515	23,387402	20,559999	23,139999	25,420000	22,590000	20,260000	20,279999	20,119999	20,840000	20,699999	340282346638528860000000000000000000000,000000	0,000000	20,000000	100046,007812	20,500000
181,000000	19,711617	0,000000	0,000000	0,000000	0,000000	23,804152	24,178408	22,519865	22,927427	22,969229	23,869078	20,498383	20,483221	20,968153	21,517515	23,427853	20,559999	23,150000	25,420000	22,580000	20,260000	20,279999	20,119999	20,740000	20,689999	340282346638528860000000000000000000000,000000	0,000000	20,000000	100046,007812	20,500000
183,000000	19,711617	0,000000	0,000000	0,000000	0,000000	23,799099	24,178408	22,524918	22,817579	23,048731	23,848866	20,628429	20,478172	20,968153	21,537729	23,402575	20,570000	23,189999	25,439999	22,580000	20,270000	20,279999	20,119999	20,660000	20,709999	340282346638528860000000000000000000000,000000	0,000000	20,000000	100042,007812	20,500000
185,000000	19,706551	0,000000	0,000000	0,000000	0,000000	23,804152	24,068586	22,514814	22,817579	23,028505	23,838743	20,498383	20,498383	20,952991	21,527632	23,242195	20,570000	23,129999	25,410000	22,600000	20,270000	20,279999	20,119999	20,600000	20,730000	618,694031	0,000000	20,000000	100042,007812	20,600000
187,000000	19,706551	0,000000	0,000000	0,000000	0,000000	23,809206	24,083744	22,524918	22,822632	23,018404	23,833691	20,638525	20,643591	20,947943	21,557943	23,276192	20,570000	23,059999	25,410000	22,619999	20,270000	20,270000	20,119999	20,549999	20,740000	340282346638528860000000000000000000000,000000	0,000000	20,000000	100042,007812	20,600000
189,000000	19,701506	0,000000	0,000000	0,000000	0,000000	23,699381	24,073639	22,535036	22,832752	23,023455	23,833691	20,643591	20,643591	20,937847	21,547827	23,266088	20,570000	23,029999	25,410000	22,639999	20,270000	20,270000	20,119999	20,500000	20,740000	340282346638528860000000000000000000000,000000	0,000000	20,000000	100042,007812	20,600000
191,000000	19,701506	0,000000	0,000000	0,000000	0,000000	23,694328	24,088816	22,529987	22,842854	23,008301	23,838743	20,638525	20,638525	20,968153	21,473354	23,191643	20,570000	23,029999	25,420000	22,580000	20,270000	20,270000	20,119999	20,469999	20,730000	622,539001	0,000000	20,000000	100042,007812	20,700001
193,000000	19,691414	0,000000	0,000000	0,000000	0,000000	23,689257	24,098923	22,550205	22,852976	22,852976	23,838743	20,658733	20,633476	20,993414	21,638784	23,397524	20,580000	23,119999	25,439999	22,590000	20,270000	20,270000	20,109999	20,439999	20,740000	607,273010	0,000000	20,000000	100042,007812	20,700001
195,000000	19,696459	0,000000	0,000000	0,000000	0,000000	23,689257	24,103975	22,440357	22,863079	22,858028	23,843815	20,653687	20,498383	20,983299	21,453159	23,242195	20,580000	23,139999	25,430000	22,619999	20,270000	20,270000	20,109999	20,420000	20,760000	340282346638528860000000000000000000000,000000	0,000000	20,000000	100042,007812	20,700001
197,000000	19,691414	0,000000	0,000000	0,000000	0,000000	23,809206	24,093872	22,440357	22,863079	22,873180	23,848866	20,643591	20,483221	20,968153	21,547827	23,227022	20,580000	23,090000	25,439999	22,639999	20,260000	20,270000	20,109999	20,400000	20,779999	340282346638528860000000000000000000000,000000	0,000000	20,000000	100042,007812	20,700001
199,000000	19,706551	0,000000	0,000000	0,000000	0,000000	23,689257	24,088816	22,555258	22,868130	23,013353	23,858971	20,648640	20,488270	20,963106	21,552896	23,377300	20,580000	23,109999	25,420000	22,650000	20,270000	20,270000	20,109999	20,379999	20,779999	340282346638528860000000000000000000000,000000	0,000000	20,000000	100042,007812	20,700001
201,000000	19,711617	0,000000	0,000000	0,000000	0,000000	23,809206	24,083744	22,555258	23,008301	23,043676	23,858971	20,653687	20,493336	20,947943	21,448090	23,191643	20,590000	23,109999	25,430000	22,670000	20,270000	20,270000	20,109999	20,359999	20,799999	615,848022	0,000000	20,000000	100042,007812	20,700001
203,000000	19,706551	0,000000	0,000000	0,000000	0,000000	23,694328	24,088816	22,440357	23,008301	22,938902	23,864025	20,663782	20,498383	20,937847	21,443041	23,191643	20,590000	23,049999	25,430000	22,699999	20,270000	20,270000	20,109999	20,340000	20,799999	340282346638528860000000000000000000000,000000	0,000000	20,000000	100042,007812	20,700001
205,000000	19,701506	0,000000	0,000000	0,000000	0,000000	23,689257	24,083744	22,440357	23,013353	22,949003	23,853918	20,648640	20,628429	20,937847	21,448090	23,206795	20,590000	23,080000	25,439999	22,699999	20,270000	20,270000	20,119999	20,330000	20,799999	576,570007	0,000000	20,000000	100042,007812	20,700001
207,000000	19,711617	0,000000	0,000000	0,000000	0,000000	23,699381	24,083744	22,450478	23,028505	22,943953	23,869078	20,653687	20,498383	20,947943	21,557943	23,232073	20,590000	23,119999	25,459999	22,709999	20,270000	20,270000	20,119999	20,320000	20,809999	340282346638528860000000000000000000000,000000	0,000000	20,000000	100042,007812	20,700001
209,000000	19,706551	0,000000	0,000000	0,000000	0,000000	23,689257	24,073639	22,455528	23,028505	22,954056	23,869078	20,653687	20,498383	21,057798	21,542780	23,397524	20,590000	23,119999	25,439999	22,719999	20,270000	20,270000	20,119999	20,309999	20,799999	340282346638528860000000000000000000000,000000	0,000000	20,000000	100042,007812	20,700001
211,000000	19,716661	0,000000	0,000000	0,000000	0,000000	23,809206	24,083744	22,455528	23,033575	22,949003	23,869078	20,658733	20,498383	21,057798	21,542780	23,387402	20,600000	23,119999	25,439999	22,680000	20,260000	20,270000	20,119999	20,299999	20,809999	621,575012	0,000000	20,000000	100042,007812	20,700001
213,000000	19,711617	0,000000	0,000000	0,000000	0,000000	23,804152	24,083744	22,465649	23,038626	22,943953	24,004200	20,653687	20,483221	21,057798	21,453159	23,397524	20,600000	23,129999	25,439999	22,699999	20,270000	20,270000	20,119999	20,289999	20,809999	340282346638528860000000000000000000000,000000	0,000000	20,000000	100046,007812	20,700001
215,000000	19,711617	0,000000	0,000000	0,000000	0,000000	23,788977	24,083744	22,460577	23,043676	22,938902	24,004200	20,653687	20,473125	20,947943	21,458208	23,312958	20,600000	23,160000	25,439999	22,689999	20,270000	20,260000	20,119999	20,279999	20,820000	340282346638528860000000000000000000000,000000	0,000000	20,000000	100046,007812	20,799999
217,000000	19,711617	0,000000	0,000000	0,000000	0,000000	23,783924	24,088816	22,445427	23,053782	23,058832	24,009253	20,648640	20,463032	20,958057	21,453159	23,328133	20,600000	23,199999	25,449999	22,670000	20,270000	20,270000	20,119999	20,279999	20,820000	340282346638528860000000000000000000000,000000	0,000000	20,000000	100042,007812	20,799999
219,000000	19,726755	0,000000	0,000000	0,000000	0,000000	23,788977	24,098923	22,450478	23,053782	23,038626	24,004200	20,628429	20,442822	20,983299	21,478422	23,358461	20,600000	23,219999	25,459999	22,619999	20,270000	20,270000	20,119999	20,260000	20,820000	608,999023	0,000000	20,000000	100042,007812	20,799999
221,000000	19,711617	0,000000	0,000000	0,000000	0,000000	23,799099	24,093872	22,450478	22,938902	23,043676	23,869078	20,633476	20,452919	20,993414	21,448090	23,412680	20,600000	23,209999	25,459999	22,619999	20,270000	20,270000	20,119999	20,250000	20,830000	623,238037	0,000000	20,000000	100046,007812	20,799999
223,000000	19,711617	0,000000	0,000000	0,000000	0,000000	23,799099	24,093872	22,560308	22,938902	23,043676	24,009253	20,628429	20,442822	21,138628	21,463257	23,333183	20,600000	23,180000	25,449999	22,609999	20,279999	20,270000	20,119999	20,240000	20,830000	608,670044	0,000000	20,000000	100042,007812	20,799999
225,000000	19,711617	0,000000	0,000000	0,000000	0,000000	23,804152	24,109049	22,450478	22,938902	23,018404	24,014305	20,638525	20,468079	21,138628	21,488522	23,333183	20,600000	23,199999	25,459999	22,619999	20,270000	20,260000	20,119999	20,250000	20,820000	603,362000	0,000000	20,000000	100046,007812	20,799999
227,000000	19,716661	0,000000	0,000000	0,000000	0,000000	23,699381	24,119154	22,460577	22,943953	23,018404	24,024431	20,633476	20,478172	21,143675	21,498619	23,338234	20,609999	23,230000	25,439999	22,629999	20,270000	20,260000	20,129999	20,240000	20,830000	601,350037	0,000000	20,000000	100042,007812	20,799999
229,000000	19,721710	0,000000	0,000000	0,000000	0,000000	23,804152	24,109049	22,480799	22,949003	23,023455	24,024431	20,648640	20,488270	21,128510	21,638784	23,348358	20,609999	23,240000	25,459999	22,660000	20,279999	20,260000	20,129999	20,230000	20,820000	613,841003	0,000000	20,000000	100046,007812	20,799999
231,000000	19,726755	0,000000	0,000000	0,000000	0,000000	23,694328	24,114101	22,475750	22,954056	23,028505	24,034536	20,638525	20,473125	21,128510	21,628668	23,358461	20,609999	23,240000	25,469999	22,639999	20,279999	20,260000	20,129999	20,219999	20,830000	340282346638528860000000000000000000000,000000	0,000000	20,000000	100046,007812	20,799999
233,000000	19,716661	0,000000	0,000000	0,000000	0,000000	23,689257	24,114101	22,475750	22,969229	23,028505	24,034536	20,648640	20,463032	20,998463	21,628668	23,373615	20,609999	23,240000	25,459999	22,660000	20,279999	20,260000	20,129999	20,219999	20,830000	589,119019	0,000000	20,000000	100046,007812	20,799999
235,000000	19,716661	0,000000	0,000000	0,000000	0,000000	23,809206	24,109049	22,470699	22,964178	23,013353	24,044640	20,643591	20,447868	21,128510	21,643833	23,503689	20,609999	23,250000	25,449999	22,639999	20,279999	20,250000	20,129999	20,219999	20,859999	340282346638528860000000000000000000000,000000	0,000000	20,000000	100046,007812	20,799999
237,000000	19,706551	0,000000	0,000000	0,000000	0,000000	23,799099	24,109049	22,475750	22,969229	23,013353	24,044640	20,498383	20,557709	20,998463	21,498619	23,373615	20,609999	23,250000	25,459999	22,639999	20,279999	20,250000	20,129999	20,230000	20,850000	612,422058	0,000000	20,000000	100046,007812	20,799999
239,000000	19,696459	0,000000	0,000000	0,000000	0,000000	23,799099	24,124207	22,465649	22,974279	23,013353	24,029484	20,498383	20,557709	21,128510	21,478422	23,368565	20,609999	23,230000	25,469999	22,639999	20,279999	20,250000	20,129999	20,250000	20,820000	340282346638528860000000000000000000000,000000	0,000000	20,000000	100046,007812	20,799999
241,000000	19,806299	0,000000	0,000000	0,000000	0,000000	23,799099	24,109049	22,460577	22,979330	23,018404	24,024431	20,498383	20,447868	20,978251	21,463257	23,427853	20,619999	23,240000	25,439999	22,650000	20,279999	20,250000	20,129999	20,260000	20,799999	340282346638528860000000000000000000000,000000	0,000000	20,000000	100046,007812	20,799999
243,000000	19,786097	0,000000	0,000000	0,000000	0,000000	23,809206	24,109049	22,460577	22,979330	23,018404	24,019360	20,488270	20,442822	20,973204	21,473354	23,417751	20,619999	23,160000	25,439999	22,650000	20,279999	20,250000	20,129999	20,270000	20,779999	621,158020	0,000000	20,000000	100046,007812	20,799999
245,000000	19,796207	0,000000	0,000000	0,000000	0,000000	23,804152	24,109049	22,460577	22,979330	23,013353	24,009253	20,493336	20,442822	20,993414	21,488522	23,343287	20,619999	23,180000	25,469999	22,629999	20,279999	20,250000	20,129999	20,279999	20,760000	593,362000	0,000000	20,000000	100042,007812	20,799999
247,000000	19,806299	0,000000	0,000000	0,000000	0,000000	23,689257	24,098923	22,470699	22,984381	23,008301	23,874149	20,488270	20,547615	21,138628	21,628668	23,348358	20,619999	23,189999	25,480000	22,600000	20,279999	20,250000	20,129999	20,289999	20,730000	601,401001	0,000000	20,000000	100046,007812	20,900000
249,000000	19,696459	0,000000	0,000000	0,000000	0,000000	23,699381	24,103975	22,470699	22,989433	23,003231	23,874149	20,498383	20,442822	21,143675	21,659000	23,368565	20,619999	23,209999	25,490000	22,609999	20,279999	20,250000	20,129999	20,289999	20,730000	616,089050	0,000000	20,000000	100046,007812	20,900000
251,000000	19,811348	0,000000	0,000000	0,000000	0,000000	23,704432	24,098923	22,485868	22,989433	23,013353	24,014305	20,628429	20,437775	21,133560	21,659000	23,333183	20,619999	23,230000	25,490000	22,629999	20,279999	20,250000	20,129999	20,279999	20,730000	610,791016	0,000000	20,000000	100046,007812	20,900000
253,000000	19,691414	0,000000	0,000000	0,000000	0,000000	23,689257	24,088816	22,490919	22,999556	23,008301	24,009253	20,633476	20,437775	20,993414	21,493570	23,412680	20,629999	23,160000	25,459999	22,680000	20,279999	20,250000	20,129999	20,270000	20,740000	603,562012	0,000000	20,000000	100046,007812	20,900000
255,000000	19,691414	0,000000	0,000000	0,000000	0,000000	23,699381	24,088816	22,485868	22,994503	23,023455	24,004200	20,498383	20,437775	20,983299	21,458208	23,232073	20,629999	23,119999	25,449999	22,680000	20,279999	20,250000	20,129999	20,279999	20,740000	340282346638528860000000000000000000000,000000	0,000000	20,000000	100046,007812	21,000000
257,000000	19,801254	0,000000	0,000000	0,000000	0,000000	23,809206	24,088816	22,480799	22,999556	23,043676	23,874149	20,633476	20,442822	20,952991	21,448090	23,301468	20,629999	23,049999	25,420000	22,719999	20,279999	20,250000	20,129999	20,279999	20,750000	340282346638528860000000000000000000000,000000	0,000000	20,000000	100046,007812	21,000000
259,000000	19,791143	0,000000	0,000000	0,000000	0,000000	23,699381	24,083744	22,480799	22,999556	23,058832	23,874149	20,643591	20,447868	20,942896	21,463257	23,311590	20,629999	23,049999	25,379999	22,730000	20,279999	20,260000	20,139999	20,279999	20,740000	340282346638528860000000000000000000000,000000	0,000000	20,000000	100046,007812	21,000000
261,000000	19,776005	0,000000	0,000000	0,000000	0,000000	23,699381	24,183460	22,490919	23,129606	22,943953	23,874149	20,643591	20,468079	21,047684	21,437992	23,201744	20,629999	23,090000	25,379999	22,750000	20,289999	20,260000	20,139999	20,299999	20,699999	340282346638528860000000000000000000000,000000	0,000000	20,000000	100046,007812	21,000000
263,000000	19,770937	0,000000	0,000000	0,000000	0,000000	23,689257	24,073639	22,495972	23,139708	22,959106	23,869078	20,628429	20,463032	21,042635	21,532681	23,306519	20,629999	23,090000	25,389999	22,719999	20,289999	20,270000	20,150000	20,299999	20,680000	607,709045	0,000000	20,000000	100042,007812	21,000000
265,000000	19,765892	0,000000	0,000000	0,000000	0,000000	23,689257	24,183460	22,480799	23,134657	22,949003	23,864025	20,498383	20,457966	21,042635	21,372320	23,296415	20,629999	23,039999	25,389999	22,730000	20,289999	20,270000	20,150000	20,330000	20,670000	595,229004	0,000000	20,000000	100042,007812	21,000000
267,000000	19,781052	0,000000	0,000000	0,000000	0,000000	23,699381	24,068586	22,485868	23,139708	22,949003	23,864025	20,488270	20,457966	21,047684	21,342009	23,306519	20,629999	23,090000	25,400000	22,730000	20,299999	20,279999	20,160000	20,400000	20,670000	613,504028	0,000000	20,000000	100042,007812	21,000000
269,000000	19,786097	0,000000	0,000000	0,000000	0,000000	23,719610	24,078691	22,480799	23,144779	22,938902	23,874149	20,498383	20,473125	21,047684	21,342009	23,271139	20,629999	23,049999	25,410000	22,699999	20,299999	20,279999	20,160000	20,469999	20,670000	340282346638528860000000000000000000000,000000	0,000000	20,000000	100046,007812	21,100000
271,000000	19,786097	0,000000	0,000000	0,000000	0,000000	23,714556	24,093872	22,475750	23,139708	22,943953	24,009253	20,498383	20,478172	20,937847	21,357155	23,306519	20,629999	23,059999	25,420000	22,689999	20,299999	20,289999	20,160000	20,500000	20,660000	340282346638528860000000000000000000000,000000	0,000000	20,000000	100046,007812	21,100000
273,000000	19,791143	0,000000	0,000000	0,000000	0,000000	23,724661	24,098923	22,480799	23,139708	23,058832	24,014305	20,643591	20,463032	20,958057	21,507416	23,247248	20,629999	23,090000	25,439999	22,680000	20,299999	20,299999	20,170000	20,469999	20,650000	340282346638528860000000000000000000000,000000	0,000000	20,000000	100046,007812	21,100000
275,000000	19,791143	0,000000	0,000000	0,000000	0,000000	23,709484	24,109049	22,475750	23,149830	23,048731	24,024431	20,633476	20,447868	21,128510	21,527632	23,432905	20,639999	23,180000	25,449999	22,660000	20,309999	20,299999	20,170000	20,459999	20,639999	340282346638528860000000000000000000000,000000	0,000000	20,000000	100042,007812	21,100000
277,000000	19,801254	0,000000	0,000000	0,000000	0,000000	23,704432	24,109049	22,480799	23,149830	22,938902	24,024431	20,638525	20,447868	20,998463	21,542780	23,333183	20,639999	23,199999	25,449999	22,680000	20,309999	20,309999	20,170000	20,459999	20,650000	612,835022	0,000000	20,000000	100042,007812	21,100000
279,000000	19,796207	0,000000	0,000000	0,000000	0,000000	23,704432	24,119154	22,490919	23,149830	23,053782	24,014305	20,638525	20,457966	21,153770	21,448090	23,318010	20,639999	23,230000	25,439999	22,629999	20,309999	20,309999	20,180000	20,469999	20,660000	340282346638528860000000000000000000000,000000	0,000000	20,000000	100042,007812	21,100000
281,000000	19,786097	0,000000	0,000000	0,000000	0,000000	23,724661	24,254280	22,470699	23,154882	23,033575	24,004200	20,643591	20,468079	21,168936	21,493570	23,397524	20,639999	23,180000	25,430000	22,609999	20,309999	20,309999	20,180000	20,459999	20,670000	622,385010	0,000000	20,000000	100042,007812	21,100000
283,000000	19,791143	0,000000	0,000000	0,000000	0,000000	23,724661	24,254280	22,485868	23,159933	23,038626	24,009253	20,638525	20,452919	21,163887	21,488522	23,247248	20,639999	23,139999	25,439999	22,629999	20,309999	20,309999	20,180000	20,459999	20,770000	340282346638528860000000000000000000000,000000	0,000000	20,000000	100046,007812	21,100000
285,000000	19,781052	0,000000	0,000000	0,000000	0,000000	23,719610	24,254280	22,485868	23,164984	23,028505	24,014305	20,648640	20,447868	21,153770	21,468306	23,407629	20,639999	23,119999	25,449999	22,670000	20,309999	20,309999	20,180000	20,459999	20,789999	340282346638528860000000000000000000000,000000	0,000000	20,000000	100042,007812	21,100000
287,000000	19,770937	0,000000	0,000000	0,000000	0,000000	23,739838	24,114101	22,480799	23,170053	23,033575	24,019360	20,638525	20,557709	21,138628	21,453159	23,432905	20,629999	23,170000	25,459999	22,660000	20,309999	20,309999	20,180000	20,439999	20,730000	340282346638528860000000000000000000000,000000	0,000000	20,000000	100042,007812	21,100000
289,000000	19,781052	0,000000	0,000000	0,000000	0,000000	23,719610	24,269438	22,480799	23,164984	23,043676	24,024431	20,628429	20,437775	21,143675	21,443041	23,312958	20,629999	23,199999	25,480000	22,629999	20,309999	20,309999	20,180000	20,410000	20,689999	620,297058	0,000000	20,000000	100046,007812	21,100000
291,000000	19,781052	0,000000	0,000000	0,000000	0,000000	23,724661	24,259333	22,485868	23,180159	23,033575	24,019360	20,628429	20,447868	21,163887	21,493570	23,312958	20,629999	23,189999	25,480000	22,609999	20,299999	20,299999	20,170000	20,379999	20,629999	591,640015	0,000000	20,000000	100042,007812	21,100000
293,000000	19,781052	0,000000	0,000000	0,000000	0,000000	23,719610	24,259333	22,495972	23,170053	23,028505	24,024431	20,628429	20,557709	21,163887	21,653933	23,323080	20,629999	23,199999	25,469999	22,650000	20,299999	20,299999	20,160000	20,359999	20,600000	602,665039	0,000000	20,000000	100042,007812	21,200001
295,000000	19,786097	0,000000	0,000000	0,000000	0,000000	23,719610	24,124207	22,495972	23,180159	23,033575	24,034536	20,638525	20,557709	21,148724	21,498619	23,348358	20,619999	23,209999	25,449999	22,670000	20,289999	20,299999	20,160000	20,340000	20,549999	340282346638528860000000000000000000000,000000	0,000000	20,000000	100042,007812	21,200001
297,000000	19,791143	0,000000	0,000000	0,000000	0,000000	23,714556	24,119154	22,631092	23,180159	23,028505	24,024431	20,633476	20,437775	21,143675	21,488522	23,318010	20,619999	23,189999	25,449999	22,670000	20,289999	20,289999	20,150000	20,330000	20,520000	594,822021	0,000000	20,000000	100042,007812	21,200001
299,000000	19,786097	0,000000	0,000000	0,000000	0,000000	23,709484	24,109049	22,495972	23,180159	23,038626	24,019360	20,643591	20,437775	20,998463	21,488522	23,382351	20,619999	23,170000	25,449999	22,699999	20,289999	20,289999	20,139999	20,320000	20,529999	340282346638528860000000000000000000000,000000	0,000000	20,000000	100042,007812	21,200001
301,000000	19,776005	0,000000	0,000000	0,000000	0,000000	23,714556	24,109049	22,626041	23,185209	23,048731	24,034536	20,653687	20,473125	20,998463	21,468306	23,221972	20,619999	23,090000	25,439999	22,709999	20,279999	20,289999	20,139999	20,299999	20,529999	340282346638528860000000000000000000000,000000	0,000000	20,000000	100042,007812	21,200001
303,000000	19,770937	0,000000	0,000000	0,000000	0,000000	23,729733	24,119154	22,626041	23,065260	22,943953	24,024431	20,638525	20,493336	20,988367	21,453159	23,237123	20,619999	23,080000	25,449999	22,699999	20,279999	20,279999	20,129999	20,279999	20,520000	340282346638528860000000000000000000000,000000	0,000000	20,000000	100042,007812	21,200001
305,000000	19,770937	0,000000	0,000000	0,000000	0,000000	23,739838	24,254280	22,626041	23,065260	22,938902	24,024431	20,643591	20,648640	21,128510	21,468306	23,211866	20,619999	23,109999	25,459999	22,680000	20,270000	20,279999	20,129999	20,270000	20,490000	584,300049	0,000000	20,000000	100042,007812	21,200001
307,000000	19,765892	0,000000	0,000000	0,000000	0,000000	23,734785	24,264385	22,631092	23,070311	22,943953	24,029484	20,628429	20,633476	21,138628	21,443041	23,206795	20,619999	23,070000	25,469999	22,670000	20,270000	20,279999	20,119999	20,250000	20,459999	616,374023	0,000000	20,000000	100042,007812	21,200001
309,000000	19,765892	0,000000	0,000000	0,000000	0,000000	23,734785	24,269438	22,631092	23,070311	22,938902	24,009253	20,628429	20,478172	21,138628	21,453159	23,216919	20,609999	23,070000	25,469999	22,660000	20,270000	20,270000	20,119999	20,230000	20,449999	340282346638528860000000000000000000000,000000	0,000000	20,000000	100042,007812	21,200001
311,000000	19,765892	0,000000	0,000000	0,000000	0,000000	23,734785	24,259333	22,626041	23,075380	22,943953	24,004200	20,498383	20,463032	21,133560	21,448090	23,201744	20,609999	23,090000	25,449999	22,680000	20,270000	20,270000	20,119999	20,219999	20,410000	340282346638528860000000000000000000000,000000	0,000000	20,000000	100042,007812	21,200001
313,000000	19,755800	0,000000	0,000000	0,000000	0,000000	23,719610	24,114101	22,495972	23,075380	22,938902	24,009253	20,498383	20,463032	20,998463	21,547827	23,191643	20,609999	23,059999	25,430000	22,689999	20,260000	20,270000	20,109999	20,209999	20,389999	340282346638528860000000000000000000000,000000	0,000000	20,000000	100042,007812	21,200001
315,000000	19,620689	0,000000	0,000000	0,000000	0,000000	23,724661	24,103975	22,495972	23,080433	22,954056	24,019360	20,498383	20,452919	20,983299	21,537729	23,301468	20,609999	23,059999	25,420000	22,719999	20,260000	20,270000	20,109999	20,209999	20,369999	340282346638528860000000000000000000000,000000	0,000000	20,000000	100042,007812	21,200001
317,000000	19,620689	0,000000	0,000000	0,000000	0,000000	23,729733	24,103975	22,490919	23,080433	22,943953	24,014305	20,628429	20,457966	20,963106	21,532681	23,296415	20,609999	23,049999	25,430000	22,709999	20,250000	20,270000	20,100000	20,219999	20,350000	340282346638528860000000000000000000000,000000	0,000000	20,000000	100042,007812	21,200001
319,000000	19,620689	0,000000	0,000000	0,000000	0,000000	23,724661	24,109049	22,495972	23,080433	23,053782	24,019360	20,493336	20,442822	20,973204	21,527632	23,221972	20,609999	23,080000	25,449999	22,680000	20,250000	20,270000	20,100000	20,209999	20,330000	340282346638528860000000000000000000000,000000	0,000000	20,000000	100042,007812	21,200001
321,000000	19,750734	0,000000	0,000000	0,000000	0,000000	23,734785	24,114101	22,490919	23,085485	23,043676	24,014305	20,488270	20,447868	21,128510	21,448090	23,417751	20,609999	23,139999	25,459999	22,639999	20,250000	20,260000	20,100000	20,180000	20,309999	613,032043	0,000000	20,000000	100042,007812	21,200001
323,000000	19,765892	0,000000	0,000000	0,000000	0,000000	23,734785	24,124207	22,631092	23,085485	23,033575	24,019360	20,488270	20,447868	21,173985	21,468306	23,353411	20,600000	23,209999	25,480000	22,609999	20,240000	20,260000	20,090000	20,150000	20,289999	608,772034	0,000000	20,000000	100042,007812	21,200001
325,000000	19,791143	0,000000	0,000000	0,000000	0,000000	23,734785	24,254280	22,641191	23,095587	23,053782	24,024431	20,493336	20,468079	21,163887	21,463257	23,328133	20,600000	23,230000	25,480000	22,650000	20,240000	20,260000	20,090000	20,129999	20,279999	613,968018	0,000000	20,000000	100042,007812	21,200001
327,000000	19,811348	0,000000	0,000000	0,000000	0,000000	23,744888	24,269438	22,646261	23,090536	23,058832	24,024431	20,628429	20,473125	21,184080	21,468306	23,422802	20,600000	23,170000	25,490000	22,650000	20,240000	20,250000	20,090000	20,119999	20,250000	340282346638528860000000000000000000000,000000	0,000000	20,000000	100042,007812	21,200001
329,000000	19,706551	0,000000	0,000000	0,000000	0,000000	23,885067	24,284616	22,651314	23,100658	22,949003	24,049694	20,638525	20,493336	21,069195	21,468306	23,503689	20,600000	23,219999	25,519999	22,650000	20,240000	20,250000	20,090000	20,100000	20,219999	340282346638528860000000000000000000000,000000	0,000000	20,000000	100042,007812	21,200001
331,000000	19,706551	0,000000	0,000000	0,000000	0,000000	23,885067	24,299795	22,641191	23,100658	22,949003	24,049694	20,633476	20,488270	21,094458	21,468306	23,528965	20,600000	23,299999	25,529999	22,639999	20,230000	20,240000	20,080000	20,100000	20,240000	340282346638528860000000000000000000000,000000	0,000000	20,000000	100042,007812	21,200001
333,000000	19,716661	0,000000	0,000000	0,000000	0,000000	23,890120	24,299795	22,651314	23,105709	22,938902	23,939871	20,633476	20,628429	21,114651	21,493570	23,559296	20,600000	23,299999	25,539999	22,619999	20,240000	20,240000	20,080000	20,090000	20,219999	340282346638528860000000000000000000000,000000	0,000000	20,000000	100042,007812	21,200001
335,000000	19,731821	0,000000	0,000000	0,000000	0,000000	23,890120	24,309900	22,656364	23,115810	22,938902	23,955050	20,633476	20,498383	21,119699	21,648884	23,444401	20,600000	23,320000	25,529999	22,629999	20,230000	20,240000	20,080000	20,100000	20,199999	340282346638528860000000000000000000000,000000	0,000000	20,000000	100042,007812	21,200001
337,000000	19,731821	0,000000	0,000000	0,000000	0,000000	23,895191	24,309900	22,646261	23,120865	23,053782	23,965155	20,643591	20,483221	21,114651	21,483471	23,640186	20,600000	23,400000	25,529999	22,650000	20,230000	20,240000	20,080000	20,090000	20,199999	340282346638528860000000000000000000000,000000	0,000000	20,000000	100042,007812	21,200001
339,000000	19,721710	0,000000	0,000000	0,000000	0,000000	23,885067	24,309900	22,661413	23,250916	22,943953	23,975258	20,653687	20,478172	21,094458	21,458208	23,625010	20,590000	23,389999	25,529999	22,680000	20,230000	20,240000	20,080000	20,090000	20,199999	340282346638528860000000000000000000000,000000	0,000000	20,000000	100042,007812	21,200001
341,000000	19,716661	0,000000	0,000000	0,000000	0,000000	23,890120	24,304848	22,661413	23,250916	23,058832	23,965155	20,643591	20,483221	21,099504	21,478422	23,645239	20,590000	23,389999	25,539999	22,639999	20,219999	20,230000	20,070000	20,080000	20,189999	617,250000	0,000000	20,000000	100042,007812	21,200001
343,000000	19,706551	0,000000	0,000000	0,000000	0,000000	23,749964	24,304848	22,671534	23,255985	23,043676	23,965155	20,638525	20,473125	21,109600	21,483471	23,635115	20,590000	23,430000	25,519999	22,629999	20,219999	20,230000	20,070000	20,080000	20,160000	595,946045	0,000000	20,000000	100042,007812	21,200001
345,000000	19,701506	0,000000	0,000000	0,000000	0,000000	23,895191	24,304848	22,671534	23,255985	23,043676	23,955050	20,638525	20,457966	21,119699	21,633736	23,469679	20,590000	23,379999	25,529999	22,629999	20,219999	20,230000	20,070000	20,090000	20,150000	594,204041	0,000000	20,000000	100042,007812	21,200001
347,000000	19,691414	0,000000	0,000000	0,000000	0,000000	23,895191	24,189974	22,676584	23,255985	23,033575	23,955050	20,638525	20,447868	21,264912	21,669098	23,479784	20,590000	23,350000	25,519999	22,629999	20,219999	20,219999	20,070000	20,080000	20,129999	340282346638528860000000000000000000000,000000	0,000000	20,000000	100042,007812	21,200001
349,000000	19,701506	0,000000	0,000000	0,000000	0,000000	23,885067	24,195026	22,656364	23,261036	23,033575	23,949976	20,633476	20,442822	21,290173	21,564314	23,454504	20,590000	23,350000	25,559999	22,609999	20,219999	20,219999	20,070000	20,070000	20,109999	340282346638528860000000000000000000000,000000	0,000000	20,000000	100042,007812	21,200001
351,000000	19,711617	0,000000	0,000000	0,000000	0,000000	23,905296	24,200079	22,656364	23,266088	23,023455	23,949976	20,638525	20,442822	21,300268	21,569363	23,459576	20,590000	23,330000	25,590000	22,600000	20,219999	20,219999	20,070000	20,070000	20,100000	615,108032	0,000000	20,000000	100042,007812	21,200001
353,000000	19,711617	0,000000	0,000000	0,000000	0,000000	23,890120	24,189974	22,671534	23,276192	23,033575	23,955050	20,633476	20,437775	21,300268	21,679197	23,454504	20,590000	23,350000	25,599998	22,619999	20,219999	20,219999	20,059999	20,070000	20,080000	617,100037	0,000000	20,000000	100042,007812	21,299999
355,000000	19,706551	0,000000	0,000000	0,000000	0,000000	23,890120	24,189974	22,681635	23,271139	23,028505	23,949976	20,648640	20,552662	21,305338	21,569363	23,554226	20,590000	23,330000	25,590000	22,619999	20,219999	20,209999	20,059999	20,070000	20,059999	620,044006	0,000000	20,000000	100042,007812	21,299999
357,000000	19,701506	0,000000	0,000000	0,000000	0,000000	23,890120	24,189974	22,681635	23,271139	23,033575	23,955050	20,643591	20,557709	21,290173	21,564314	23,373615	20,590000	23,269999	25,559999	22,629999	20,209999	20,209999	20,059999	20,059999	20,039999	340282346638528860000000000000000000000,000000	0,000000	20,000000	100042,007812	21,299999
359,000000	19,801254	0,000000	0,000000	0,000000	0,000000	23,895191	24,189974	22,666483	23,271139	23,053782	23,965155	20,638525	20,557709	21,264912	21,653933	23,539070	20,590000	23,269999	25,549999	22,650000	20,209999	20,209999	20,059999	20,059999	20,029999	340282346638528860000000000000000000000,000000	0,000000	20,000000	100042,007812	21,299999
361,000000	19,786097	0,000000	0,000000	0,000000	0,000000	23,885067	24,195026	22,671534	23,271139	23,043676	23,965155	20,643591	20,447868	21,280077	21,684246	23,469679	20,590000	23,330000	25,559999	22,629999	20,209999	20,209999	20,059999	20,049999	20,020000	610,676025	0,000000	20,000000	100042,007812	21,299999
363,000000	19,806299	0,000000	0,000000	0,000000	0,000000	23,885067	24,195026	22,676584	23,271139	23,048731	23,960102	20,633476	20,442822	21,290173	21,569363	23,630062	20,580000	23,400000	25,570000	22,619999	20,209999	20,199999	20,049999	20,029999	20,020000	340282346638528860000000000000000000000,000000	0,000000	20,000000	100042,007812	21,299999
365,000000	19,696459	0,000000	0,000000	0,000000	0,000000	23,895191	24,195026	22,681635	23,271139	23,058832	23,965155	20,633476	20,452919	21,310387	21,574411	23,660393	20,580000	23,400000	25,580000	22,639999	20,209999	20,199999	20,049999	20,010000	20,020000	614,813049	0,000000	20,000000	100042,007812	21,299999
367,000000	19,711617	0,000000	0,000000	0,000000	0,000000	23,900242	24,195026	22,566755	23,281263	23,053782	23,965155	20,633476	20,457966	21,190435	21,584509	23,640186	20,580000	23,389999	25,559999	22,639999	20,209999	20,199999	20,049999	20,000000	20,010000	614,773010	0,000000	20,000000	100042,007812	21,299999
369,000000	19,706551	0,000000	0,000000	0,000000	0,000000	23,890120	24,215258	22,571806	23,281263	22,938902	23,975258	20,633476	20,457966	21,310387	21,569363	23,640186	20,580000	23,389999	25,559999	22,650000	20,199999	20,189999	20,049999	19,990000	20,000000	610,847046	0,000000	20,000000	100042,007812	21,299999
371,000000	19,711617	0,000000	0,000000	0,000000	0,000000	23,905296	24,215258	22,566755	23,286314	22,969229	23,970205	20,638525	20,447868	21,310387	21,684246	23,640186	20,580000	23,379999	25,570000	22,660000	20,199999	20,189999	20,049999	19,980000	20,000000	618,302002	0,000000	20,000000	100042,007812	21,299999
373,000000	19,716661	0,000000	0,000000	0,000000	0,000000	23,905296	24,230436	22,571806	23,286314	22,979330	23,975258	20,638525	20,442822	21,190435	21,579460	23,660393	20,580000	23,379999	25,549999	22,660000	20,199999	20,189999	20,039999	19,980000	20,010000	340282346638528860000000000000000000000,000000	0,000000	20,000000	100042,007812	21,400000
375,000000	19,726755	0,000000	0,000000	0,000000	0,000000	23,890120	24,225384	22,576857	23,296415	22,969229	23,975258	20,638525	20,457966	21,195482	21,589579	23,650290	20,580000	23,400000	25,570000	22,639999	20,199999	20,189999	20,039999	19,969999	20,010000	577,200012	0,000000	20,000000	100042,007812	21,400000
377,000000	19,731821	0,000000	0,000000	0,000000	0,000000	23,915421	24,220312	22,586977	23,296415	22,954056	23,980330	20,633476	20,463032	21,190435	21,594627	23,640186	20,580000	23,389999	25,590000	22,650000	20,199999	20,189999	20,039999	19,969999	20,010000	592,001038	0,000000	20,000000	100042,007812	21,400000
379,000000	19,726755	0,000000	0,000000	0,000000	0,000000	23,925524	24,225384	22,576857	23,301468	22,954056	23,975258	20,638525	20,463032	21,190435	21,589579	23,464626	20,580000	23,379999	25,570000	22,629999	20,199999	20,180000	20,039999	19,959999	20,000000	340282346638528860000000000000000000000,000000	0,000000	20,000000	100042,007812	21,400000
381,000000	19,716661	0,000000	0,000000	0,000000	0,000000	23,935650	24,230436	22,566755	23,306519	22,943953	23,955050	20,638525	20,468079	21,210648	21,589579	23,503689	20,570000	23,279999	25,580000	22,619999	20,199999	20,180000	20,039999	19,959999	20,000000	617,871033	0,000000	20,000000	100042,007812	21,400000
383,000000	19,701506	0,000000	0,000000	0,000000	0,000000	23,935650	24,220312	22,566755	23,301468	22,943953	23,955050	20,633476	20,442822	21,215696	21,579460	23,539070	20,570000	23,260000	25,590000	22,609999	20,199999	20,170000	20,039999	19,959999	19,980000	340282346638528860000000000000000000000,000000	0,000000	20,000000	100042,007812	21,400000
385,000000	19,696459	0,000000	0,000000	0,000000	0,000000	23,935650	24,230436	22,681635	23,311590	22,949003	23,955050	20,633476	20,437775	21,230862	21,584509	23,559296	20,570000	23,320000	25,609999	22,609999	20,189999	20,170000	20,039999	19,949999	19,980000	340282346638528860000000000000000000000,000000	0,000000	20,000000	100042,007812	21,400000
387,000000	19,811348	0,000000	0,000000	0,000000	0,000000	23,935650	24,220312	22,571806	23,306519	22,954056	23,970205	20,638525	20,437775	21,215696	21,684246	23,559296	20,570000	23,309999	25,580000	22,650000	20,189999	20,170000	20,039999	19,949999	19,980000	340282346638528860000000000000000000000,000000	0,000000	20,000000	100042,007812	21,400000
389,000000	19,696459	0,000000	0,000000	0,000000	0,000000	23,930576	24,225384	22,686707	23,306519	22,959106	23,970205	20,633476	20,437775	21,200531	21,569363	23,439348	20,559999	23,320000	25,590000	22,650000	20,189999	20,170000	20,029999	19,949999	19,969999	622,968018	0,000000	20,000000	100042,007812	21,400000
391,000000	19,691414	0,000000	0,000000	0,000000	0,000000	23,925524	24,215258	22,686707	23,191643	22,943953	23,970205	20,638525	20,547615	21,195482	21,564314	23,454504	20,559999	23,289999	25,570000	22,660000	20,189999	20,160000	20,029999	19,949999	19,959999	607,758057	0,000000	20,000000	100042,007812	21,400000
393,000000	19,811348	0,000000	0,000000	0,000000	0,000000	23,915421	24,210205	22,566755	23,311590	22,959106	23,985382	20,653687	20,547615	21,310387	21,564314	23,454504	20,559999	23,299999	25,539999	22,680000	20,180000	20,150000	20,029999	19,939999	19,949999	340282346638528860000000000000000000000,000000	0,000000	20,000000	100042,007812	21,400000
395,000000	19,691414	0,000000	0,000000	0,000000	0,000000	23,910349	24,195026	22,576857	23,191643	22,964178	23,985382	20,648640	20,547615	21,305338	21,684246	23,449453	20,559999	23,309999	25,549999	22,680000	20,180000	20,150000	20,029999	19,930000	19,939999	340282346638528860000000000000000000000,000000	0,000000	20,000000	100042,007812	21,400000
397,000000	19,706551	0,000000	0,000000	0,000000	0,000000	23,910349	24,195026	22,581926	23,191643	22,969229	23,985382	20,643591	20,552662	21,305338	21,684246	23,474731	20,559999	23,359999	25,570000	22,660000	20,180000	20,150000	20,020000	19,920000	19,930000	620,311035	0,000000	20,000000	100038,000000	21,400000
399,000000	19,696459	0,000000	0,000000	0,000000	0,000000	23,910349	24,205132	22,581926	23,201744	22,979330	23,975258	20,643591	20,547615	21,290173	21,659000	23,484835	20,559999	23,340000	25,549999	22,680000	20,180000	20,150000	20,020000	19,900000	19,920000	621,005005	0,000000	20,000000	100038,000000	21,400000
401,000000	19,801254	0,000000	0,000000	0,000000	0,000000	23,900242	24,210205	22,581926	23,196693	22,984381	23,975258	20,648640	20,532473	21,275028	21,648884	23,630062	20,559999	23,369999	25,559999	22,689999	20,180000	20,139999	20,020000	19,889999	19,920000	340282346638528860000000000000000000000,000000	0,000000	20,000000	100038,000000	21,400000
403,000000	19,786097	0,000000	0,000000	0,000000	0,000000	23,905296	24,200079	22,581926	23,196693	22,979330	23,990437	20,633476	20,537519	21,259863	21,638784	23,459576	20,559999	23,359999	25,549999	22,699999	20,180000	20,139999	20,020000	19,879999	19,910000	340282346638528860000000000000000000000,000000	0,000000	20,000000	100038,000000	21,400000
405,000000	19,776005	0,000000	0,000000	0,000000	0,000000	23,900242	24,195026	22,571806	23,201744	22,979330	23,985382	20,628429	20,527405	21,104553	21,643833	23,549173	20,549999	23,299999	25,519999	22,699999	20,170000	20,139999	20,010000	19,869999	19,910000	602,198059	0,000000	20,000000	100038,000000	21,400000
407,000000	19,765892	0,000000	0,000000	0,000000	0,000000	23,900242	24,309900	22,571806	23,201744	22,974279	23,985382	20,483221	20,532473	21,104553	21,643833	23,518843	20,559999	23,260000	25,529999	22,680000	20,170000	20,139999	20,010000	19,879999	19,910000	593,538025	0,000000	20,000000	100038,000000	21,400000
409,000000	19,765892	0,000000	0,000000	0,000000	0,000000	23,895191	24,195026	22,571806	23,211866	22,979330	23,970205	20,483221	20,537519	21,099504	21,633736	23,534019	20,549999	23,260000	25,539999	22,660000	20,170000	20,139999	20,010000	19,879999	19,910000	340282346638528860000000000000000000000,000000	0,000000	20,000000	100038,000000	21,400000
411,000000	19,750734	0,000000	0,000000	0,000000	0,000000	23,890120	24,200079	22,581926	23,206795	22,979330	23,980330	20,483221	20,522358	21,089390	21,628668	23,549173	20,549999	23,269999	25,529999	22,699999	20,170000	20,139999	20,010000	19,879999	19,910000	340282346638528860000000000000000000000,000000	0,000000	20,000000	100038,000000	21,400000
413,000000	19,610596	0,000000	0,000000	0,000000	0,000000	23,749964	24,299795	22,571806	23,206795	22,989433	23,970205	20,488270	20,507217	21,064129	21,633736	23,353411	20,549999	23,260000	25,510000	22,730000	20,160000	20,129999	20,000000	19,879999	19,910000	614,854004	0,000000	20,000000	100042,007812	21,400000
415,000000	19,590393	0,000000	0,000000	0,000000	0,000000	23,739838	24,284616	22,686707	23,206795	22,994503	23,960102	20,488270	20,512264	21,168936	21,458208	23,312958	20,549999	23,199999	25,459999	22,719999	20,160000	20,129999	20,000000	19,879999	19,910000	602,280029	0,000000	20,000000	100042,007812	21,400000
417,000000	19,575235	0,000000	0,000000	0,000000	0,000000	23,739838	24,274509	22,686707	23,206795	22,994503	23,965155	20,473125	20,522358	21,158819	21,437992	23,417751	20,539999	23,170000	25,449999	22,730000	20,160000	20,129999	20,000000	19,879999	19,910000	340282346638528860000000000000000000000,000000	0,000000	20,000000	100042,007812	21,400000
419,000000	19,590393	0,000000	0,000000	0,000000	0,000000	23,729733	24,294743	22,686707	23,206795	22,989433	23,960102	20,468079	20,527405	21,163887	21,458208	23,328133	20,539999	23,189999	25,469999	22,719999	20,160000	20,129999	20,000000	19,869999	19,910000	340282346638528860000000000000000000000,000000	0,000000	20,000000	100042,007812	21,400000
421,000000	19,585327	0,000000	0,000000	0,000000	0,000000	23,749964	24,294743	22,686707	23,206795	22,984381	23,955050	20,468079	20,527405	21,173985	21,488522	23,422802	20,539999	23,170000	25,480000	22,699999	20,160000	20,129999	20,000000	19,869999	19,910000	340282346638528860000000000000000000000,000000	0,000000	20,000000	100042,007812	21,400000
423,000000	19,600485	0,000000	0,000000	0,000000	0,000000	23,880014	24,304848	22,566755	23,211866	22,989433	23,949976	20,463032	20,547615	21,173985	21,443041	23,353411	20,539999	23,180000	25,490000	22,709999	20,160000	20,129999	20,000000	19,869999	19,920000	596,551025	0,000000	20,000000	100042,007812	21,400000
425,000000	19,600485	0,000000	0,000000	0,000000	0,000000	23,885067	24,294743	22,566755	23,206795	22,994503	23,965155	20,473125	20,547615	21,173985	21,458208	23,368565	20,539999	23,250000	25,500000	22,699999	20,150000	20,129999	19,990000	19,869999	19,920000	340282346638528860000000000000000000000,000000	0,000000	20,000000	100042,007812	21,500000
427,000000	19,755800	0,000000	0,000000	0,000000	0,000000	23,900242	24,299795	22,576857	23,206795	22,994503	23,965155	20,478172	20,557709	21,074244	21,473354	23,513792	20,539999	23,279999	25,490000	22,689999	20,150000	20,129999	19,990000	19,869999	19,920000	616,160034	0,000000	20,000000	100042,007812	21,500000
429,000000	19,776005	0,000000	0,000000	0,000000	0,000000	23,910349	24,189974	22,571806	23,216919	22,984381	23,970205	20,483221	20,552662	21,079294	21,493570	23,523895	20,539999	23,299999	25,519999	22,680000	20,150000	20,129999	19,990000	19,869999	19,920000	608,936035	0,000000	20,000000	100042,007812	21,500000
431,000000	19,765892	0,000000	0,000000	0,000000	0,000000	23,910349	24,205132	22,581926	23,211866	22,974279	23,970205	20,488270	20,557709	21,104553	21,638784	23,544123	20,539999	23,279999	25,519999	22,670000	20,150000	20,129999	19,980000	19,869999	19,920000	605,498047	0,000000	20,000000	100042,007812	21,500000
433,000000	19,776005	0,000000	0,000000	0,000000	0,000000	23,915421	24,210205	22,581926	23,211866	22,984381	23,970205	20,493336	20,537519	21,259863	21,653933	23,559296	20,529999	23,299999	25,529999	22,660000	20,150000	20,129999	19,980000	19,869999	19,920000	340282346638528860000000000000000000000,000000	0,000000	20,000000	100038,000000	21,500000
435,000000	19,796207	0,000000	0,000000	0,000000	0,000000	23,900242	24,215258	22,586977	23,216919	22,974279	23,980330	20,628429	20,547615	21,290173	21,679197	23,494959	20,539999	23,340000	25,549999	22,660000	20,139999	20,129999	19,980000	19,869999	19,910000	609,072021	0,000000	20,000000	100038,000000	21,500000
437,000000	19,801254	0,000000	0,000000	0,000000	0,000000	23,910349	24,225384	22,586977	23,216919	22,969229	23,990437	20,638525	20,547615	21,300268	21,569363	23,645239	20,529999	23,410000	25,580000	22,670000	20,139999	20,129999	19,969999	19,859999	19,910000	608,762024	0,000000	20,000000	100042,007812	21,500000
439,000000	19,796207	0,000000	0,000000	0,000000	0,000000	23,915421	24,230436	22,602148	23,227022	22,974279	24,125542	20,638525	20,437775	21,305338	21,574411	23,489906	20,529999	23,369999	25,580000	22,670000	20,139999	20,129999	19,969999	19,859999	19,900000	340282346638528860000000000000000000000,000000	0,000000	20,000000	100042,007812	21,500000
441,000000	19,786097	0,000000	0,000000	0,000000	0,000000	23,915421	24,215258	22,602148	23,227022	22,984381	23,995489	20,628429	20,542568	21,295221	21,569363	23,459576	20,529999	23,320000	25,559999	22,680000	20,139999	20,129999	19,969999	19,869999	19,900000	619,539001	0,000000	20,000000	100042,007812	21,500000
443,000000	19,755800	0,000000	0,000000	0,000000	0,000000	23,910349	24,200079	22,607199	23,237123	22,979330	24,130594	20,633476	20,552662	21,285124	21,679197	23,464626	20,529999	23,350000	25,539999	22,689999	20,129999	20,129999	19,969999	19,869999	19,889999	613,803040	0,000000	20,000000	100042,007812	21,500000
445,000000	19,760847	0,000000	0,000000	0,000000	0,000000	23,900242	24,200079	22,612249	23,237123	22,989433	24,125542	20,498383	20,552662	21,275028	21,653933	23,464626	20,529999	23,350000	25,549999	22,689999	20,129999	20,129999	19,969999	19,879999	19,879999	615,124023	0,000000	20,000000	100042,007812	21,500000
447,000000	19,765892	0,000000	0,000000	0,000000	0,000000	23,920473	24,205132	22,602148	23,237123	22,989433	23,985382	20,638525	20,557709	21,119699	21,493570	23,454504	20,529999	23,299999	25,529999	22,709999	20,129999	20,129999	19,959999	19,889999	19,879999	620,684021	0,000000	20,000000	100042,007812	21,500000
449,000000	19,776005	0,000000	0,000000	0,000000	0,000000	23,915421	24,200079	22,592030	23,237123	22,999556	23,995489	20,498383	20,437775	21,119699	21,628668	23,439348	20,520000	23,350000	25,539999	22,680000	20,129999	20,129999	19,959999	19,889999	19,869999	340282346638528860000000000000000000000,000000	0,000000	20,000000	100042,007812	21,500000
451,000000	19,781052	0,000000	0,000000	0,000000	0,000000	23,925524	24,205132	22,597078	23,237123	22,984381	23,980330	20,493336	20,457966	21,275028	21,659000	23,523895	20,529999	23,299999	25,559999	22,660000	20,129999	20,129999	19,959999	19,900000	19,879999	596,258057	0,000000	20,000000	100042,007812	21,500000
453,000000	19,770937	0,000000	0,000000	0,000000	0,000000	23,815702	24,215258	22,597078	23,242195	22,969229	23,975258	20,628429	20,457966	21,310387	21,574411	23,343287	20,520000	23,230000	25,559999	22,650000	20,129999	20,139999	19,959999	19,900000	19,879999	340282346638528860000000000000000000000,000000	0,000000	20,000000	100042,007812	21,500000
455,000000	19,776005	0,000000	0,000000	0,000000	0,000000	23,815702	24,210205	22,597078	23,247248	22,989433	23,975258	20,638525	20,542568	21,295221	21,679197	23,323080	20,520000	23,209999	25,529999	22,689999	20,129999	20,139999	19,959999	19,900000	19,889999	340282346638528860000000000000000000000,000000	0,000000	20,000000	100042,007812	21,500000
457,000000	19,781052	0,000000	0,000000	0,000000	0,000000	23,930576	24,210205	22,602148	23,242195	22,994503	23,980330	20,633476	20,522358	21,269960	21,633736	23,412680	20,520000	23,160000	25,510000	22,719999	20,129999	20,139999	19,959999	19,910000	19,889999	621,776001	0,000009	20,000000	100042,007812	21,500000
460,000000	19,620689	0,000000	0,000000	0,000000	0,000000	23,910349	24,195026	22,586977	23,242195	22,999556	23,980330	20,643591	20,372103	21,109600	21,443041	23,328133	20,520000	23,189999	25,480000	22,719999	20,129999	20,139999	19,959999	19,920000	19,900000	595,606018	0,000000	20,000000	100042,007812	21,500000
462,000000	19,605530	0,000000	0,000000	0,000000	0,000000	23,895191	24,294743	22,592030	23,377300	22,999556	23,995489	20,638525	20,507217	21,074244	21,437992	23,353411	20,520000	23,209999	25,480000	22,750000	20,129999	20,139999	19,959999	19,910000	19,900000	612,360046	0,000000	20,000000	100042,007812	21,500000
464,000000	19,605530	0,000000	0,000000	0,000000	0,000000	23,885067	24,284616	22,586977	23,377300	23,129606	23,995489	20,493336	20,512264	21,079294	21,458208	23,358461	20,520000	23,219999	25,490000	22,730000	20,129999	20,139999	19,959999	19,910000	19,910000	340282346638528860000000000000000000000,000000	0,000000	20,000000	100042,007812	21,500000
466,000000	19,750734	0,000000	0,000000	0,000000	0,000000	23,885067	24,284616	22,592030	23,247248	23,144779	23,995489	20,628429	20,532473	21,074244	21,557943	23,513792	20,520000	23,260000	25,490000	22,779999	20,129999	20,139999	19,959999	19,900000	19,910000	340282346638528860000000000000000000000,000000	0,000000	20,000000	100042,007812	21,500000
468,000000	19,750734	0,000000	0,000000	0,000000	0,000000	23,890120	24,294743	22,597078	23,247248	23,144779	23,995489	20,643591	20,547615	21,089390	21,483471	23,549173	20,520000	23,279999	25,519999	22,760000	20,129999	20,139999	19,959999	19,900000	19,920000	340282346638528860000000000000000000000,000000	0,000000	20,000000	100042,007812	21,500000
471,000000	19,765892	0,000000	0,000000	0,000000	0,000000	23,910349	24,195026	22,602148	23,247248	23,134657	24,125542	20,648640	20,547615	21,264912	21,669098	23,518843	20,520000	23,320000	25,549999	22,709999	20,129999	20,150000	19,959999	19,910000	19,920000	614,167053	0,000000	20,000000	100042,007812	21,500000
474,000000	19,750734	0,000000	0,000000	0,000000	0,000000	23,925524	24,200079	22,607199	23,377300	22,999556	23,990437	20,673895	20,537519	21,205599	21,604725	23,513792	20,520000	23,260000	25,559999	22,689999	20,129999	20,150000	19,959999	19,930000	19,910000	611,364014	0,000000	20,000000	100042,007812	21,600000
476,000000	19,620689	0,000000	0,000000	0,000000	0,000000	23,925524	24,195026	22,612249	23,382351	23,134657	23,990437	20,663782	20,542568	21,220745	21,614822	23,539070	20,510000	23,289999	25,549999	22,680000	20,129999	20,150000	19,959999	19,910000	19,900000	616,653015	0,000000	20,000000	100042,007812	21,500000
478,000000	19,755800	0,000000	0,000000	0,000000	0,000000	23,910349	24,220312	22,612249	23,382351	23,129606	23,990437	20,658733	20,542568	21,215696	21,579460	23,444401	20,510000	23,309999	25,549999	22,689999	20,129999	20,150000	19,959999	19,900000	19,879999	340282346638528860000000000000000000000,000000	0,023837	20,000000	100042,007812	21,500000
480,000000	19,791143	0,000000	0,000000	0,000000	0,000000	23,925524	24,215258	22,752422	23,392473	22,994503	24,130594	20,663782	20,557709	21,235910	21,619890	23,464626	20,510000	23,340000	25,559999	22,680000	20,129999	20,160000	19,959999	19,900000	19,869999	584,530029	0,023456	20,000000	100042,007812	21,500000
482,000000	19,806299	0,000000	0,000000	0,000000	0,000000	23,930576	24,215258	22,757473	23,387402	22,994503	24,125542	20,668848	20,437775	21,240957	21,619890	23,454504	20,510000	23,340000	25,590000	22,699999	20,129999	20,160000	19,959999	19,900000	19,869999	599,893005	0,023579	20,000000	100042,007812	21,400000
484,000000	19,696459	0,000000	0,000000	0,000000	0,000000	23,820755	24,230436	22,757473	23,392473	23,129606	24,135666	20,668848	20,442822	21,230862	21,624941	23,559296	20,510000	23,309999	25,590000	22,719999	20,129999	20,160000	19,959999	19,920000	19,859999	583,744019	0,023460	20,000000	100042,007812	21,400000
486,000000	19,696459	0,000000	0,000000	0,000000	0,000000	23,920473	24,215258	22,762522	23,397524	23,134657	24,145773	20,683992	20,447868	21,215696	21,624941	23,469679	20,510000	23,309999	25,580000	22,750000	20,129999	20,150000	19,959999	19,920000	19,859999	606,281006	0,023363	20,000000	100042,007812	21,400000
488,000000	19,696459	0,000000	0,000000	0,000000	0,000000	23,925524	24,210205	22,767591	23,397524	23,139708	24,145773	20,569086	20,442822	21,205599	21,624941	23,489906	20,510000	23,350000	25,599998	22,750000	20,129999	20,150000	19,959999	19,930000	19,859999	619,727051	0,023838	20,000000	100042,007812	21,400000
490,000000	19,806299	0,000000	0,000000	0,000000	0,000000	23,930576	24,210205	22,772642	23,402575	23,139708	24,145773	20,564039	20,447868	21,195482	21,609774	23,474731	20,510000	23,320000	25,590000	22,750000	20,129999	20,139999	19,959999	19,930000	19,869999	615,923035	0,023778	20,000000	100042,007812	21,400000
492,000000	19,811348	0,000000	0,000000	0,000000	0,000000	23,930576	24,200079	22,767591	23,412680	23,144779	24,140718	20,574152	20,437775	21,305338	21,589579	23,449453	20,500000	23,340000	25,570000	22,769999	20,129999	20,139999	19,959999	19,920000	19,859999	594,144043	0,023697	20,000000	100042,007812	21,400000
494,000000	19,796207	0,000000	0,000000	0,000000	0,000000	23,930576	24,210205	22,762522	23,417751	23,154882	24,140718	20,574152	20,557709	21,290173	21,679197	23,523895	20,510000	23,299999	25,559999	22,799999	20,129999	20,129999	19,959999	19,910000	19,850000	340282346638528860000000000000000000000,000000	0,023302	20,000000	100042,007812	21,400000
496,000000	19,801254	0,000000	0,000000	0,000000	0,000000	23,925524	24,205132	22,777693	23,412680	23,154882	24,140718	20,574152	20,447868	21,290173	21,574411	23,348358	20,510000	23,269999	25,559999	22,769999	20,129999	20,129999	19,949999	19,930000	19,850000	340282346638528860000000000000000000000,000000	0,023469	20,000000	100042,007812	21,400000
498,000000	19,796207	0,000000	0,000000	0,000000	0,000000	23,815702	24,205132	22,767591	23,412680	23,154882	24,145773	20,564039	20,442822	21,300268	21,579460	23,422802	20,500000	23,199999	25,539999	22,760000	20,129999	20,129999	19,949999	19,939999	19,869999	620,025024	0,023592	20,000000	100046,007812	21,500000
502,000000	19,791143	0,000000	0,000000	0,000000	0,000000	23,820755	24,215258	22,762522	23,417751	23,149830	24,135666	20,668848	20,552662	21,300268	21,579460	23,323080	20,500000	23,189999	25,549999	22,730000	20,129999	20,129999	19,949999	19,949999	19,859999	340282346638528860000000000000000000000,000000	0,023519	20,000000	100042,007812	21,600000
511,000000	19,750734	0,000000	0,000000	0,000000	0,000000	23,825806	24,200079	22,752422	23,417751	23,134657	24,125542	20,668848	20,442822	21,275028	21,633736	23,227022	20,500000	23,080000	25,510000	22,750000	20,129999	20,129999	19,949999	19,910000	19,850000	340282346638528860000000000000000000000,000000	0,023652	20,000000	100042,007812	21,600000
514,000000	19,755800	0,000000	0,000000	0,000000	0,000000	23,825806	24,200079	22,757473	23,417751	23,159933	24,130594	20,673895	20,437775	21,259863	21,493570	23,427853	20,490000	23,150000	25,519999	22,769999	20,129999	20,129999	19,949999	19,900000	19,840000	340282346638528860000000000000000000000,000000	0,023612	20,000000	100042,007812	21,600000
516,000000	19,760847	0,000000	0,000000	0,000000	0,000000	23,820755	24,200079	22,757473	23,422802	23,170053	24,135666	20,663782	20,557709	21,275028	21,498619	23,353411	20,490000	23,189999	25,539999	22,750000	20,119999	20,129999	19,949999	19,889999	19,840000	586,959045	0,023513	20,000000	100042,007812	21,600000
518,000000	19,781052	0,000000	0,000000	0,000000	0,000000	23,935650	24,215258	22,767591	23,427853	23,159933	24,135666	20,648640	20,442822	21,285124	21,643833	23,544123	20,490000	23,309999	25,570000	22,709999	20,129999	20,129999	19,949999	19,889999	19,840000	340282346638528860000000000000000000000,000000	0,023257	20,000000	100042,007812	21,600000
520,000000	19,796207	0,000000	0,000000	0,000000	0,000000	23,815702	24,230436	22,762522	23,422802	23,164984	24,130594	20,653687	20,437775	21,195482	21,574411	23,479784	20,490000	23,330000	25,580000	22,699999	20,119999	20,119999	19,939999	19,889999	19,840000	340282346638528860000000000000000000000,000000	0,023175	20,000000	100042,007812	21,600000
522,000000	19,801254	0,000000	0,000000	0,000000	0,000000	23,935650	24,235489	22,767591	23,432905	23,149830	24,135666	20,643591	20,557709	21,220745	21,569363	23,630062	20,490000	23,379999	25,599998	22,689999	20,119999	20,119999	19,939999	19,889999	19,840000	610,320007	0,023354	20,000000	100042,007812	21,600000
524,000000	19,691414	0,000000	0,000000	0,000000	0,000000	23,930576	24,235489	22,767591	23,427853	23,154882	24,145773	20,633476	20,437775	21,210648	21,569363	23,635115	20,490000	23,379999	25,590000	22,709999	20,119999	20,129999	19,939999	19,879999	19,840000	340282346638528860000000000000000000000,000000	0,023425	20,000000	100038,000000	21,600000
526,000000	19,791143	0,000000	0,000000	0,000000	0,000000	23,925524	24,225384	22,752422	23,432905	23,154882	24,145773	20,658733	20,542568	21,310387	21,653933	23,625010	20,490000	23,389999	25,570000	22,730000	20,119999	20,129999	19,939999	19,879999	19,840000	604,389038	0,023344	20,000000	100038,000000	21,600000
528,000000	19,776005	0,000000	0,000000	0,000000	0,000000	23,910349	24,220312	22,757473	23,432905	23,164984	24,150826	20,643591	20,542568	21,295221	21,653933	23,464626	20,490000	23,340000	25,559999	22,740000	20,119999	20,129999	19,939999	19,869999	19,830000	340282346638528860000000000000000000000,000000	0,023339	20,000000	100042,007812	21,600000
530,000000	19,760847	0,000000	0,000000	0,000000	0,000000	23,920473	24,220312	22,762522	23,432905	23,170053	24,150826	20,633476	20,557709	21,300268	21,648884	23,474731	20,490000	23,320000	25,559999	22,730000	20,129999	20,129999	19,939999	19,859999	19,840000	340282346638528860000000000000000000000,000000	0,023779	20,000000	100042,007812	21,600000
532,000000	19,750734	0,000000	0,000000	0,000000	0,000000	23,920473	24,215258	22,767591	23,432905	23,149830	24,150826	20,638525	20,557709	21,305338	21,674147	23,459576	20,490000	23,340000	25,580000	22,719999	20,119999	20,139999	19,939999	19,859999	19,830000	340282346638528860000000000000000000000,000000	0,023443	20,000000	100042,007812	21,600000
534,000000	19,770937	0,000000	0,000000	0,000000	0,000000	23,920473	24,230436	22,782745	23,432905	23,154882	24,155878	20,638525	20,547615	21,295221	21,659000	23,449453	20,480000	23,330000	25,580000	22,730000	20,129999	20,139999	19,949999	19,879999	19,830000	585,301025	0,023580	20,000000	100042,007812	21,600000
536,000000	19,776005	0,000000	0,000000	0,000000	0,000000	23,915421	24,225384	22,767591	23,312958	23,164984	24,145773	20,628429	20,542568	21,305338	21,659000	23,523895	20,490000	23,289999	25,559999	22,719999	20,129999	20,139999	19,949999	19,889999	19,830000	617,423035	0,023603	20,000000	100042,007812	21,600000
538,000000	19,750734	0,000000	0,000000	0,000000	0,000000	23,915421	24,205132	22,767591	23,318010	23,175104	24,135666	20,643591	20,537519	21,275028	21,483471	23,539070	20,480000	23,250000	25,529999	22,769999	20,129999	20,129999	19,949999	19,879999	19,820000	603,260010	0,023384	20,000000	100038,000000	21,700001
540,000000	19,620689	0,000000	0,000000	0,000000	0,000000	23,900242	24,189974	22,762522	23,312958	23,175104	24,130594	20,628429	20,522358	21,119699	21,557943	23,539070	20,480000	23,289999	25,500000	22,789999	20,129999	20,129999	19,949999	19,879999	19,820000	340282346638528860000000000000000000000,000000	0,023414	20,000000	100042,007812	21,700001
542,000000	19,610596	0,000000	0,000000	0,000000	0,000000	23,895191	24,189974	22,752422	23,312958	23,180159	24,135666	20,498383	20,527405	21,104553	21,453159	23,539070	20,480000	23,309999	25,500000	22,750000	20,129999	20,139999	19,949999	19,889999	19,809999	340282346638528860000000000000000000000,000000	0,023775	20,000000	100042,007812	21,700001
544,000000	19,620689	0,000000	0,000000	0,000000	0,000000	23,900242	24,205132	22,767591	23,318010	23,170053	24,145773	20,628429	20,537519	21,269960	21,643833	23,454504	20,480000	23,320000	25,519999	22,730000	20,129999	20,139999	19,949999	19,889999	19,809999	591,001038	0,023723	20,000000	100042,007812	21,700001
546,000000	19,760847	0,000000	0,000000	0,000000	0,000000	23,915421	24,210205	22,777693	23,312958	23,164984	24,150826	20,643591	20,547615	21,290173	21,653933	23,449453	20,480000	23,320000	25,529999	22,740000	20,129999	20,139999	19,949999	19,910000	19,809999	340282346638528860000000000000000000000,000000	0,023647	20,000000	100038,000000	21,700001
548,000000	19,750734	0,000000	0,000000	0,000000	0,000000	23,915421	24,225384	22,787815	23,312958	23,170053	24,160950	20,648640	20,547615	21,295221	21,659000	23,528965	20,480000	23,289999	25,539999	22,750000	20,129999	20,139999	19,949999	19,910000	19,809999	600,112000	0,023431	20,000000	100042,007812	21,700001
550,000000	19,755800	0,000000	0,000000	0,000000	0,000000	23,925524	24,205132	22,782745	23,318010	23,185209	24,150826	20,643591	20,542568	21,300268	21,638784	23,539070	20,480000	23,299999	25,529999	22,740000	20,129999	20,150000	19,949999	19,910000	19,799999	340282346638528860000000000000000000000,000000	0,023370	20,000000	100042,007812	21,700001
552,000000	19,755800	0,000000	0,000000	0,000000	0,000000	23,935650	24,205132	22,782745	23,328133	23,185209	24,150826	20,643591	20,532473	21,290173	21,633736	23,528965	20,480000	23,269999	25,529999	22,750000	20,129999	20,150000	19,949999	19,930000	19,799999	612,047058	0,023342	20,000000	100042,007812	21,700001
554,000000	19,755800	0,000000	0,000000	0,000000	0,000000	23,930576	24,200079	22,777693	23,323080	23,070311	24,155878	20,648640	20,542568	21,275028	21,488522	23,363514	20,480000	23,279999	25,519999	22,799999	20,129999	20,150000	19,949999	19,959999	19,809999	340282346638528860000000000000000000000,000000	0,023582	20,000000	100042,007812	21,700001
556,000000	19,765892	0,000000	0,000000	0,000000	0,000000	23,935650	24,309900	22,792866	23,328133	23,085485	24,145773	20,643591	20,537519	21,280077	21,483471	23,358461	20,480000	23,230000	25,519999	22,789999	20,129999	20,150000	19,949999	19,959999	19,809999	340282346638528860000000000000000000000,000000	0,023706	20,000000	100042,007812	21,700001
558,000000	19,750734	0,000000	0,000000	0,000000	0,000000	23,925524	24,195026	22,782745	23,323080	23,085485	24,135666	20,648640	20,537519	21,285124	21,628668	23,513792	20,480000	23,260000	25,519999	22,779999	20,129999	20,150000	19,949999	19,949999	19,820000	340282346638528860000000000000000000000,000000	0,023554	20,000000	100042,007812	21,600000
560,000000	19,760847	0,000000	0,000000	0,000000	0,000000	23,930576	24,210205	22,792866	23,328133	23,090536	24,140718	20,648640	20,532473	21,305338	21,643833	23,534019	20,480000	23,269999	25,500000	22,760000	20,129999	20,160000	19,949999	19,959999	19,830000	619,362000	0,023640	20,000000	100042,007812	21,600000
562,000000	19,760847	0,000000	0,000000	0,000000	0,000000	23,925524	24,210205	22,787815	23,333183	23,090536	24,140718	20,663782	20,532473	21,310387	21,659000	23,528965	20,480000	23,299999	25,529999	22,769999	20,129999	20,160000	19,949999	19,959999	19,830000	340282346638528860000000000000000000000,000000	0,023586	20,000000	100042,007812	21,600000
564,000000	19,750734	0,000000	0,000000	0,000000	0,000000	23,930576	24,215258	22,802967	23,333183	23,095587	24,145773	20,668848	20,532473	21,200531	21,664049	23,508739	20,469999	23,279999	25,549999	22,769999	20,129999	20,160000	19,949999	19,949999	19,830000	340282346638528860000000000000000000000,000000	0,023684	20,000000	100042,007812	21,600000
566,000000	19,755800	0,000000	0,000000	0,000000	0,000000	23,915421	24,200079	22,797916	23,333183	23,080433	24,145773	20,673895	20,527405	21,195482	21,569363	23,323080	20,480000	23,219999	25,529999	22,769999	20,129999	20,160000	19,949999	19,949999	19,830000	612,804016	0,023413	20,000000	100042,007812	21,600000
568,000000	19,765892	0,000000	0,000000	0,000000	0,000000	23,925524	24,215258	22,787815	23,333183	23,075380	24,135666	20,673895	20,517311	21,190435	21,579460	23,432905	20,480000	23,189999	25,519999	22,769999	20,129999	20,160000	19,949999	19,949999	19,830000	340282346638528860000000000000000000000,000000	0,023639	20,000000	100042,007812	21,600000
570,000000	19,760847	0,000000	0,000000	0,000000	0,000000	23,920473	24,205132	22,792866	23,338234	23,080433	24,145773	20,574152	20,532473	21,305338	21,659000	23,343287	20,480000	23,160000	25,510000	22,789999	20,129999	20,160000	19,949999	19,939999	19,830000	340282346638528860000000000000000000000,000000	0,023464	20,000000	100042,007812	21,600000
572,000000	19,776005	0,000000	0,000000	0,000000	0,000000	23,920473	24,205132	22,792866	23,343287	23,085485	24,160950	20,683992	20,557709	21,300268	21,638784	23,503689	20,469999	23,250000	25,529999	22,809999	20,129999	20,160000	19,949999	19,930000	19,830000	340282346638528860000000000000000000000,000000	0,023460	20,000000	100038,000000	21,700001
574,000000	19,791143	0,000000	0,000000	0,000000	0,000000	23,820755	24,215258	22,797916	23,338234	23,090536	24,155878	20,683992	20,437775	21,200531	21,679197	23,454504	20,469999	23,309999	25,559999	22,779999	20,129999	20,160000	19,949999	19,920000	19,820000	608,743042	0,023619	20,000000	100038,000000	21,700001
576,000000	19,806299	0,000000	0,000000	0,000000	0,000000	23,820755	24,220312	22,802967	23,338234	23,095587	24,166002	20,569086	20,452919	21,210648	21,669098	23,454504	20,480000	23,359999	25,570000	22,799999	20,129999	20,160000	19,959999	19,920000	19,830000	610,374023	0,023521	20,000000	100038,000000	21,700001
578,000000	19,696459	0,000000	0,000000	0,000000	0,000000	23,820755	24,225384	22,688087	23,343287	23,105709	24,171055	20,594343	20,468079	21,215696	21,574411	23,513792	20,469999	23,320000	25,580000	22,789999	20,129999	20,160000	19,959999	19,910000	19,820000	603,824036	0,023672	20,000000	100042,007812	21,700001
580,000000	19,811348	0,000000	0,000000	0,000000	0,000000	23,830877	24,245615	22,688087	23,348358	23,095587	24,176109	20,609505	20,447868	21,225794	21,579460	23,348358	20,469999	23,240000	25,549999	22,799999	20,129999	20,160000	19,959999	19,910000	19,820000	610,746033	0,023895	20,000000	100042,007812	21,700001
582,000000	19,806299	0,000000	0,000000	0,000000	0,000000	23,830877	24,235489	22,688087	23,348358	23,085485	24,181162	20,609505	20,557709	21,376057	21,594627	23,373615	20,469999	23,209999	25,549999	22,789999	20,129999	20,160000	19,959999	19,900000	19,830000	340282346638528860000000000000000000000,000000	0,023582	20,000000	100038,000000	21,700001
585,000000	19,811348	0,000000	0,000000	0,000000	0,000000	23,840982	24,245615	22,698189	23,353411	23,075380	24,176109	20,594343	20,547615	21,391220	21,770157	23,523895	20,469999	23,240000	25,559999	22,789999	20,129999	20,160000	19,959999	19,900000	19,820000	340282346638528860000000000000000000000,000000	0,023600	20,000000	100038,000000	21,700001
587,000000	19,696459	0,000000	0,000000	0,000000	0,000000	23,851109	24,375669	22,718410	23,358461	23,080433	24,181162	20,594343	20,547615	21,391220	21,785305	23,544123	20,469999	23,309999	25,559999	22,799999	20,129999	20,160000	19,959999	19,889999	19,820000	340282346638528860000000000000000000000,000000	0,023627	20,000000	100038,000000	21,700001
589,000000	19,701506	0,000000	0,000000	0,000000	0,000000	23,840982	24,245615	22,708309	23,358461	23,085485	24,186214	20,599411	20,552662	21,386171	21,780256	23,539070	20,469999	23,299999	25,559999	22,830000	20,129999	20,150000	19,959999	19,889999	19,820000	615,175049	0,023477	20,000000	100038,000000	21,700001
591,000000	19,706551	0,000000	0,000000	0,000000	0,000000	23,866264	24,245615	22,708309	23,358461	23,095587	24,186214	20,594343	20,452919	21,240957	21,619890	23,358461	20,469999	23,240000	25,559999	22,830000	20,129999	20,150000	19,959999	19,889999	19,830000	622,806030	0,023483	20,000000	100038,000000	21,700001
593,000000	19,701506	0,000000	0,000000	0,000000	0,000000	23,851109	24,375669	22,708309	23,363514	23,105709	24,076391	20,614552	20,468079	21,225794	21,594627	23,373615	20,469999	23,230000	25,570000	22,840000	20,129999	20,150000	19,959999	19,889999	19,830000	340282346638528860000000000000000000000,000000	0,023516	20,000000	100038,000000	21,700001
595,000000	19,696459	0,000000	0,000000	0,000000	0,000000	23,861212	24,385775	22,713360	23,368565	23,120865	24,066286	20,599411	20,473125	21,246006	21,609774	23,508739	20,469999	23,260000	25,559999	22,809999	20,129999	20,150000	19,959999	19,879999	19,830000	622,713013	0,023648	20,000000	100038,000000	21,700001
597,000000	19,701506	0,000000	0,000000	0,000000	0,000000	24,011496	24,390846	22,703260	23,368565	23,110760	24,186214	20,619600	20,473125	21,376057	21,760038	23,368565	20,469999	23,250000	25,580000	22,820000	20,129999	20,139999	19,959999	19,879999	19,820000	340282346638528860000000000000000000000,000000	0,023804	20,000000	100038,000000	21,700001
599,000000	19,811348	0,000000	0,000000	0,000000	0,000000	24,006443	24,406006	22,718410	23,373615	23,095587	24,071339	20,604458	20,468079	21,391220	21,790354	23,518843	20,469999	23,250000	25,570000	22,799999	20,129999	20,139999	19,949999	19,889999	19,830000	620,749023	0,023675	20,000000	100038,000000	21,700001
601,000000	19,691414	0,000000	0,000000	0,000000	0,000000	24,006443	24,406006	22,708309	23,508739	23,100658	24,186214	20,589294	20,447868	21,411434	21,775206	23,549173	20,469999	23,279999	25,570000	22,769999	20,119999	20,139999	19,949999	19,889999	19,820000	340282346638528860000000000000000000000,000000	0,023665	20,000000	100038,000000	21,700001
603,000000	19,811348	0,000000	0,000000	0,000000	0,000000	24,001390	24,395901	22,708309	23,503689	23,100658	24,186214	20,569086	20,442822	21,411434	21,765087	23,464626	20,459999	23,320000	25,599998	22,769999	20,129999	20,129999	19,949999	19,900000	19,820000	611,766052	0,023593	20,000000	100038,000000	21,700001
605,000000	19,691414	0,000000	0,000000	0,000000	0,000000	23,871336	24,395901	22,708309	23,503689	23,090536	24,071339	20,574152	20,447868	21,411434	21,790354	23,484835	20,459999	23,369999	25,629999	22,769999	20,119999	20,139999	19,949999	19,900000	19,830000	340282346638528860000000000000000000000,000000	0,023087	20,000000	100038,000000	21,700001
607,000000	19,801254	0,000000	0,000000	0,000000	0,000000	23,866264	24,411079	22,713360	23,513792	23,090536	24,081444	20,584248	20,452919	21,396269	21,609774	23,489906	20,459999	23,379999	25,609999	22,799999	20,119999	20,129999	19,949999	19,910000	19,820000	585,571045	0,023863	20,000000	100042,007812	21,700001
610,000000	19,786097	0,000000	0,000000	0,000000	0,000000	23,851109	24,400953	22,713360	23,513792	23,095587	24,066286	20,678942	20,447868	21,376057	21,584509	23,645239	20,459999	23,369999	25,609999	22,789999	20,119999	20,129999	19,949999	19,910000	19,809999	616,267029	0,023627	20,000000	100038,000000	21,700001
612,000000	19,781052	0,000000	0,000000	0,000000	0,000000	23,856161	24,411079	22,713360	23,513792	23,085485	24,186214	20,678942	20,447868	21,386171	21,594627	23,494959	20,459999	23,369999	25,609999	22,779999	20,129999	20,129999	19,949999	19,910000	19,799999	606,161011	0,000000	20,000000	100038,000000	21,700001
615,000000	19,776005	0,000000	0,000000	0,000000	0,000000	23,866264	24,395901	22,713360	23,513792	23,085485	24,066286	20,569086	20,447868	21,396269	21,754990	23,635115	20,459999	23,379999	25,629999	22,769999	20,129999	20,129999	19,949999	19,910000	19,789999	621,329041	0,023564	20,000000	100038,000000	21,799999
617,000000	19,781052	0,000000	0,000000	0,000000	0,000000	23,861212	24,395901	22,718410	23,513792	23,075380	24,071339	20,678942	20,457966	21,396269	21,760038	23,645239	20,459999	23,400000	25,619999	22,789999	20,129999	20,129999	19,949999	19,900000	19,789999	340282346638528860000000000000000000000,000000	0,023527	20,000000	100038,000000	21,799999
619,000000	19,801254	0,000000	0,000000	0,000000	0,000000	23,861212	24,400953	22,733583	23,518843	23,090536	24,081444	20,569086	20,457966	21,391220	21,614822	23,630062	20,459999	23,369999	25,619999	22,809999	20,129999	20,129999	19,949999	19,889999	19,789999	592,610046	0,023719	20,000000	100038,000000	21,700001
621,000000	19,811348	0,000000	0,000000	0,000000	0,000000	23,871336	24,385775	22,723482	23,528965	23,090536	24,091570	20,584248	20,457966	21,381104	21,760038	23,469679	20,459999	23,350000	25,609999	22,830000	20,129999	20,129999	19,939999	19,869999	19,789999	603,642029	0,023322	20,000000	100038,000000	21,700001
623,000000	19,811348	0,000000	0,000000	0,000000	0,000000	23,871336	24,380722	22,738653	23,518843	23,100658	24,096622	20,584248	20,457966	21,381104	21,624941	23,544123	20,459999	23,320000	25,599998	22,830000	20,129999	20,129999	19,949999	19,869999	19,789999	340282346638528860000000000000000000000,000000	0,023067	20,000000	100038,000000	21,700001
625,000000	19,801254	0,000000	0,000000	0,000000	0,000000	23,866264	24,375669	22,728533	23,523895	23,120865	24,086498	20,594343	20,457966	21,235910	21,619890	23,544123	20,459999	23,289999	25,590000	22,850000	20,129999	20,129999	19,949999	19,859999	19,779999	340282346638528860000000000000000000000,000000	0,023797	20,000000	100038,000000	21,700001
627,000000	19,786097	0,000000	0,000000	0,000000	0,000000	23,866264	24,245615	22,728533	23,534019	23,250916	24,091570	20,584248	20,452919	21,215696	21,589579	23,559296	20,459999	23,299999	25,580000	22,869999	20,129999	20,139999	19,949999	19,850000	19,779999	622,770020	0,023682	20,000000	100038,000000	21,700001
629,000000	19,796207	0,000000	0,000000	0,000000	0,000000	23,866264	24,380722	22,728533	23,523895	23,120865	24,096622	20,589294	20,452919	21,230862	21,614822	23,474731	20,459999	23,320000	25,599998	22,850000	20,129999	20,139999	19,949999	19,840000	19,770000	609,397034	0,023349	20,000000	100038,000000	21,700001
631,000000	19,801254	0,000000	0,000000	0,000000	0,000000	23,856161	24,390846	22,743704	23,528965	23,115810	24,106728	20,594343	20,447868	21,240957	21,624941	23,474731	20,459999	23,359999	25,599998	22,850000	20,129999	20,129999	19,949999	19,850000	19,779999	340282346638528860000000000000000000000,000000	0,023248	20,000000	100038,000000	21,799999
633,000000	19,811348	0,000000	0,000000	0,000000	0,000000	23,871336	24,390846	22,748755	23,528965	23,115810	24,106728	20,599411	20,457966	21,240957	21,765087	23,559296	20,449999	23,330000	25,580000	22,859999	20,129999	20,129999	19,949999	19,850000	19,789999	340282346638528860000000000000000000000,000000	0,023487	20,000000	100034,000000	21,799999
635,000000	19,691414	0,000000	0,000000	0,000000	0,000000	24,011496	24,421186	22,738653	23,534019	23,255985	24,096622	20,594343	20,457966	21,381104	21,770157	23,464626	20,459999	23,299999	25,580000	22,830000	20,129999	20,129999	19,949999	19,840000	19,789999	340282346638528860000000000000000000000,000000	0,023393	20,000000	100038,000000	21,799999
637,000000	19,701506	0,000000	0,000000	0,000000	0,000000	24,016567	24,426239	22,738653	23,544123	23,250916	24,086498	20,594343	20,457966	21,416483	21,795422	23,474731	20,459999	23,350000	25,609999	22,809999	20,129999	20,129999	19,949999	19,840000	19,789999	601,006042	0,023605	20,000000	100038,000000	21,799999
640,000000	19,711617	0,000000	0,000000	0,000000	0,000000	24,021620	24,436363	22,743704	23,539070	23,110760	24,086498	20,599411	20,463032	21,321795	21,695669	23,494959	20,459999	23,379999	25,650000	22,809999	20,129999	20,129999	19,949999	19,830000	19,789999	340282346638528860000000000000000000000,000000	0,023363	20,000000	100034,000000	21,799999
642,000000	19,721710	0,000000	0,000000	0,000000	0,000000	24,016567	24,321472	22,878805	23,544123	23,100658	24,106728	20,594343	20,488270	21,321795	21,700737	23,645239	20,459999	23,389999	25,639999	22,830000	20,129999	20,129999	19,949999	19,830000	19,789999	340282346638528860000000000000000000000,000000	0,023697	20,000000	100038,000000	21,799999
645,000000	19,741913	0,000000	0,000000	0,000000	0,000000	24,046902	24,331596	22,888927	23,549173	23,100658	24,116835	20,599411	20,633476	21,321795	21,705786	23,670519	20,459999	23,420000	25,650000	22,820000	20,129999	20,129999	19,949999	19,830000	19,809999	615,628052	0,023573	20,000000	100038,000000	21,799999
647,000000	19,882072	0,000000	0,000000	0,000000	0,000000	24,062080	24,346777	22,888927	23,554226	23,095587	24,121906	20,604458	20,638525	21,436676	21,705786	23,650290	20,449999	23,400000	25,660000	22,820000	20,129999	20,129999	19,949999	19,869999	19,809999	611,785034	0,000000	20,000000	100038,000000	21,799999
650,000000	19,887119	0,000000	0,000000	0,000000	0,000000	24,062080	24,336649	22,893978	23,559296	23,110760	24,116835	20,604458	20,643591	21,326843	21,805519	23,675570	20,459999	23,430000	25,670000	22,830000	20,129999	20,129999	19,949999	19,900000	19,830000	340282346638528860000000000000000000000,000000	0,023580	20,000000	100038,000000	21,799999
652,000000	19,892164	0,000000	0,000000	0,000000	0,000000	24,051954	24,326544	22,893978	23,559296	23,110760	24,257011	20,604458	20,648640	21,316746	21,810568	23,685673	20,459999	23,439999	25,680000	22,820000	20,139999	20,129999	19,949999	19,910000	19,840000	340282346638528860000000000000000000000,000000	0,002503	20,000000	100038,000000	21,799999
655,000000	19,882072	0,000000	0,000000	0,000000	0,000000	24,051954	24,331596	22,909149	23,444401	23,120865	24,257011	20,614552	20,653687	21,436676	21,800470	23,660393	20,459999	23,420000	25,650000	22,840000	20,139999	20,139999	19,949999	19,949999	19,850000	340282346638528860000000000000000000000,000000	0,023651	20,000000	100038,000000	21,799999
657,000000	19,746960	0,000000	0,000000	0,000000	0,000000	24,046902	24,331596	22,904099	23,444401	23,120865	24,257011	20,604458	20,653687	21,436676	21,795422	23,585953	20,459999	23,459999	25,660000	22,830000	20,139999	20,139999	19,949999	19,969999	19,850000	600,749023	0,023741	20,000000	100034,000000	21,799999
660,000000	19,736868	0,000000	0,000000	0,000000	0,000000	24,026670	24,336649	22,914202	23,449453	23,120865	24,121906	20,609505	20,648640	21,316746	21,795422	23,680622	20,459999	23,449999	25,650000	22,830000	20,139999	20,139999	19,949999	19,990000	19,859999	340282346638528860000000000000000000000,000000	0,023909	20,000000	100034,000000	21,799999
662,000000	19,726755	0,000000	0,000000	0,000000	0,000000	24,031725	24,336649	22,909149	23,449453	23,255985	24,251959	20,604458	20,643591	21,316746	21,800470	23,640186	20,449999	23,400000	25,639999	22,830000	20,139999	20,139999	19,949999	19,990000	19,859999	608,196045	0,002825	20,000000	100034,000000	21,799999
665,000000	19,721710	0,000000	0,000000	0,000000	0,000000	24,062080	24,351830	22,909149	23,449453	23,105709	24,116835	20,599411	20,628429	21,336939	21,700737	23,439348	20,459999	23,309999	25,629999	22,820000	20,139999	20,150000	19,949999	20,000000	19,869999	340282346638528860000000000000000000000,000000	0,023426	20,000000	100034,000000	21,799999
667,000000	19,711617	0,000000	0,000000	0,000000	0,000000	24,051954	24,336649	22,899029	23,454504	23,115810	24,111780	20,609505	20,498383	21,331892	21,705786	23,469679	20,459999	23,330000	25,639999	22,820000	20,139999	20,150000	19,949999	20,010000	19,869999	340282346638528860000000000000000000000,000000	0,023520	20,000000	100038,000000	21,799999
670,000000	19,711617	0,000000	0,000000	0,000000	0,000000	24,057026	24,336649	22,893978	23,454504	23,110760	24,121906	20,614552	20,498383	21,336939	21,710835	23,479784	20,459999	23,340000	25,609999	22,830000	20,139999	20,150000	19,959999	20,010000	19,869999	340282346638528860000000000000000000000,000000	0,023454	20,000000	100034,000000	21,799999
672,000000	19,706551	0,000000	0,000000	0,000000	0,000000	23,947186	24,341702	22,904099	23,454504	23,120865	24,251959	20,614552	20,633476	21,321795	21,695669	23,484835	20,459999	23,340000	25,619999	22,850000	20,139999	20,150000	19,959999	20,010000	19,869999	612,037048	0,023499	20,000000	100034,000000	21,799999
674,000000	19,721710	0,000000	0,000000	0,000000	0,000000	23,957308	24,346777	22,904099	23,459576	23,266088	24,262064	20,754715	20,633476	21,436676	21,695669	23,444401	20,459999	23,320000	25,639999	22,869999	20,139999	20,150000	19,959999	20,020000	19,869999	614,410034	0,023486	20,000000	100034,000000	21,799999
676,000000	19,726755	0,000000	0,000000	0,000000	0,000000	23,942133	24,336649	22,909149	23,459576	23,261036	24,262064	20,619600	20,643591	21,321795	21,700737	23,474731	20,459999	23,340000	25,639999	22,869999	20,139999	20,150000	19,959999	20,020000	19,869999	607,532043	0,023623	20,000000	100034,000000	21,799999
678,000000	19,741913	0,000000	0,000000	0,000000	0,000000	23,942133	24,351830	22,924322	23,459576	23,271139	24,262064	20,619600	20,648640	21,436676	21,805519	23,464626	20,459999	23,330000	25,660000	22,889999	20,139999	20,150000	19,959999	20,010000	19,869999	340282346638528860000000000000000000000,000000	0,023575	20,000000	100034,000000	21,799999
680,000000	19,741913	0,000000	0,000000	0,000000	0,000000	23,957308	24,351830	22,914202	23,464626	23,271139	24,267117	20,754715	20,653687	21,431627	21,800470	23,439348	20,459999	23,320000	25,650000	22,889999	20,139999	20,150000	19,959999	19,990000	19,859999	340282346638528860000000000000000000000,000000	0,023510	20,000000	100034,000000	21,799999
682,000000	19,736868	0,000000	0,000000	0,000000	0,000000	23,947186	24,336649	22,934423	23,464626	23,286314	24,277245	20,754715	20,648640	21,426580	21,800470	23,528965	20,459999	23,269999	25,639999	22,900000	20,139999	20,160000	19,959999	20,000000	19,850000	340282346638528860000000000000000000000,000000	0,023724	20,000000	100038,000000	21,799999
684,000000	19,877026	0,000000	0,000000	0,000000	0,000000	23,952257	24,351830	22,929373	23,469679	23,301468	24,267117	20,754715	20,658733	21,416483	21,795422	23,513792	20,459999	23,269999	25,650000	22,889999	20,139999	20,160000	19,959999	19,980000	19,840000	617,975037	0,023632	20,000000	100038,000000	21,799999
686,000000	19,736868	0,000000	0,000000	0,000000	0,000000	23,947186	24,346777	22,934423	23,474731	23,306519	24,272192	20,624647	20,653687	21,401318	21,785305	23,513792	20,459999	23,269999	25,629999	22,900000	20,139999	20,160000	19,959999	19,980000	19,830000	605,295044	0,023240	20,000000	100038,000000	21,799999
688,000000	19,741913	0,000000	0,000000	0,000000	0,000000	23,952257	24,336649	22,934423	23,479784	23,291365	24,267117	20,624647	20,658733	21,401318	21,795422	23,508739	20,449999	23,240000	25,609999	22,910000	20,139999	20,160000	19,959999	19,980000	19,830000	340282346638528860000000000000000000000,000000	0,023298	20,000000	100034,000000	21,799999
690,000000	19,726755	0,000000	0,000000	0,000000	0,000000	23,947186	24,336649	22,929373	23,479784	23,301468	24,272192	20,614552	20,648640	21,391220	21,775206	23,518843	20,459999	23,269999	25,599998	22,920000	20,139999	20,160000	19,959999	19,980000	19,830000	340282346638528860000000000000000000000,000000	0,023505	20,000000	100034,000000	21,799999
692,000000	19,716661	0,000000	0,000000	0,000000	0,000000	23,957308	24,346777	22,934423	23,474731	23,291365	24,267117	20,604458	20,648640	21,381104	21,765087	23,539070	20,449999	23,279999	25,609999	22,920000	20,139999	20,160000	19,959999	19,980000	19,830000	611,977051	0,023634	20,000000	100034,000000	21,799999
694,000000	19,711617	0,000000	0,000000	0,000000	0,000000	23,942133	24,331596	22,919252	23,479784	23,291365	24,262064	20,594343	20,653687	21,246006	21,614822	23,559296	20,459999	23,309999	25,629999	22,900000	20,139999	20,160000	19,959999	19,980000	19,820000	340282346638528860000000000000000000000,000000	0,023253	20,000000	100034,000000	21,799999
696,000000	19,701506	0,000000	0,000000	0,000000	0,000000	23,942133	24,326544	22,924322	23,479784	23,291365	24,262064	20,594343	20,643591	21,376057	21,754990	23,625010	20,459999	23,359999	25,629999	22,889999	20,139999	20,160000	19,959999	19,990000	19,820000	340282346638528860000000000000000000000,000000	0,023349	20,000000	100034,000000	21,799999
698,000000	19,691414	0,000000	0,000000	0,000000	0,000000	24,062080	24,336649	22,919252	23,484835	23,276192	24,262064	20,589294	20,638525	21,386171	21,765087	23,630062	20,449999	23,369999	25,650000	22,879999	20,139999	20,160000	19,959999	20,029999	19,809999	615,190002	0,023433	20,000000	100034,000000	21,799999
700,000000	19,691414	0,000000	0,000000	0,000000	0,000000	23,952257	24,341702	22,924322	23,484835	23,276192	24,267117	20,594343	20,638525	21,401318	21,780256	23,494959	20,449999	23,379999	25,639999	22,879999	20,139999	20,160000	19,959999	20,029999	19,809999	585,532043	0,023415	20,000000	100034,000000	21,799999
702,000000	19,691414	0,000000	0,000000	0,000000	0,000000	23,957308	24,341702	22,914202	23,484835	23,276192	24,272192	20,604458	20,628429	21,406366	21,775206	23,459576	20,449999	23,330000	25,609999	22,889999	20,139999	20,160000	19,959999	20,020000	19,799999	608,129028	0,023492	20,000000	100034,000000	21,799999
705,000000	19,706551	0,000000	0,000000	0,000000	0,000000	23,972486	24,356882	22,924322	23,484835	23,281263	24,262064	20,599411	20,628429	21,436676	21,690620	23,439348	20,449999	23,320000	25,629999	22,850000	20,139999	20,160000	19,959999	20,020000	19,799999	340282346638528860000000000000000000000,000000	0,023401	20,000000	100034,000000	21,799999
707,000000	19,721710	0,000000	0,000000	0,000000	0,000000	23,982592	24,361935	22,934423	23,489906	23,266088	24,257011	20,594343	20,483221	21,347055	21,700737	23,544123	20,459999	23,309999	25,650000	22,830000	20,139999	20,160000	19,959999	20,010000	19,789999	605,705017	0,000000	20,000000	100034,000000	21,799999
710,000000	19,726755	0,000000	0,000000	0,000000	0,000000	23,967432	24,356882	22,929373	23,484835	23,266088	24,121906	20,589294	20,483221	21,367252	21,775206	23,469679	20,459999	23,350000	25,639999	22,830000	20,139999	20,160000	19,959999	19,969999	19,789999	340282346638528860000000000000000000000,000000	0,023685	20,000000	100034,000000	21,799999
712,000000	19,706551	0,000000	0,000000	0,000000	0,000000	23,957308	24,351830	22,909149	23,489906	23,276192	24,121906	20,589294	20,488270	21,336939	21,604725	23,630062	20,449999	23,410000	25,629999	22,850000	20,150000	20,160000	19,959999	19,959999	19,779999	340282346638528860000000000000000000000,000000	0,023591	20,000000	100034,000000	21,799999
715,000000	19,806299	0,000000	0,000000	0,000000	0,000000	23,952257	24,331596	22,914202	23,494959	23,286314	24,116835	20,569086	20,498383	21,436676	21,684246	23,625010	20,449999	23,379999	25,599998	22,869999	20,139999	20,160000	19,959999	19,959999	19,779999	621,745056	0,023318	20,000000	100030,000000	21,799999
717,000000	19,791143	0,000000	0,000000	0,000000	0,000000	23,947186	24,326544	22,904099	23,494959	23,286314	24,121906	20,683992	20,493336	21,421532	21,679197	23,489906	20,449999	23,369999	25,599998	22,869999	20,139999	20,160000	19,959999	19,949999	19,779999	613,338013	0,023246	20,000000	100034,000000	21,799999
720,000000	19,801254	0,000000	0,000000	0,000000	0,000000	23,947186	24,336649	22,919252	23,484835	23,276192	24,251959	20,678942	20,488270	21,396269	21,564314	23,494959	20,449999	23,369999	25,609999	22,850000	20,139999	20,160000	19,959999	19,939999	19,770000	596,926025	0,023407	20,000000	100034,000000	21,799999
722,000000	19,796207	0,000000	0,000000	0,000000	0,000000	23,942133	24,331596	22,924322	23,484835	23,271139	24,257011	20,683992	20,483221	21,401318	21,604725	23,630062	20,449999	23,369999	25,609999	22,850000	20,139999	20,160000	19,959999	19,930000	19,770000	608,191040	0,023702	20,000000	100034,000000	21,799999
725,000000	19,691414	0,000000	0,000000	0,000000	0,000000	24,057026	24,336649	22,929373	23,484835	23,271139	24,257011	20,678942	20,483221	21,396269	21,609774	23,464626	20,449999	23,340000	25,599998	22,869999	20,139999	20,160000	19,959999	19,910000	19,779999	598,868042	0,023723	20,000000	100034,000000	21,799999
727,000000	19,811348	0,000000	0,000000	0,000000	0,000000	24,046902	24,326544	22,934423	23,494959	23,271139	24,251959	20,564039	20,473125	21,406366	21,754990	23,625010	20,449999	23,389999	25,599998	22,859999	20,139999	20,160000	19,959999	19,900000	19,779999	610,127014	0,023663	20,000000	100034,000000	21,799999
730,000000	19,791143	0,000000	0,000000	0,000000	0,000000	24,051954	24,331596	22,909149	23,494959	23,266088	24,116835	20,574152	20,468079	21,411434	21,599676	23,494959	20,449999	23,359999	25,590000	22,869999	20,139999	20,160000	19,959999	19,920000	19,799999	340282346638528860000000000000000000000,000000	0,023279	20,000000	100034,000000	21,799999
732,000000	19,791143	0,000000	0,000000	0,000000	0,000000	24,051954	24,321472	22,924322	23,484835	23,271139	24,116835	20,569086	20,478172	21,391220	21,669098	23,449453	20,449999	23,340000	25,580000	22,889999	20,139999	20,160000	19,959999	19,939999	19,789999	340282346638528860000000000000000000000,000000	0,023407	20,000000	100034,000000	21,799999
735,000000	19,786097	0,000000	0,000000	0,000000	0,000000	24,057026	24,326544	22,929373	23,489906	23,276192	24,121906	20,678942	20,483221	21,391220	21,569363	23,489906	20,449999	23,369999	25,590000	22,859999	20,139999	20,160000	19,959999	19,949999	19,789999	340282346638528860000000000000000000000,000000	0,023557	20,000000	100034,000000	21,799999
737,000000	19,781052	0,000000	0,000000	0,000000	0,000000	24,057026	24,326544	22,919252	23,489906	23,266088	24,121906	20,678942	20,478172	21,416483	21,609774	23,640186	20,449999	23,410000	25,619999	22,840000	20,139999	20,160000	19,959999	19,939999	19,799999	340282346638528860000000000000000000000,000000	0,023643	20,000000	100034,000000	21,799999
739,000000	19,791143	0,000000	0,000000	0,000000	0,000000	24,051954	24,341702	22,909149	23,489906	23,255985	24,111780	20,678942	20,468079	21,436676	21,775206	23,655342	20,449999	23,410000	25,629999	22,809999	20,139999	20,160000	19,959999	19,930000	19,809999	612,611023	0,023854	20,000000	100034,000000	21,799999
741,000000	19,796207	0,000000	0,000000	0,000000	0,000000	23,942133	24,356882	22,924322	23,484835	23,120865	24,111780	20,678942	20,468079	21,321795	21,765087	23,625010	20,449999	23,359999	25,619999	22,809999	20,139999	20,170000	19,959999	19,920000	19,799999	620,507019	0,023405	20,000000	100038,000000	21,799999
743,000000	19,806299	0,000000	0,000000	0,000000	0,000000	23,942133	24,346777	22,919252	23,494959	23,120865	24,116835	20,564039	20,473125	21,336939	21,780256	23,640186	20,449999	23,400000	25,609999	22,820000	20,139999	20,160000	19,959999	19,910000	19,789999	622,399048	0,023434	20,000000	100034,000000	21,799999
745,000000	19,796207	0,000000	0,000000	0,000000	0,000000	23,947186	24,356882	22,919252	23,489906	23,250916	24,116835	20,569086	20,473125	21,331892	21,780256	23,635115	20,449999	23,379999	25,609999	22,830000	20,139999	20,160000	19,959999	19,900000	19,789999	340282346638528860000000000000000000000,000000	0,023751	20,000000	100034,000000	21,900000
747,000000	19,801254	0,000000	0,000000	0,000000	0,000000	24,057026	24,336649	22,924322	23,494959	23,266088	24,251959	20,579201	20,463032	21,316746	21,604725	23,640186	20,449999	23,379999	25,599998	22,850000	20,139999	20,160000	19,959999	19,889999	19,789999	340282346638528860000000000000000000000,000000	0,023526	20,000000	100034,000000	21,900000
750,000000	19,796207	0,000000	0,000000	0,000000	0,000000	24,062080	24,336649	22,934423	23,489906	23,271139	24,267117	20,569086	20,463032	21,326843	21,754990	23,640186	20,449999	23,389999	25,609999	22,830000	20,129999	20,150000	19,959999	19,879999	19,789999	340282346638528860000000000000000000000,000000	0,023485	20,000000	100034,000000	21,900000
752,000000	19,796207	0,000000	0,000000	0,000000	0,000000	23,952257	24,351830	22,929373	23,489906	23,266088	24,251959	20,564039	20,452919	21,352106	21,754990	23,645239	20,439999	23,400000	25,629999	22,809999	20,129999	20,150000	19,959999	19,869999	19,820000	340282346638528860000000000000000000000,000000	0,023480	20,000000	100034,000000	21,900000
755,000000	19,696459	0,000000	0,000000	0,000000	0,000000	23,947186	24,356882	22,814474	23,494959	23,261036	24,257011	20,564039	20,452919	21,367252	21,795422	23,494959	20,439999	23,369999	25,619999	22,809999	20,129999	20,150000	19,949999	19,859999	19,809999	592,458008	0,023593	20,000000	100034,000000	21,900000
757,000000	19,711617	0,000000	0,000000	0,000000	0,000000	23,952257	24,346777	22,924322	23,494959	23,271139	24,262064	20,569086	20,452919	21,507416	21,795422	23,635115	20,439999	23,359999	25,629999	22,799999	20,119999	20,139999	19,949999	19,850000	19,809999	340282346638528860000000000000000000000,000000	0,023461	20,000000	100034,000000	21,900000
760,000000	19,801254	0,000000	0,000000	0,000000	0,000000	24,057026	24,351830	22,929373	23,494959	23,271139	24,262064	20,569086	20,447868	21,352106	21,775206	23,489906	20,439999	23,379999	25,629999	22,840000	20,119999	20,139999	19,949999	19,869999	19,820000	614,936035	0,023408	20,000000	100034,000000	21,900000
762,000000	19,786097	0,000000	0,000000	0,000000	0,000000	24,051954	24,341702	22,934423	23,494959	23,271139	24,257011	20,683992	20,452919	21,331892	21,614822	23,494959	20,439999	23,359999	25,609999	22,840000	20,119999	20,129999	19,949999	19,869999	19,809999	592,886047	0,002896	20,000000	100034,000000	21,900000
765,000000	19,770937	0,000000	0,000000	0,000000	0,000000	24,031725	24,321472	22,919252	23,494959	23,261036	24,251959	20,673895	20,447868	21,426580	21,674147	23,494959	20,439999	23,389999	25,609999	22,859999	20,119999	20,129999	19,949999	19,859999	19,809999	340282346638528860000000000000000000000,000000	0,024035	20,000000	100034,000000	21,900000
767,000000	19,755800	0,000000	0,000000	0,000000	0,000000	24,026670	24,431311	22,914202	23,625010	23,281263	24,111780	20,678942	20,442822	21,396269	21,628668	23,554226	20,439999	23,330000	25,590000	22,910000	20,119999	20,129999	19,949999	19,859999	19,809999	340282346638528860000000000000000000000,000000	0,023466	20,000000	100034,000000	21,900000
770,000000	19,620689	0,000000	0,000000	0,000000	0,000000	24,031725	24,426239	22,929373	23,494959	23,266088	24,106728	20,564039	20,552662	21,240957	21,648884	23,539070	20,439999	23,299999	25,570000	22,889999	20,119999	20,129999	19,939999	19,859999	19,809999	340282346638528860000000000000000000000,000000	0,023346	20,000000	100034,000000	21,900000
772,000000	19,750734	0,000000	0,000000	0,000000	0,000000	24,016567	24,411079	22,924322	23,494959	23,281263	24,106728	20,584248	20,547615	21,230862	21,498619	23,559296	20,439999	23,320000	25,580000	22,900000	20,119999	20,119999	19,939999	19,869999	19,809999	593,127014	0,002684	20,000000	100034,000000	21,900000
775,000000	19,615644	0,000000	0,000000	0,000000	0,000000	24,016567	24,406006	22,919252	23,489906	23,296415	24,101675	20,569086	20,547615	21,230862	21,488522	23,348358	20,439999	23,219999	25,570000	22,869999	20,119999	20,119999	19,939999	19,869999	19,820000	606,225037	0,023412	20,000000	100034,000000	21,900000
777,000000	19,615644	0,000000	0,000000	0,000000	0,000000	24,031725	24,426239	22,909149	23,625010	23,286314	24,096622	20,564039	20,552662	21,381104	21,648884	23,348358	20,439999	23,209999	25,570000	22,830000	20,119999	20,119999	19,939999	19,889999	19,820000	340282346638528860000000000000000000000,000000	0,023520	20,000000	100034,000000	21,900000
780,000000	19,610596	0,000000	0,000000	0,000000	0,000000	24,031725	24,421186	22,899029	23,489906	23,271139	24,106728	20,574152	20,557709	21,376057	21,633736	23,328133	20,439999	23,219999	25,570000	22,859999	20,119999	20,119999	19,939999	19,910000	19,820000	340282346638528860000000000000000000000,000000	0,023406	20,000000	100034,000000	22,000000
782,000000	19,610596	0,000000	0,000000	0,000000	0,000000	24,036797	24,411079	22,904099	23,489906	23,281263	24,096622	20,579201	20,547615	21,235910	21,488522	23,358461	20,439999	23,230000	25,580000	22,900000	20,119999	20,119999	19,939999	19,910000	19,820000	340282346638528860000000000000000000000,000000	0,023482	20,000000	100034,000000	22,000000
785,000000	19,610596	0,000000	0,000000	0,000000	0,000000	24,021620	24,406006	22,909149	23,489906	23,291365	24,101675	20,589294	20,542568	21,246006	21,679197	23,338234	20,439999	23,230000	25,580000	22,869999	20,119999	20,109999	19,939999	19,900000	19,820000	611,309021	0,023807	20,000000	100034,000000	22,000000
787,000000	19,605530	0,000000	0,000000	0,000000	0,000000	24,036797	24,406006	22,909149	23,489906	23,271139	24,101675	20,599411	20,542568	21,376057	21,574411	23,348358	20,439999	23,189999	25,559999	22,859999	20,119999	20,109999	19,939999	19,900000	19,809999	611,021057	0,023465	20,000000	100034,000000	22,000000
790,000000	19,600485	0,000000	0,000000	0,000000	0,000000	24,041849	24,395901	22,924322	23,489906	23,271139	24,116835	20,589294	20,552662	21,386171	21,619890	23,373615	20,439999	23,230000	25,570000	22,859999	20,119999	20,109999	19,930000	19,889999	19,799999	340282346638528860000000000000000000000,000000	0,023628	20,000000	100030,000000	22,000000
792,000000	19,600485	0,000000	0,000000	0,000000	0,000000	24,041849	24,411079	22,919252	23,484835	23,261036	24,111780	20,594343	20,547615	21,401318	21,609774	23,528965	20,430000	23,240000	25,570000	22,859999	20,109999	20,100000	19,939999	19,889999	19,809999	340282346638528860000000000000000000000,000000	0,002691	20,000000	100034,000000	22,000000
795,000000	19,600485	0,000000	0,000000	0,000000	0,000000	24,031725	24,406006	22,929373	23,494959	23,271139	24,111780	20,594343	20,547615	21,406366	21,619890	23,544123	20,439999	23,289999	25,590000	22,859999	20,109999	20,100000	19,930000	19,869999	19,820000	340282346638528860000000000000000000000,000000	0,023555	20,000000	100034,000000	22,000000
797,000000	19,595440	0,000000	0,000000	0,000000	0,000000	24,021620	24,421186	22,934423	23,494959	23,276192	24,116835	20,579201	20,547615	21,411434	21,599676	23,439348	20,439999	23,330000	25,570000	22,879999	20,109999	20,090000	19,930000	19,869999	19,809999	340282346638528860000000000000000000000,000000	0,023651	20,000000	100030,000000	22,000000
800,000000	19,615644	0,000000	0,000000	0,000000	0,000000	24,026670	24,426239	22,934423	23,625010	23,281263	24,251959	20,579201	20,552662	21,431627	21,624941	23,459576	20,439999	23,340000	25,570000	22,850000	20,109999	20,090000	19,930000	19,869999	19,809999	340282346638528860000000000000000000000,000000	0,023351	20,000000	100034,000000	21,900000
802,000000	19,610596	0,000000	0,000000	0,000000	0,000000	24,036797	24,321472	22,814474	23,494959	23,266088	24,257011	20,574152	20,547615	21,321795	21,775206	23,559296	20,439999	23,320000	25,590000	22,850000	20,109999	20,090000	19,930000	19,859999	19,799999	340282346638528860000000000000000000000,000000	0,023923	20,000000	100034,000000	21,900000
805,000000	19,615644	0,000000	0,000000	0,000000	0,000000	24,041849	24,321472	22,934423	23,494959	23,271139	24,251959	20,574152	20,542568	21,326843	21,760038	23,518843	20,439999	23,279999	25,599998	22,850000	20,109999	20,090000	19,930000	19,850000	19,799999	581,998047	0,023532	20,000000	100034,000000	21,900000
807,000000	19,755800	0,000000	0,000000	0,000000	0,000000	24,051954	24,431311	22,934423	23,630062	23,271139	24,251959	20,589294	20,547615	21,316746	21,780256	23,363514	20,430000	23,250000	25,599998	22,859999	20,109999	20,090000	19,930000	19,840000	19,799999	340282346638528860000000000000000000000,000000	0,023286	20,000000	100034,000000	21,900000
810,000000	19,620689	0,000000	0,000000	0,000000	0,000000	24,031725	24,416132	22,934423	23,630062	23,276192	24,121906	20,584248	20,437775	21,426580	21,619890	23,338234	20,430000	23,199999	25,570000	22,879999	20,109999	20,100000	19,930000	19,830000	19,799999	615,221008	0,023339	20,000000	100034,000000	21,900000
812,000000	19,620689	0,000000	0,000000	0,000000	0,000000	24,051954	24,421186	22,819546	23,630062	23,266088	24,251959	20,579201	20,437775	21,321795	21,770157	23,343287	20,430000	23,219999	25,599998	22,859999	20,109999	20,100000	19,930000	19,820000	19,799999	589,945007	0,023740	20,000000	100034,000000	21,900000
815,000000	19,755800	0,000000	0,000000	0,000000	0,000000	24,057026	24,431311	22,814474	23,630062	23,266088	24,121906	20,574152	20,437775	21,352106	21,760038	23,363514	20,430000	23,230000	25,639999	22,820000	20,109999	20,100000	19,930000	19,820000	19,799999	601,556030	0,023467	20,000000	100034,000000	21,900000
817,000000	19,770937	0,000000	0,000000	0,000000	0,000000	24,062080	24,321472	22,814474	23,625010	23,271139	24,121906	20,564039	20,452919	21,357155	21,760038	23,539070	20,430000	23,289999	25,629999	22,830000	20,109999	20,109999	19,930000	19,809999	19,789999	569,223999	0,023635	20,000000	100034,000000	21,900000
820,000000	19,796207	0,000000	0,000000	0,000000	0,000000	24,057026	24,341702	22,824596	23,630062	23,261036	24,262064	20,574152	20,557709	21,502367	21,785305	23,449453	20,430000	23,340000	25,639999	22,840000	20,109999	20,109999	19,930000	19,809999	19,789999	340282346638528860000000000000000000000,000000	0,023461	20,000000	100034,000000	21,900000
822,000000	19,796207	0,000000	0,000000	0,000000	0,000000	24,057026	24,331596	22,829647	23,630062	23,261036	24,262064	20,579201	20,547615	21,512466	21,780256	23,449453	20,430000	23,330000	25,629999	22,820000	20,109999	20,109999	19,920000	19,799999	19,789999	599,984009	0,023434	20,000000	100034,000000	21,900000
825,000000	19,786097	0,000000	0,000000	0,000000	0,000000	23,947186	24,321472	22,824596	23,635115	23,286314	24,267117	20,574152	20,547615	21,367252	21,584509	23,549173	20,430000	23,320000	25,590000	22,879999	20,109999	20,109999	19,920000	19,779999	19,799999	340282346638528860000000000000000000000,000000	0,023577	20,000000	100034,000000	21,900000
827,000000	19,770937	0,000000	0,000000	0,000000	0,000000	24,057026	24,431311	22,829647	23,635115	23,291365	24,267117	20,599411	20,542568	21,331892	21,569363	23,539070	20,420000	23,289999	25,570000	22,910000	20,100000	20,109999	19,920000	19,779999	19,799999	609,425049	0,002331	20,000000	100034,000000	21,900000
830,000000	19,770937	0,000000	0,000000	0,000000	0,000000	24,036797	24,431311	22,839769	23,635115	23,311590	24,272192	20,594343	20,557709	21,406366	21,664049	23,539070	20,430000	23,279999	25,559999	22,949999	20,100000	20,109999	19,920000	19,779999	19,779999	340282346638528860000000000000000000000,000000	0,023759	20,000000	100030,000000	22,000000
832,000000	19,755800	0,000000	0,000000	0,000000	0,000000	24,041849	24,411079	22,824596	23,635115	23,196693	24,262064	20,599411	20,542568	21,381104	21,498619	23,503689	20,420000	23,240000	25,519999	22,969999	20,100000	20,109999	19,920000	19,770000	19,779999	340282346638528860000000000000000000000,000000	0,023633	20,000000	100030,000000	22,000000
835,000000	19,750734	0,000000	0,000000	0,000000	0,000000	24,021620	24,390846	22,819546	23,635115	23,206795	24,262064	20,594343	20,532473	21,230862	21,468306	23,373615	20,430000	23,260000	25,519999	22,980000	20,090000	20,109999	19,910000	19,760000	19,770000	340282346638528860000000000000000000000,000000	0,023318	20,000000	100030,000000	22,000000
837,000000	19,610596	0,000000	0,000000	0,000000	0,000000	24,006443	24,380722	22,814474	23,645239	23,221972	24,251959	20,614552	20,532473	21,210648	21,453159	23,348358	20,420000	23,199999	25,500000	22,990000	20,090000	20,109999	19,910000	19,760000	19,770000	593,429016	0,023466	20,000000	100030,000000	22,000000
840,000000	19,615644	0,000000	0,000000	0,000000	0,000000	24,016567	24,375669	22,934423	23,645239	23,211866	24,111780	20,604458	20,542568	21,210648	21,483471	23,518843	20,420000	23,250000	25,510000	22,959999	20,090000	20,109999	19,910000	19,760000	19,760000	340282346638528860000000000000000000000,000000	0,023467	20,000000	100030,000000	21,900000
842,000000	19,750734	0,000000	0,000000	0,000000	0,000000	24,021620	24,400953	22,819546	23,635115	23,201744	24,111780	20,594343	20,547615	21,225794	21,628668	23,368565	20,420000	23,230000	25,519999	22,920000	20,090000	20,109999	19,910000	19,760000	19,760000	614,026001	0,023367	20,000000	100034,000000	21,900000
845,000000	19,750734	0,000000	0,000000	0,000000	0,000000	24,026670	24,421186	22,829647	23,640186	23,201744	24,111780	20,599411	20,547615	21,246006	21,564314	23,503689	20,420000	23,230000	25,519999	22,910000	20,080000	20,109999	19,900000	19,770000	19,750000	340282346638528860000000000000000000000,000000	0,023455	20,000000	100034,000000	21,799999
847,000000	19,620689	0,000000	0,000000	0,000000	0,000000	24,041849	24,426239	22,824596	23,635115	23,296415	24,111780	20,599411	20,557709	21,396269	21,604725	23,358461	20,420000	23,250000	25,559999	22,879999	20,080000	20,100000	19,900000	19,770000	19,750000	614,708008	0,023962	20,000000	100030,000000	21,799999
850,000000	19,755800	0,000000	0,000000	0,000000	0,000000	24,057026	24,321472	22,829647	23,640186	23,291365	24,257011	20,604458	20,437775	21,436676	21,785305	23,318010	20,420000	23,189999	25,549999	22,889999	20,070000	20,100000	19,889999	19,770000	19,760000	340282346638528860000000000000000000000,000000	0,023274	20,000000	100030,000000	21,900000
852,000000	19,765892	0,000000	0,000000	0,000000	0,000000	23,947186	24,326544	22,834698	23,645239	23,291365	24,121906	20,614552	20,447868	21,326843	21,795422	23,422802	20,420000	23,160000	25,559999	22,879999	20,070000	20,100000	19,900000	19,770000	19,770000	340282346638528860000000000000000000000,000000	0,000000	20,000000	100030,000000	21,900000
855,000000	19,755800	0,000000	0,000000	0,000000	0,000000	23,952257	24,336649	22,829647	23,650290	23,276192	24,121906	20,594343	20,442822	21,357155	21,790354	23,338234	20,420000	23,199999	25,590000	22,850000	20,070000	20,090000	19,889999	19,770000	19,770000	600,103027	0,023124	20,000000	100030,000000	21,900000
857,000000	19,765892	0,000000	0,000000	0,000000	0,000000	23,957308	24,341702	22,834698	23,645239	23,276192	24,262064	20,584248	20,457966	21,357155	21,790354	23,544123	20,420000	23,279999	25,599998	22,850000	20,070000	20,090000	19,889999	19,770000	19,770000	611,009033	0,000000	20,000000	100030,000000	21,900000
860,000000	19,776005	0,000000	0,000000	0,000000	0,000000	23,957308	24,346777	22,844820	23,655342	23,281263	24,262064	20,574152	20,463032	21,347055	21,604725	23,444401	20,410000	23,320000	25,619999	22,879999	20,070000	20,090000	19,889999	19,770000	19,770000	340282346638528860000000000000000000000,000000	0,023327	20,000000	100030,000000	22,000000
862,000000	19,770937	0,000000	0,000000	0,000000	0,000000	23,947186	24,331596	22,844820	23,645239	23,296415	24,262064	20,569086	20,452919	21,336939	21,609774	23,469679	20,410000	23,340000	25,619999	22,879999	20,070000	20,090000	19,889999	19,779999	19,770000	614,593018	0,023319	20,000000	100030,000000	22,000000
865,000000	19,760847	0,000000	0,000000	0,000000	0,000000	24,051954	24,326544	22,834698	23,655342	23,301468	24,267117	20,579201	20,442822	21,316746	21,614822	23,479784	20,410000	23,340000	25,590000	22,900000	20,070000	20,090000	19,889999	19,779999	19,770000	340282346638528860000000000000000000000,000000	0,023624	20,000000	100030,000000	22,000000
867,000000	19,765892	0,000000	0,000000	0,000000	0,000000	24,057026	24,331596	22,834698	23,650290	23,296415	24,262064	20,589294	20,437775	21,321795	21,624941	23,479784	20,420000	23,340000	25,609999	22,889999	20,070000	20,090000	19,879999	19,779999	19,770000	602,220032	0,023539	20,000000	100030,000000	22,000000
870,000000	19,760847	0,000000	0,000000	0,000000	0,000000	23,942133	24,341702	22,834698	23,660393	23,311590	24,277245	20,574152	20,437775	21,326843	21,754990	23,474731	20,410000	23,330000	25,609999	22,869999	20,070000	20,090000	19,879999	19,789999	19,770000	609,508057	0,023606	20,000000	100034,000000	22,000000
872,000000	19,776005	0,000000	0,000000	0,000000	0,000000	23,947186	24,346777	22,839769	23,655342	23,301468	24,267117	20,584248	20,442822	21,352106	21,785305	23,559296	20,420000	23,279999	25,619999	22,859999	20,059999	20,090000	19,889999	19,789999	19,770000	340282346638528860000000000000000000000,000000	0,023717	20,000000	100034,000000	22,000000
875,000000	19,786097	0,000000	0,000000	0,000000	0,000000	23,947186	24,346777	22,859993	23,655342	23,296415	24,282297	20,609505	20,457966	21,502367	21,705786	23,449453	20,410000	23,320000	25,650000	22,869999	20,059999	20,100000	19,889999	19,789999	19,770000	599,890015	0,023417	20,000000	100034,000000	21,900000
877,000000	19,781052	0,000000	0,000000	0,000000	0,000000	23,952257	24,351830	22,870094	23,655342	23,301468	24,287350	20,619600	20,463032	21,522583	21,705786	23,469679	20,410000	23,350000	25,639999	22,889999	20,059999	20,100000	19,889999	19,799999	19,770000	340282346638528860000000000000000000000,000000	0,023158	20,000000	100034,000000	21,900000
880,000000	19,786097	0,000000	0,000000	0,000000	0,000000	23,962360	24,346777	23,015318	23,660393	23,191643	24,297455	20,619600	20,473125	21,517515	21,690620	23,454504	20,410000	23,340000	25,629999	22,889999	20,059999	20,100000	19,889999	19,799999	19,770000	340282346638528860000000000000000000000,000000	0,023698	20,000000	100034,000000	22,000000
882,000000	19,781052	0,000000	0,000000	0,000000	0,000000	23,967432	24,356882	23,010267	23,665466	23,201744	24,292402	20,619600	20,473125	21,507416	21,805519	23,439348	20,410000	23,299999	25,629999	22,910000	20,059999	20,109999	19,889999	19,799999	19,779999	622,145020	0,023245	20,000000	100034,000000	22,000000
885,000000	19,755800	0,000000	0,000000	0,000000	0,000000	23,967432	24,346777	22,870094	23,670519	23,206795	24,297455	20,604458	20,468079	21,362204	21,790354	23,528965	20,420000	23,299999	25,609999	22,910000	20,059999	20,109999	19,889999	19,799999	19,779999	340282346638528860000000000000000000000,000000	0,023527	20,000000	100034,000000	22,000000
887,000000	19,610596	0,000000	0,000000	0,000000	0,000000	23,962360	24,336649	22,865044	23,670519	23,206795	24,297455	20,609505	20,463032	21,347055	21,770157	23,544123	20,420000	23,299999	25,619999	22,920000	20,059999	20,100000	19,879999	19,799999	19,770000	616,623047	0,023526	20,000000	100038,000000	22,000000
890,000000	19,610596	0,000000	0,000000	0,000000	0,000000	23,962360	24,336649	22,870094	23,680622	23,206795	24,307581	20,594343	20,452919	21,347055	21,770157	23,554226	20,410000	23,309999	25,599998	22,910000	20,070000	20,109999	19,879999	19,789999	19,770000	340282346638528860000000000000000000000,000000	0,023370	20,000000	100038,000000	22,000000
892,000000	19,600485	0,000000	0,000000	0,000000	0,000000	24,057026	24,336649	22,870094	23,675570	23,206795	24,297455	20,594343	20,447868	21,336939	21,765087	23,523895	20,410000	23,279999	25,570000	22,920000	20,070000	20,109999	19,879999	19,789999	19,760000	587,601013	0,023292	20,000000	100038,000000	21,900000
894,000000	19,580282	0,000000	0,000000	0,000000	0,000000	24,062080	24,331596	22,859993	23,680622	23,206795	24,282297	20,599411	20,437775	21,431627	21,609774	23,528965	20,410000	23,269999	25,549999	22,930000	20,059999	20,109999	19,879999	19,789999	19,760000	619,971008	0,023337	20,000000	100034,000000	21,900000
896,000000	19,570189	0,000000	0,000000	0,000000	0,000000	24,046902	24,316418	22,865044	23,680622	23,216919	24,272192	20,619600	20,547615	21,416483	21,594627	23,508739	20,410000	23,250000	25,529999	22,939999	20,070000	20,109999	19,879999	19,789999	19,760000	340282346638528860000000000000000000000,000000	0,023353	20,000000	100038,000000	21,900000
898,000000	19,680033	0,000000	0,000000	0,000000	0,000000	24,041849	24,321472	22,849871	23,675570	23,211866	24,267117	20,609505	20,537519	21,401318	21,574411	23,534019	20,410000	23,289999	25,519999	22,920000	20,070000	20,109999	19,879999	19,789999	19,760000	617,893005	0,023295	20,000000	100038,000000	21,900000
900,000000	19,685078	0,000000	0,000000	0,000000	0,000000	24,051954	24,431311	22,844820	23,670519	23,216919	24,262064	20,604458	20,542568	21,401318	21,594627	23,518843	20,410000	23,250000	25,519999	22,900000	20,070000	20,109999	19,879999	19,779999	19,750000	340282346638528860000000000000000000000,000000	0,023647	20,000000	100034,000000	22,000000
902,000000	19,565125	0,000000	0,000000	0,000000	0,000000	24,057026	24,436363	22,849871	23,670519	23,206795	24,262064	20,614552	20,437775	21,401318	21,589579	23,549173	20,410000	23,309999	25,559999	22,920000	20,070000	20,109999	19,879999	19,779999	19,750000	340282346638528860000000000000000000000,000000	0,000000	20,000000	100034,000000	22,000000
905,000000	19,565125	0,000000	0,000000	0,000000	0,000000	23,942133	24,321472	22,849871	23,670519	23,211866	24,272192	20,594343	20,447868	21,396269	21,569363	23,534019	20,410000	23,269999	25,539999	22,939999	20,070000	20,100000	19,879999	19,779999	19,750000	340282346638528860000000000000000000000,000000	0,023720	20,000000	100034,000000	22,000000
907,000000	19,570189	0,000000	0,000000	0,000000	0,000000	23,942133	24,316418	22,865044	23,670519	23,206795	24,267117	20,579201	20,457966	21,396269	21,674147	23,539070	20,410000	23,269999	25,570000	22,930000	20,070000	20,100000	19,879999	19,770000	19,750000	340282346638528860000000000000000000000,000000	0,023690	20,000000	100034,000000	22,000000
910,000000	19,585327	0,000000	0,000000	0,000000	0,000000	23,942133	24,316418	23,005215	23,675570	23,221972	24,251959	20,579201	20,473125	21,396269	21,664049	23,444401	20,410000	23,330000	25,590000	22,920000	20,070000	20,100000	19,879999	19,770000	19,750000	340282346638528860000000000000000000000,000000	0,023581	20,000000	100034,000000	22,000000
912,000000	19,605530	0,000000	0,000000	0,000000	0,000000	24,062080	24,321472	22,865044	23,680622	23,216919	24,267117	20,584248	20,478172	21,416483	21,684246	23,459576	20,410000	23,350000	25,609999	22,930000	20,059999	20,100000	19,879999	19,770000	19,750000	340282346638528860000000000000000000000,000000	0,002540	20,000000	100034,000000	22,100000
915,000000	19,615644	0,000000	0,000000	0,000000	0,000000	23,962360	24,336649	22,870094	23,680622	23,206795	24,262064	20,589294	20,488270	21,321795	21,619890	23,518843	20,410000	23,269999	25,629999	22,889999	20,059999	20,100000	19,879999	19,770000	19,750000	340282346638528860000000000000000000000,000000	0,023712	20,000000	100034,000000	22,100000
917,000000	19,755800	0,000000	0,000000	0,000000	0,000000	23,982592	24,356882	22,865044	23,675570	23,201744	24,267117	20,604458	20,483221	21,357155	21,785305	23,513792	20,410000	23,260000	25,629999	22,879999	20,059999	20,100000	19,879999	19,770000	19,760000	622,866028	0,002544	20,000000	100034,000000	22,100000
920,000000	19,776005	0,000000	0,000000	0,000000	0,000000	24,127823	24,367008	23,010267	23,680622	23,196693	24,277245	20,754715	20,483221	21,512466	21,705786	23,539070	20,410000	23,289999	25,660000	22,879999	20,059999	20,100000	19,879999	19,770000	19,750000	614,736023	0,023812	20,000000	100034,000000	22,100000
922,000000	19,786097	0,000000	0,000000	0,000000	0,000000	23,982592	24,502115	23,020369	23,680622	23,191643	24,287350	20,759764	20,483221	21,517515	21,705786	23,449453	20,410000	23,320000	25,650000	22,900000	20,059999	20,100000	19,879999	19,770000	19,750000	340282346638528860000000000000000000000,000000	0,023385	20,000000	100034,000000	22,100000
925,000000	19,791143	0,000000	0,000000	0,000000	0,000000	23,987663	24,361935	23,020369	23,685673	23,201744	24,302526	20,754715	20,468079	21,517515	21,805519	23,479784	20,400000	23,369999	25,639999	22,910000	20,059999	20,100000	19,879999	19,770000	19,750000	340282346638528860000000000000000000000,000000	0,023545	20,000000	100034,000000	22,100000
927,000000	19,791143	0,000000	0,000000	0,000000	0,000000	23,982592	24,512241	23,015318	23,685673	23,201744	24,302526	20,614552	20,473125	21,517515	21,800470	23,635115	20,410000	23,400000	25,650000	22,900000	20,059999	20,100000	19,879999	19,770000	19,750000	617,735046	0,023354	20,000000	100034,000000	22,100000
930,000000	19,811348	0,000000	0,000000	0,000000	0,000000	23,982592	24,512241	23,025440	23,565725	23,211866	24,197739	20,609505	20,488270	21,527632	21,805519	23,655342	20,410000	23,410000	25,660000	22,900000	20,059999	20,100000	19,879999	19,770000	19,750000	340282346638528860000000000000000000000,000000	0,023418	20,000000	100034,000000	22,100000
932,000000	19,696459	0,000000	0,000000	0,000000	0,000000	23,982592	24,372061	23,030491	23,570799	23,206795	24,187634	20,614552	20,478172	21,542780	21,705786	23,645239	20,410000	23,389999	25,680000	22,900000	20,059999	20,100000	19,869999	19,779999	19,750000	616,483032	0,023426	20,000000	100034,000000	22,100000
934,000000	19,706551	0,000000	0,000000	0,000000	0,000000	23,982592	24,517294	23,030491	23,575850	23,206795	24,192686	20,614552	20,483221	21,547827	21,705786	23,650290	20,400000	23,410000	25,680000	22,910000	20,059999	20,100000	19,879999	19,779999	19,760000	340282346638528860000000000000000000000,000000	0,023617	20,000000	100034,000000	22,100000
936,000000	19,691414	0,000000	0,000000	0,000000	0,000000	23,987663	24,522346	23,040592	23,580902	23,211866	24,197739	20,619600	20,473125	21,552896	21,720932	23,640186	20,400000	23,389999	25,670000	22,930000	20,059999	20,100000	19,869999	19,789999	19,760000	340282346638528860000000000000000000000,000000	0,023882	20,000000	100030,000000	22,100000
938,000000	19,801254	0,000000	0,000000	0,000000	0,000000	23,982592	24,512241	23,040592	23,580902	23,211866	24,197739	20,609505	20,478172	21,537729	21,705786	23,494959	20,400000	23,359999	25,639999	22,930000	20,059999	20,100000	19,869999	19,789999	19,770000	599,674011	0,023741	20,000000	100030,000000	22,100000
940,000000	19,791143	0,000000	0,000000	0,000000	0,000000	23,977539	24,502115	23,050714	23,580902	23,216919	24,202812	20,624647	20,468079	21,517515	21,810568	23,554226	20,400000	23,299999	25,639999	22,949999	20,059999	20,100000	19,869999	19,799999	19,770000	340282346638528860000000000000000000000,000000	0,023640	20,000000	100030,000000	22,100000
942,000000	19,765892	0,000000	0,000000	0,000000	0,000000	23,972486	24,507170	23,035542	23,580902	23,237123	24,192686	20,624647	20,463032	21,507416	21,795422	23,523895	20,400000	23,269999	25,619999	22,949999	20,059999	20,100000	19,869999	19,799999	19,770000	340282346638528860000000000000000000000,000000	0,023665	20,000000	100034,000000	22,100000
945,000000	19,755800	0,000000	0,000000	0,000000	0,000000	23,987663	24,507170	23,025440	23,591005	23,232073	24,187634	20,624647	20,473125	21,362204	21,785305	23,513792	20,400000	23,240000	25,590000	22,949999	20,059999	20,090000	19,879999	19,809999	19,770000	612,316040	0,023735	20,000000	100034,000000	22,100000
947,000000	19,760847	0,000000	0,000000	0,000000	0,000000	23,992716	24,502115	23,045664	23,585953	23,216919	24,187634	20,619600	20,473125	21,372320	21,810568	23,518843	20,400000	23,250000	25,609999	22,949999	20,059999	20,090000	19,869999	19,809999	19,770000	617,055054	0,023763	20,000000	100034,000000	22,100000
949,000000	19,786097	0,000000	0,000000	0,000000	0,000000	23,992716	24,507170	23,040592	23,585953	23,211866	24,197739	20,624647	20,473125	21,522583	21,710835	23,449453	20,400000	23,330000	25,629999	22,920000	20,059999	20,100000	19,869999	19,809999	19,770000	619,207031	0,023337	20,000000	100034,000000	22,100000
951,000000	19,786097	0,000000	0,000000	0,000000	0,000000	23,987663	24,507170	23,045664	23,585953	23,216919	24,202812	20,759764	20,473125	21,527632	21,705786	23,484835	20,400000	23,350000	25,639999	22,930000	20,059999	20,090000	19,869999	19,809999	19,760000	340282346638528860000000000000000000000,000000	0,023522	20,000000	100034,000000	22,100000
953,000000	19,781052	0,000000	0,000000	0,000000	0,000000	23,987663	24,517294	23,045664	23,591005	23,237123	24,202812	20,759764	20,468079	21,517515	21,790354	23,469679	20,400000	23,350000	25,639999	22,949999	20,059999	20,100000	19,869999	19,820000	19,779999	596,515015	0,023201	20,000000	100034,000000	22,100000
955,000000	19,786097	0,000000	0,000000	0,000000	0,000000	23,982592	24,502115	23,050714	23,591005	23,377300	24,202812	20,754715	20,468079	21,517515	21,790354	23,459576	20,400000	23,330000	25,639999	22,939999	20,059999	20,090000	19,869999	19,840000	19,770000	340282346638528860000000000000000000000,000000	0,023297	20,000000	100034,000000	22,100000
957,000000	19,801254	0,000000	0,000000	0,000000	0,000000	23,987663	24,517294	23,045664	23,591005	23,237123	24,212919	20,769857	20,473125	21,547827	21,715883	23,479784	20,400000	23,340000	25,660000	22,920000	20,059999	20,090000	19,869999	19,840000	19,770000	586,704041	0,022930	20,000000	100034,000000	22,100000
960,000000	19,811348	0,000000	0,000000	0,000000	0,000000	23,992716	24,512241	23,050714	23,596077	23,232073	24,202812	20,774904	20,463032	21,453159	21,746199	23,625010	20,400000	23,379999	25,689999	22,930000	20,070000	20,090000	19,869999	19,820000	19,760000	340282346638528860000000000000000000000,000000	0,023548	20,000000	100034,000000	22,100000
962,000000	19,796207	0,000000	0,000000	0,000000	0,000000	23,987663	24,527401	23,045664	23,601128	23,242195	24,223024	20,774904	20,447868	21,453159	21,746199	23,484835	20,400000	23,350000	25,660000	22,930000	20,070000	20,090000	19,879999	19,820000	19,760000	340282346638528860000000000000000000000,000000	0,023171	20,000000	100034,000000	22,100000
965,000000	19,791143	0,000000	0,000000	0,000000	0,000000	23,997768	24,527401	23,055765	23,596077	23,242195	24,233149	20,764811	20,478172	21,552896	21,726004	23,489906	20,400000	23,340000	25,639999	22,949999	20,070000	20,090000	19,869999	19,820000	19,750000	340282346638528860000000000000000000000,000000	0,023145	20,000000	100034,000000	22,100000
967,000000	19,801254	0,000000	0,000000	0,000000	0,000000	24,137947	24,537527	23,055765	23,611233	23,377300	24,233149	20,764811	20,498383	21,557943	21,736101	23,494959	20,400000	23,369999	25,660000	22,949999	20,059999	20,090000	19,869999	19,799999	19,750000	340282346638528860000000000000000000000,000000	0,023563	20,000000	100034,000000	22,100000
969,000000	19,691414	0,000000	0,000000	0,000000	0,000000	24,137947	24,537527	22,940886	23,611233	23,247248	24,233149	20,790068	20,498383	21,557943	21,736101	23,489906	20,400000	23,369999	25,670000	22,939999	20,070000	20,090000	19,869999	19,789999	19,740000	604,541016	0,023464	20,000000	100034,000000	22,100000
971,000000	19,696459	0,000000	0,000000	0,000000	0,000000	24,132895	24,532475	22,945936	23,606182	23,377300	24,238201	20,785019	20,628429	21,443041	21,876247	23,625010	20,400000	23,369999	25,670000	22,949999	20,070000	20,080000	19,869999	19,789999	19,740000	340282346638528860000000000000000000000,000000	0,023585	20,000000	100034,000000	22,100000
973,000000	19,701506	0,000000	0,000000	0,000000	0,000000	24,153124	24,542582	22,945936	23,611233	23,247248	24,238201	20,779972	20,633476	21,458208	21,876247	23,469679	20,400000	23,330000	25,680000	22,949999	20,070000	20,080000	19,869999	19,779999	19,740000	605,562012	0,023838	20,000000	100034,000000	22,100000
975,000000	19,711617	0,000000	0,000000	0,000000	0,000000	24,153124	24,537527	22,961111	23,611233	23,382351	24,233149	20,785019	20,638525	21,463257	21,886368	23,484835	20,400000	23,340000	25,680000	22,949999	20,059999	20,080000	19,869999	19,779999	19,730000	572,450012	0,023619	20,000000	100034,000000	22,100000
977,000000	19,711617	0,000000	0,000000	0,000000	0,000000	24,153124	24,522346	22,956041	23,611233	23,377300	24,228096	20,785019	20,498383	21,463257	21,886368	23,459576	20,400000	23,330000	25,680000	22,949999	20,070000	20,080000	19,869999	19,789999	19,730000	340282346638528860000000000000000000000,000000	0,023403	20,000000	100030,000000	22,000000
979,000000	19,696459	0,000000	0,000000	0,000000	0,000000	24,148052	24,537527	22,945936	23,616285	23,377300	24,223024	20,790068	20,498383	21,453159	21,876247	23,508739	20,400000	23,269999	25,660000	22,969999	20,059999	20,080000	19,869999	19,789999	19,730000	603,740051	0,023509	20,000000	100030,000000	22,000000
981,000000	19,811348	0,000000	0,000000	0,000000	0,000000	24,153124	24,527401	22,956041	23,616285	23,387402	24,223024	20,785019	20,498383	21,557943	21,726004	23,508739	20,400000	23,240000	25,639999	22,969999	20,070000	20,080000	19,869999	19,789999	19,730000	340282346638528860000000000000000000000,000000	0,023475	20,000000	100034,000000	22,000000
983,000000	19,801254	0,000000	0,000000	0,000000	0,000000	24,153124	24,522346	22,945936	23,621338	23,392473	24,228096	20,774904	20,498383	21,552896	21,715883	23,444401	20,400000	23,309999	25,639999	22,969999	20,070000	20,070000	19,869999	19,779999	19,730000	340282346638528860000000000000000000000,000000	0,023408	20,000000	100034,000000	22,000000
985,000000	19,806299	0,000000	0,000000	0,000000	0,000000	24,148052	24,532475	22,956041	23,751408	23,392473	24,233149	20,779972	20,488270	21,557943	21,705786	23,439348	20,400000	23,299999	25,639999	22,969999	20,070000	20,080000	19,869999	19,770000	19,730000	340282346638528860000000000000000000000,000000	0,023704	20,000000	100034,000000	21,900000
987,000000	19,806299	0,000000	0,000000	0,000000	0,000000	24,137947	24,542582	22,950991	23,621338	23,397524	24,233149	20,785019	20,488270	21,557943	21,690620	23,494959	20,400000	23,379999	25,629999	22,969999	20,070000	20,080000	19,869999	19,770000	19,730000	596,578003	0,023803	20,000000	100034,000000	21,900000
990,000000	19,696459	0,000000	0,000000	0,000000	0,000000	24,143000	24,542582	22,945936	23,621338	23,392473	24,228096	20,790068	20,488270	21,443041	21,715883	23,459576	20,400000	23,330000	25,660000	22,959999	20,059999	20,070000	19,869999	19,779999	19,730000	340282346638528860000000000000000000000,000000	0,023801	20,000000	100034,000000	22,000000
992,000000	19,811348	0,000000	0,000000	0,000000	0,000000	24,137947	24,542582	22,950991	23,621338	23,397524	24,238201	20,774904	20,488270	21,453159	21,715883	23,484835	20,400000	23,330000	25,670000	22,949999	20,070000	20,070000	19,869999	19,770000	19,730000	603,980042	0,023627	20,000000	100034,000000	22,000000
994,000000	19,806299	0,000000	0,000000	0,000000	0,000000	24,143000	24,537527	22,950991	23,751408	23,397524	24,238201	20,774904	20,478172	21,443041	21,810568	23,635115	20,400000	23,379999	25,670000	22,949999	20,059999	20,070000	19,869999	19,770000	19,740000	611,620056	0,023613	20,000000	100034,000000	22,100000
996,000000	19,786097	0,000000	0,000000	0,000000	0,000000	24,143000	24,517294	22,940886	23,756460	23,392473	24,228096	20,769857	20,473125	21,552896	21,805519	23,630062	20,400000	23,369999	25,650000	22,939999	20,070000	20,070000	19,869999	19,770000	19,740000	622,479004	0,023667	20,000000	100034,000000	22,100000
998,000000	19,786097	0,000000	0,000000	0,000000	0,000000	24,137947	24,522346	22,945936	23,751408	23,247248	24,217972	20,624647	20,483221	21,552896	21,695669	23,650290	20,400000	23,379999	25,680000	22,920000	20,070000	20,080000	19,869999	19,770000	19,750000	340282346638528860000000000000000000000,000000	0,023494	20,000000	100034,000000	22,100000
1000,000000	19,786097	0,000000	0,000000	0,000000	0,000000	24,137947	24,527401	23,055765	23,756460	23,232073	24,223024	20,624647	20,488270	21,547827	21,795422	23,640186	20,400000	23,400000	25,670000	22,930000	20,059999	20,080000	19,869999	19,770000	19,750000	606,926025	0,023476	20,000000	100034,000000	22,100000
1002,000000	19,796207	0,000000	0,000000	0,000000	0,000000	24,132895	24,512241	22,940886	23,751408	23,227022	24,238201	20,619600	20,628429	21,542780	21,695669	23,655342	20,400000	23,410000	25,689999	22,939999	20,070000	20,080000	19,869999	19,770000	19,750000	590,548035	0,023402	20,000000	100034,000000	22,100000
1004,000000	19,696459	0,000000	0,000000	0,000000	0,000000	24,137947	24,517294	22,961111	23,751408	23,232073	24,233149	20,619600	20,638525	21,557943	21,715883	23,570799	20,400000	23,459999	25,689999	22,939999	20,070000	20,070000	19,869999	19,770000	19,760000	340282346638528860000000000000000000000,000000	0,023599	20,000000	100034,000000	22,100000
1006,000000	19,701506	0,000000	0,000000	0,000000	0,000000	24,143000	24,537527	22,950991	23,756460	23,232073	24,223024	20,619600	20,643591	21,443041	21,720932	23,665466	20,400000	23,439999	25,709999	22,930000	20,070000	20,070000	19,869999	19,760000	19,770000	579,955017	0,024086	20,000000	100034,000000	22,100000
1008,000000	19,691414	0,000000	0,000000	0,000000	0,000000	24,143000	24,542582	22,966162	23,756460	23,237123	24,238201	20,759764	20,638525	21,453159	21,741150	23,570799	20,400000	23,439999	25,689999	22,930000	20,070000	20,070000	19,869999	19,779999	19,770000	340282346638528860000000000000000000000,000000	0,023569	20,000000	100034,000000	22,100000
1010,000000	19,811348	0,000000	0,000000	0,000000	0,000000	24,143000	24,547634	22,950991	23,761515	23,247248	24,243258	20,769857	20,633476	21,453159	21,746199	23,570799	20,400000	23,449999	25,699999	22,939999	20,070000	20,070000	19,869999	19,779999	19,770000	603,169006	0,023345	20,000000	100034,000000	22,100000
1012,000000	19,811348	0,000000	0,000000	0,000000	0,000000	24,137947	24,537527	22,961111	23,756460	23,377300	24,243258	20,764811	20,633476	21,443041	21,720932	23,585953	20,400000	23,459999	25,709999	22,959999	20,070000	20,070000	19,869999	19,779999	19,760000	340282346638528860000000000000000000000,000000	0,023452	20,000000	100034,000000	22,100000
1014,000000	19,801254	0,000000	0,000000	0,000000	0,000000	24,127823	24,527401	22,961111	23,756460	23,392473	24,248310	20,759764	20,638525	21,557943	21,726004	23,580902	20,400000	23,459999	25,699999	22,969999	20,059999	20,059999	19,869999	19,779999	19,750000	615,509033	0,023590	20,000000	100034,000000	22,100000
1016,000000	19,806299	0,000000	0,000000	0,000000	0,000000	23,997768	24,527401	22,966162	23,756460	23,392473	24,248310	20,624647	20,638525	21,437992	21,731052	23,570799	20,400000	23,439999	25,709999	22,949999	20,059999	20,059999	19,869999	19,770000	19,750000	563,739014	0,023646	20,000000	100034,000000	22,100000
1018,000000	19,796207	0,000000	0,000000	0,000000	0,000000	24,137947	24,547634	22,961111	23,756460	23,387402	24,233149	20,759764	20,638525	21,463257	21,886368	23,570799	20,400000	23,449999	25,719999	22,930000	20,059999	20,059999	19,869999	19,770000	19,750000	340282346638528860000000000000000000000,000000	0,023623	20,000000	100034,000000	22,100000
1020,000000	19,811348	0,000000	0,000000	0,000000	0,000000	24,137947	24,542582	22,956041	23,761515	23,382351	24,238201	20,769857	20,643591	21,468306	21,741150	23,685673	20,400000	23,459999	25,740000	22,939999	20,059999	20,059999	19,869999	19,799999	19,750000	589,857056	0,023485	20,000000	100030,000000	22,100000
1022,000000	19,811348	0,000000	0,000000	0,000000	0,000000	24,137947	24,537527	22,956041	23,761515	23,382351	24,238201	20,764811	20,628429	21,488522	21,741150	23,655342	20,400000	23,410000	25,730000	22,949999	20,059999	20,059999	19,859999	19,820000	19,750000	589,313049	0,023433	20,000000	100030,000000	22,100000
1025,000000	19,691414	0,000000	0,000000	0,000000	0,000000	24,153124	24,547634	22,956041	23,766565	23,382351	24,228096	20,764811	20,493336	21,493570	21,720932	23,489906	20,400000	23,350000	25,709999	22,949999	20,059999	20,059999	19,859999	19,820000	19,750000	340282346638528860000000000000000000000,000000	0,023652	20,000000	100030,000000	22,100000
1027,000000	19,701506	0,000000	0,000000	0,000000	0,000000	24,163231	24,547634	22,966162	23,761515	23,392473	24,217972	20,759764	20,488270	21,633736	21,736101	23,464626	20,400000	23,350000	25,709999	22,939999	20,059999	20,059999	19,859999	19,809999	19,750000	340282346638528860000000000000000000000,000000	0,023753	20,000000	100030,000000	22,100000
1029,000000	19,811348	0,000000	0,000000	0,000000	0,000000	24,163231	24,552706	22,961111	23,771618	23,392473	24,217972	20,764811	20,483221	21,643833	21,876247	23,459576	20,400000	23,309999	25,680000	22,930000	20,059999	20,059999	19,859999	19,809999	19,750000	340282346638528860000000000000000000000,000000	0,023407	20,000000	100030,000000	22,100000
1031,000000	19,786097	0,000000	0,000000	0,000000	0,000000	24,168283	24,552706	22,956041	23,766565	23,387402	24,217972	20,764811	20,473125	21,659000	21,876247	23,454504	20,400000	23,320000	25,680000	22,920000	20,059999	20,059999	19,869999	19,799999	19,740000	609,970032	0,023648	20,000000	100034,000000	22,100000
1033,000000	19,776005	0,000000	0,000000	0,000000	0,000000	24,158178	24,557760	22,956041	23,766565	23,382351	24,212919	20,774904	20,457966	21,659000	21,746199	23,459576	20,400000	23,340000	25,670000	22,910000	20,059999	20,070000	19,869999	19,789999	19,750000	340282346638528860000000000000000000000,000000	0,023387	20,000000	100034,000000	22,100000
1035,000000	19,781052	0,000000	0,000000	0,000000	0,000000	24,143000	24,552706	22,956041	23,766565	23,382351	24,217972	20,759764	20,452919	21,638784	21,746199	23,444401	20,400000	23,320000	25,670000	22,920000	20,059999	20,070000	19,869999	19,789999	19,740000	340282346638528860000000000000000000000,000000	0,023691	20,000000	100034,000000	22,100000
1037,000000	19,770937	0,000000	0,000000	0,000000	0,000000	24,143000	24,547634	22,961111	23,771618	23,242195	24,217972	20,754715	20,452919	21,628668	21,741150	23,474731	20,400000	23,350000	25,670000	22,920000	20,059999	20,070000	19,869999	19,789999	19,740000	340282346638528860000000000000000000000,000000	0,023740	20,000000	100034,000000	22,100000
1040,000000	19,786097	0,000000	0,000000	0,000000	0,000000	24,153124	24,557760	22,950991	23,766565	23,237123	24,212919	20,624647	20,463032	21,638784	21,891417	23,484835	20,400000	23,379999	25,680000	22,900000	20,059999	20,070000	19,869999	19,789999	19,740000	340282346638528860000000000000000000000,000000	0,023491	20,000000	100034,000000	22,100000
1042,000000	19,776005	0,000000	0,000000	0,000000	0,000000	24,153124	24,437815	22,961111	23,766565	23,247248	24,228096	20,759764	20,478172	21,633736	21,906584	23,630062	20,400000	23,389999	25,689999	22,920000	20,059999	20,080000	19,869999	19,789999	19,740000	340282346638528860000000000000000000000,000000	0,023491	20,000000	100034,000000	22,100000
1045,000000	19,806299	0,000000	0,000000	0,000000	0,000000	24,143000	24,442867	22,966162	23,766565	23,247248	24,238201	20,764811	20,488270	21,633736	21,916683	23,660393	20,400000	23,420000	25,689999	22,939999	20,049999	20,080000	19,869999	19,779999	19,740000	340282346638528860000000000000000000000,000000	0,023791	20,000000	100034,000000	22,100000
1047,000000	19,791143	0,000000	0,000000	0,000000	0,000000	24,143000	24,437815	22,971212	23,766565	23,392473	24,243258	20,764811	20,498383	21,498619	21,886368	23,650290	20,400000	23,389999	25,689999	22,959999	20,049999	20,080000	19,869999	19,789999	19,740000	340282346638528860000000000000000000000,000000	0,023804	20,000000	100034,000000	22,100000
1049,000000	19,781052	0,000000	0,000000	0,000000	0,000000	24,158178	24,452993	22,981337	23,771618	23,407629	24,243258	20,779972	20,493336	21,478422	21,736101	23,640186	20,400000	23,389999	25,670000	22,980000	20,059999	20,090000	19,869999	19,789999	19,750000	340282346638528860000000000000000000000,000000	0,023561	20,000000	100034,000000	22,200001
1051,000000	19,776005	0,000000	0,000000	0,000000	0,000000	24,153124	24,547634	22,976263	23,771618	23,417751	24,248310	20,785019	20,488270	21,458208	21,736101	23,484835	20,400000	23,350000	25,650000	23,000000	20,049999	20,090000	19,869999	19,779999	19,750000	340282346638528860000000000000000000000,000000	0,023572	20,000000	100030,000000	22,200001
1053,000000	19,786097	0,000000	0,000000	0,000000	0,000000	24,158178	24,542582	22,986387	23,781740	23,432905	24,248310	20,774904	20,493336	21,453159	21,715883	23,650290	20,400000	23,379999	25,660000	23,010000	20,049999	20,090000	19,869999	19,779999	19,760000	340282346638528860000000000000000000000,000000	0,023519	20,000000	100030,000000	22,200001
1055,000000	19,781052	0,000000	0,000000	0,000000	0,000000	24,148052	24,552706	22,986387	23,776690	23,422802	24,383434	20,774904	20,498383	21,453159	21,746199	23,565725	20,400000	23,439999	25,689999	22,980000	20,059999	20,090000	19,869999	19,770000	19,750000	340282346638528860000000000000000000000,000000	0,023655	20,000000	100034,000000	22,200001
1057,000000	19,786097	0,000000	0,000000	0,000000	0,000000	24,132895	24,552706	22,976263	23,776690	23,432905	24,393539	20,790068	20,488270	21,453159	21,741150	23,580902	20,400000	23,459999	25,689999	23,000000	20,049999	20,090000	19,869999	19,770000	19,750000	340282346638528860000000000000000000000,000000	0,002474	20,000000	100034,000000	22,200001
1060,000000	19,796207	0,000000	0,000000	0,000000	0,000000	24,148052	24,542582	22,986387	23,776690	23,427853	24,388487	20,769857	20,633476	21,437992	21,720932	23,580902	20,400000	23,469999	25,689999	23,010000	20,049999	20,080000	19,869999	19,770000	19,740000	340282346638528860000000000000000000000,000000	0,023483	20,000000	100034,000000	22,200001
1062,000000	19,691414	0,000000	0,000000	0,000000	0,000000	24,148052	24,542582	22,981337	23,781740	23,422802	24,408720	20,774904	20,633476	21,458208	21,746199	23,575850	20,400000	23,449999	25,699999	23,000000	20,049999	20,080000	19,869999	19,770000	19,750000	340282346638528860000000000000000000000,000000	0,023368	20,000000	100034,000000	22,200001
1064,000000	19,811348	0,000000	0,000000	0,000000	0,000000	24,163231	24,447941	22,981337	23,781740	23,417751	24,403648	20,779972	20,638525	21,458208	21,876247	23,670519	20,400000	23,420000	25,699999	22,980000	20,049999	20,080000	19,869999	19,760000	19,750000	603,076050	0,023217	20,000000	100034,000000	22,200001
1066,000000	19,791143	0,000000	0,000000	0,000000	0,000000	24,158178	24,552706	22,971212	23,781740	23,422802	24,408720	20,769857	20,493336	21,448090	21,731052	23,650290	20,400000	23,379999	25,680000	23,000000	20,049999	20,080000	19,869999	19,750000	19,740000	340282346638528860000000000000000000000,000000	0,023552	20,000000	100034,000000	22,200001
1068,000000	19,791143	0,000000	0,000000	0,000000	0,000000	24,163231	24,557760	22,971212	23,786793	23,422802	24,388487	20,769857	20,493336	21,448090	21,731052	23,625010	20,400000	23,359999	25,670000	22,990000	20,039999	20,070000	19,869999	19,750000	19,750000	621,565002	0,023388	20,000000	100034,000000	22,200001
1070,000000	19,776005	0,000000	0,000000	0,000000	0,000000	24,163231	24,557760	22,976263	23,781740	23,407629	24,378363	20,759764	20,498383	21,458208	21,741150	23,454504	20,400000	23,340000	25,660000	22,969999	20,039999	20,070000	19,869999	19,760000	19,740000	340282346638528860000000000000000000000,000000	0,023618	20,000000	100034,000000	22,200001
1072,000000	19,750734	0,000000	0,000000	0,000000	0,000000	24,168283	24,537527	22,971212	23,786793	23,397524	24,238201	20,764811	20,483221	21,443041	21,741150	23,559296	20,400000	23,279999	25,660000	22,980000	20,039999	20,070000	19,859999	19,789999	19,740000	340282346638528860000000000000000000000,000000	0,023448	20,000000	100034,000000	22,200001
1074,000000	19,755800	0,000000	0,000000	0,000000	0,000000	24,163231	24,552706	22,981337	23,786793	23,397524	24,238201	20,759764	20,473125	21,453159	21,726004	23,444401	20,400000	23,299999	25,639999	22,980000	20,039999	20,070000	19,869999	19,789999	19,740000	340282346638528860000000000000000000000,000000	0,023587	20,000000	100034,000000	22,200001
1076,000000	19,755800	0,000000	0,000000	0,000000	0,000000	24,163231	24,547634	22,976263	23,791847	23,392473	24,243258	20,754715	20,478172	21,453159	21,715883	23,479784	20,400000	23,359999	25,650000	22,959999	20,039999	20,070000	19,859999	19,789999	19,730000	601,918030	0,023456	20,000000	100030,000000	22,200001
1078,000000	19,786097	0,000000	0,000000	0,000000	0,000000	24,143000	24,442867	22,971212	23,786793	23,397524	24,238201	20,619600	20,488270	21,468306	21,720932	23,494959	20,400000	23,379999	25,670000	22,959999	20,039999	20,070000	19,859999	19,789999	19,730000	600,106018	0,023390	20,000000	100030,000000	22,100000
1080,000000	19,786097	0,000000	0,000000	0,000000	0,000000	24,158178	24,442867	22,981337	23,786793	23,397524	24,228096	20,759764	20,478172	21,488522	21,881319	23,630062	20,400000	23,389999	25,670000	22,949999	20,039999	20,070000	19,859999	19,789999	19,730000	613,321045	0,023567	20,000000	100034,000000	22,100000
1082,000000	19,781052	0,000000	0,000000	0,000000	0,000000	24,163231	24,447941	22,981337	23,786793	23,387402	24,233149	20,759764	20,478172	21,628668	21,876247	23,494959	20,400000	23,359999	25,670000	22,959999	20,039999	20,070000	19,859999	19,789999	19,730000	340282346638528860000000000000000000000,000000	0,023883	20,000000	100030,000000	22,000000
1084,000000	19,770937	0,000000	0,000000	0,000000	0,000000	24,168283	24,442867	22,986387	23,786793	23,397524	24,238201	20,764811	20,473125	21,493570	21,746199	23,489906	20,400000	23,330000	25,660000	22,969999	20,039999	20,070000	19,859999	19,799999	19,730000	340282346638528860000000000000000000000,000000	0,023691	20,000000	100030,000000	22,000000
1086,000000	19,760847	0,000000	0,000000	0,000000	0,000000	24,158178	24,442867	22,991438	23,786793	23,407629	24,238201	20,769857	20,478172	21,473354	21,731052	23,484835	20,400000	23,359999	25,639999	22,980000	20,039999	20,070000	19,869999	19,799999	19,730000	340282346638528860000000000000000000000,000000	0,023446	20,000000	100030,000000	22,000000
1088,000000	19,760847	0,000000	0,000000	0,000000	0,000000	24,153124	24,552706	22,986387	23,786793	23,422802	24,243258	20,774904	20,468079	21,458208	21,715883	23,459576	20,400000	23,309999	25,609999	23,000000	20,039999	20,080000	19,869999	19,799999	19,730000	340282346638528860000000000000000000000,000000	0,023523	20,000000	100030,000000	22,000000
1090,000000	19,760847	0,000000	0,000000	0,000000	0,000000	24,153124	24,537527	22,986387	23,791847	23,432905	24,243258	20,769857	20,478172	21,443041	21,690620	23,479784	20,400000	23,340000	25,619999	23,010000	20,049999	20,080000	19,859999	19,799999	19,719999	340282346638528860000000000000000000000,000000	0,023490	20,000000	100030,000000	22,100000
1092,000000	19,760847	0,000000	0,000000	0,000000	0,000000	24,163231	24,527401	22,986387	23,786793	23,422802	24,238201	20,774904	20,468079	21,437992	21,690620	23,630062	20,400000	23,369999	25,629999	22,990000	20,049999	20,080000	19,869999	19,799999	19,719999	340282346638528860000000000000000000000,000000	0,023592	20,000000	100034,000000	22,200001
1094,000000	19,776005	0,000000	0,000000	0,000000	0,000000	24,173355	24,532475	22,971212	23,786793	23,417751	24,238201	20,774904	20,478172	21,443041	21,700737	23,680622	20,400000	23,439999	25,660000	22,969999	20,049999	20,080000	19,859999	19,809999	19,730000	340282346638528860000000000000000000000,000000	0,023732	20,000000	100034,000000	22,200001
1096,000000	19,786097	0,000000	0,000000	0,000000	0,000000	24,158178	24,542582	22,986387	23,791847	23,422802	24,248310	20,774904	20,488270	21,448090	21,705786	23,660393	20,400000	23,439999	25,680000	22,980000	20,049999	20,080000	19,859999	19,830000	19,730000	340282346638528860000000000000000000000,000000	0,023467	20,000000	100030,000000	22,200001
1098,000000	19,791143	0,000000	0,000000	0,000000	0,000000	24,168283	24,537527	22,976263	23,791847	23,417751	24,248310	20,769857	20,498383	21,443041	21,695669	23,630062	20,400000	23,389999	25,670000	22,959999	20,049999	20,070000	19,859999	19,850000	19,730000	622,984009	0,023741	20,000000	100030,000000	22,200001
1100,000000	19,796207	0,000000	0,000000	0,000000	0,000000	24,178408	24,542582	22,976263	23,796898	23,412680	24,238201	20,759764	20,633476	21,453159	21,800470	23,454504	20,400000	23,350000	25,660000	22,969999	20,049999	20,080000	19,859999	19,859999	19,730000	340282346638528860000000000000000000000,000000	0,023874	20,000000	100030,000000	22,200001
1102,000000	19,801254	0,000000	0,000000	0,000000	0,000000	24,163231	24,552706	22,986387	23,786793	23,417751	24,238201	20,759764	20,493336	21,443041	21,690620	23,554226	20,400000	23,309999	25,670000	22,969999	20,049999	20,070000	19,859999	19,879999	19,719999	340282346638528860000000000000000000000,000000	0,023386	20,000000	100030,000000	22,200001
1104,000000	19,801254	0,000000	0,000000	0,000000	0,000000	24,178408	24,547634	22,981337	23,791847	23,412680	24,243258	20,759764	20,488270	21,453159	21,720932	23,459576	20,400000	23,330000	25,680000	22,959999	20,049999	20,070000	19,859999	19,889999	19,730000	340282346638528860000000000000000000000,000000	0,023480	20,000000	100030,000000	22,200001
1106,000000	19,786097	0,000000	0,000000	0,000000	0,000000	24,173355	24,552706	22,986387	23,791847	23,392473	24,228096	20,754715	20,478172	21,463257	21,726004	23,454504	20,400000	23,330000	25,670000	22,949999	20,049999	20,070000	19,859999	19,869999	19,730000	340282346638528860000000000000000000000,000000	0,023838	20,000000	100030,000000	22,299999
1108,000000	19,776005	0,000000	0,000000	0,000000	0,000000	24,168283	24,542582	22,976263	23,791847	23,402575	24,233149	20,754715	20,483221	21,443041	21,810568	23,454504	20,400000	23,320000	25,639999	23,000000	20,049999	20,070000	19,859999	19,859999	19,730000	606,668030	0,023446	20,000000	100030,000000	22,299999
1110,000000	19,760847	0,000000	0,000000	0,000000	0,000000	24,163231	24,542582	22,981337	23,786793	23,417751	24,228096	20,769857	20,468079	21,547827	21,790354	23,534019	20,400000	23,299999	25,619999	23,039999	20,059999	20,070000	19,859999	19,850000	19,740000	340282346638528860000000000000000000000,000000	0,023337	20,000000	100026,000000	22,299999
1112,000000	19,750734	0,000000	0,000000	0,000000	0,000000	24,158178	24,532475	22,986387	23,796898	23,312958	24,233149	20,764811	20,473125	21,527632	21,785305	23,523895	20,400000	23,260000	25,599998	23,059999	20,059999	20,080000	19,869999	19,840000	19,740000	340282346638528860000000000000000000000,000000	0,023693	20,000000	100030,000000	22,200001
1114,000000	19,750734	0,000000	0,000000	0,000000	0,000000	24,158178	24,527401	22,986387	23,791847	23,323080	24,243258	20,779972	20,473125	21,507416	21,765087	23,528965	20,400000	23,260000	25,599998	23,070000	20,059999	20,080000	19,869999	19,820000	19,740000	598,038025	0,023565	20,000000	100030,000000	22,200001
1116,000000	19,615644	0,000000	0,000000	0,000000	0,000000	24,137947	24,522346	22,981337	23,791847	23,333183	24,233149	20,785019	20,468079	21,372320	21,754990	23,523895	20,400000	23,260000	25,590000	23,080000	20,059999	20,080000	19,869999	19,809999	19,740000	340282346638528860000000000000000000000,000000	0,023511	20,000000	100026,000000	22,200001
1118,000000	19,615644	0,000000	0,000000	0,000000	0,000000	24,148052	24,517294	22,986387	23,791847	23,333183	24,233149	20,785019	20,473125	21,372320	21,604725	23,513792	20,400000	23,269999	25,590000	23,080000	20,059999	20,070000	19,869999	19,809999	19,740000	622,784058	0,023523	20,000000	100026,000000	22,200001
1120,000000	19,610596	0,000000	0,000000	0,000000	0,000000	24,137947	24,507170	22,986387	23,796898	23,333183	24,233149	20,800163	20,473125	21,367252	21,609774	23,539070	20,400000	23,289999	25,599998	23,049999	20,070000	20,070000	19,869999	19,799999	19,740000	589,471008	0,023167	20,000000	100026,000000	22,200001
1122,000000	19,605530	0,000000	0,000000	0,000000	0,000000	24,143000	24,502115	22,981337	23,796898	23,333183	24,248310	20,805210	20,457966	21,372320	21,599676	23,449453	20,389999	23,340000	25,609999	23,049999	20,070000	20,059999	19,869999	19,789999	19,740000	340282346638528860000000000000000000000,000000	0,023419	20,000000	100026,000000	22,200001
1124,000000	19,605530	0,000000	0,000000	0,000000	0,000000	24,137947	24,372061	22,976263	23,791847	23,338234	24,243258	20,785019	20,457966	21,367252	21,584509	23,544123	20,400000	23,299999	25,599998	23,039999	20,070000	20,059999	19,869999	19,789999	19,740000	617,402039	0,023519	20,000000	100026,000000	22,200001
1126,000000	19,610596	0,000000	0,000000	0,000000	0,000000	24,132895	24,507170	22,981337	23,786793	23,343287	24,238201	20,769857	20,457966	21,502367	21,614822	23,513792	20,389999	23,260000	25,599998	23,029999	20,059999	20,059999	19,869999	19,779999	19,740000	340282346638528860000000000000000000000,000000	0,023466	20,000000	100026,000000	22,200001
1128,000000	19,605530	0,000000	0,000000	0,000000	0,000000	24,153124	24,517294	22,976263	23,786793	23,333183	24,233149	20,759764	20,447868	21,507416	21,775206	23,358461	20,389999	23,240000	25,629999	23,000000	20,070000	20,059999	19,869999	19,770000	19,730000	621,111023	0,023659	20,000000	100026,000000	22,200001
1130,000000	19,600485	0,000000	0,000000	0,000000	0,000000	24,163231	24,532475	22,971212	23,786793	23,323080	24,228096	20,619600	20,457966	21,527632	21,770157	23,534019	20,389999	23,289999	25,629999	23,000000	20,059999	20,059999	19,869999	19,789999	19,730000	340282346638528860000000000000000000000,000000	0,023680	20,000000	100026,000000	22,299999
1132,000000	19,750734	0,000000	0,000000	0,000000	0,000000	24,163231	24,542582	22,981337	23,786793	23,318010	24,228096	20,764811	20,457966	21,557943	21,695669	23,459576	20,389999	23,320000	25,629999	22,980000	20,059999	20,070000	19,869999	19,799999	19,730000	340282346638528860000000000000000000000,000000	0,002977	20,000000	100026,000000	22,299999
1135,000000	19,760847	0,000000	0,000000	0,000000	0,000000	24,163231	24,552706	22,981337	23,791847	23,312958	24,243258	20,774904	20,468079	21,448090	21,715883	23,544123	20,389999	23,320000	25,629999	22,990000	20,059999	20,070000	19,869999	19,789999	19,719999	609,999023	0,023846	20,000000	100026,000000	22,299999
1137,000000	19,765892	0,000000	0,000000	0,000000	0,000000	24,173355	24,542582	22,986387	23,791847	23,312958	24,238201	20,779972	20,478172	21,463257	21,726004	23,534019	20,389999	23,299999	25,660000	22,990000	20,059999	20,070000	19,869999	19,789999	19,719999	340282346638528860000000000000000000000,000000	0,023758	20,000000	100026,000000	22,299999
1139,000000	19,765892	0,000000	0,000000	0,000000	0,000000	24,163231	24,557760	23,126558	23,796898	23,427853	24,238201	20,769857	20,473125	21,478422	21,736101	23,559296	20,389999	23,299999	25,660000	22,980000	20,049999	20,070000	19,869999	19,789999	19,719999	340282346638528860000000000000000000000,000000	0,023410	20,000000	100026,000000	22,299999
1141,000000	19,776005	0,000000	0,000000	0,000000	0,000000	24,178408	24,447941	23,136662	23,791847	23,417751	24,243258	20,764811	20,468079	21,478422	21,741150	23,559296	20,389999	23,320000	25,670000	22,980000	20,049999	20,059999	19,869999	19,779999	19,730000	608,111023	0,023580	20,000000	100026,000000	22,299999
1143,000000	19,765892	0,000000	0,000000	0,000000	0,000000	24,163231	24,552706	22,996508	23,801950	23,407629	24,233149	20,790068	20,463032	21,473354	21,731052	23,534019	20,389999	23,269999	25,650000	23,000000	20,049999	20,059999	19,869999	19,770000	19,719999	618,110046	0,023584	20,000000	100026,000000	22,299999
1145,000000	19,760847	0,000000	0,000000	0,000000	0,000000	24,168283	24,547634	23,131609	23,796898	23,417751	24,238201	20,785019	20,468079	21,463257	21,705786	23,513792	20,389999	23,279999	25,629999	23,000000	20,049999	20,059999	19,869999	19,770000	19,730000	340282346638528860000000000000000000000,000000	0,023625	20,000000	100026,000000	22,200001
1147,000000	19,755800	0,000000	0,000000	0,000000	0,000000	24,163231	24,557760	22,996508	23,796898	23,312958	24,233149	20,785019	20,463032	21,458208	21,800470	23,363514	20,389999	23,240000	25,619999	23,010000	20,049999	20,059999	19,869999	19,770000	19,730000	340282346638528860000000000000000000000,000000	0,023981	20,000000	100026,000000	22,200001
1149,000000	19,615644	0,000000	0,000000	0,000000	0,000000	24,178408	24,542582	23,126558	23,801950	23,318010	24,228096	20,795116	20,452919	21,453159	21,795422	23,333183	20,389999	23,250000	25,619999	23,010000	20,049999	20,059999	19,869999	19,770000	19,730000	598,804016	0,023496	20,000000	100026,000000	22,200001
1151,000000	19,615644	0,000000	0,000000	0,000000	0,000000	24,173355	24,547634	22,986387	23,796898	23,318010	24,223024	20,769857	20,447868	21,473354	21,810568	23,328133	20,389999	23,209999	25,639999	22,969999	20,049999	20,059999	19,869999	19,760000	19,730000	596,286011	0,023557	20,000000	100026,000000	22,200001
1153,000000	19,615644	0,000000	0,000000	0,000000	0,000000	24,178408	24,542582	22,981337	23,796898	23,427853	24,223024	20,769857	20,447868	21,483471	21,720932	23,343287	20,389999	23,230000	25,660000	22,949999	20,049999	20,070000	19,869999	19,770000	19,730000	595,449036	0,023350	20,000000	100026,000000	22,200001
1155,000000	19,755800	0,000000	0,000000	0,000000	0,000000	24,168283	24,542582	22,991438	23,796898	23,312958	24,228096	20,785019	20,457966	21,493570	21,726004	23,358461	20,389999	23,240000	25,660000	22,969999	20,049999	20,059999	19,869999	19,770000	19,730000	340282346638528860000000000000000000000,000000	0,023545	20,000000	100026,000000	22,200001
1157,000000	19,765892	0,000000	0,000000	0,000000	0,000000	24,178408	24,547634	22,996508	23,796898	23,318010	24,378363	20,779972	20,468079	21,483471	21,705786	23,373615	20,389999	23,260000	25,680000	22,990000	20,049999	20,070000	19,869999	19,770000	19,730000	340282346638528860000000000000000000000,000000	0,023737	20,000000	100026,000000	22,200001
1159,000000	19,765892	0,000000	0,000000	0,000000	0,000000	24,163231	24,537527	22,996508	23,796898	23,338234	24,243258	20,785019	20,473125	21,478422	21,695669	23,343287	20,389999	23,240000	25,650000	22,990000	20,039999	20,070000	19,869999	19,770000	19,730000	340282346638528860000000000000000000000,000000	0,023696	20,000000	100026,000000	22,200001
1161,000000	19,760847	0,000000	0,000000	0,000000	0,000000	24,178408	24,542582	22,996508	23,796898	23,328133	24,248310	20,800163	20,468079	21,483471	21,715883	23,358461	20,389999	23,240000	25,650000	23,000000	20,039999	20,070000	19,869999	19,760000	19,730000	340282346638528860000000000000000000000,000000	0,023530	20,000000	100026,000000	22,200001
1163,000000	19,770937	0,000000	0,000000	0,000000	0,000000	24,178408	24,542582	22,996508	23,807022	23,333183	24,248310	20,800163	20,468079	21,488522	21,715883	23,348358	20,389999	23,230000	25,660000	23,000000	20,039999	20,070000	19,869999	19,760000	19,740000	618,639038	0,023753	20,000000	100026,000000	22,200001
1165,000000	19,765892	0,000000	0,000000	0,000000	0,000000	24,168283	24,542582	23,126558	23,801950	23,338234	24,248310	20,805210	20,473125	21,468306	21,695669	23,518843	20,389999	23,250000	25,660000	23,029999	20,039999	20,070000	19,869999	19,760000	19,730000	340282346638528860000000000000000000000,000000	0,023550	20,000000	100026,000000	22,200001
1167,000000	19,760847	0,000000	0,000000	0,000000	0,000000	24,158178	24,547634	23,136662	23,801950	23,348358	24,383434	20,800163	20,478172	21,468306	21,810568	23,513792	20,379999	23,279999	25,650000	23,010000	20,039999	20,070000	19,869999	19,760000	19,730000	340282346638528860000000000000000000000,000000	0,023427	20,000000	100026,000000	22,100000
1169,000000	19,755800	0,000000	0,000000	0,000000	0,000000	24,168283	24,552706	23,126558	23,807022	23,338234	24,248310	20,800163	20,478172	21,458208	21,790354	23,523895	20,379999	23,269999	25,650000	23,019999	20,039999	20,080000	19,859999	19,750000	19,730000	622,923035	0,023853	20,000000	100026,000000	22,200001
1171,000000	19,755800	0,000000	0,000000	0,000000	0,000000	24,178408	24,557760	23,141733	23,801950	23,333183	24,383434	20,800163	20,457966	21,458208	21,705786	23,528965	20,379999	23,289999	25,629999	23,019999	20,039999	20,080000	19,869999	19,750000	19,730000	590,541016	0,023688	20,000000	100026,000000	22,200001
1173,000000	19,750734	0,000000	0,000000	0,000000	0,000000	24,173355	24,557760	23,141733	23,812075	23,343287	24,383434	20,805210	20,457966	21,478422	21,741150	23,559296	20,379999	23,279999	25,639999	23,019999	20,039999	20,070000	19,869999	19,750000	19,730000	340282346638528860000000000000000000000,000000	0,023250	20,000000	100026,000000	22,200001
1175,000000	19,620689	0,000000	0,000000	0,000000	0,000000	24,168283	24,557760	23,141733	23,807022	23,343287	24,383434	20,690325	20,463032	21,478422	21,736101	23,544123	20,379999	23,289999	25,629999	23,019999	20,039999	20,070000	19,869999	19,750000	19,730000	340282346638528860000000000000000000000,000000	0,023294	20,000000	100026,000000	22,299999
1177,000000	19,610596	0,000000	0,000000	0,000000	0,000000	24,168283	24,437815	23,141733	23,807022	23,348358	24,388487	20,715584	20,463032	21,473354	21,720932	23,444401	20,389999	23,330000	25,629999	23,049999	20,029999	20,070000	19,869999	19,760000	19,719999	340282346638528860000000000000000000000,000000	0,023539	20,000000	100026,000000	22,299999
1180,000000	19,610596	0,000000	0,000000	0,000000	0,000000	24,173355	24,552706	23,146784	23,812075	23,348358	24,388487	20,700422	20,473125	21,458208	21,715883	23,373615	20,379999	23,250000	25,639999	23,080000	20,039999	20,059999	19,859999	19,770000	19,719999	340282346638528860000000000000000000000,000000	0,023400	20,000000	100026,000000	22,299999
1182,000000	19,755800	0,000000	0,000000	0,000000	0,000000	24,173355	24,557760	23,151834	23,812075	23,348358	24,398596	20,725677	20,478172	21,458208	21,741150	23,323080	20,379999	23,209999	25,650000	23,070000	20,039999	20,059999	19,869999	19,779999	19,719999	340282346638528860000000000000000000000,000000	0,023587	20,000000	100026,000000	22,299999
1184,000000	19,760847	0,000000	0,000000	0,000000	0,000000	24,173355	24,557760	23,151834	23,812075	23,348358	24,398596	20,725677	20,468079	21,463257	21,726004	23,328133	20,389999	23,209999	25,639999	23,070000	20,039999	20,059999	19,859999	19,779999	19,719999	599,982056	0,023474	20,000000	100026,000000	22,299999
1186,000000	19,615644	0,000000	0,000000	0,000000	0,000000	24,178408	24,537527	23,146784	23,692125	23,353411	24,403648	20,700422	20,452919	21,458208	21,720932	23,312958	20,389999	23,199999	25,650000	23,070000	20,039999	20,049999	19,859999	19,770000	19,709999	340282346638528860000000000000000000000,000000	0,023481	20,000000	100026,000000	22,299999
1188,000000	19,615644	0,000000	0,000000	0,000000	0,000000	24,068586	24,552706	23,141733	23,812075	23,338234	24,383434	20,810278	20,447868	21,473354	21,876247	23,343287	20,389999	23,199999	25,650000	23,039999	20,039999	20,049999	19,859999	19,760000	19,709999	340282346638528860000000000000000000000,000000	0,023730	20,000000	100026,000000	22,299999
1190,000000	19,620689	0,000000	0,000000	0,000000	0,000000	24,183460	24,557760	23,141733	23,692125	23,338234	24,393539	20,805210	20,447868	21,483471	21,726004	23,368565	20,389999	23,250000	25,650000	23,039999	20,029999	20,049999	19,859999	19,760000	19,709999	340282346638528860000000000000000000000,000000	0,023487	20,000000	100026,000000	22,299999
1192,000000	19,620689	0,000000	0,000000	0,000000	0,000000	24,183460	24,542582	23,136662	23,702232	23,353411	24,393539	20,695372	20,452919	21,468306	21,710835	23,513792	20,379999	23,240000	25,650000	23,059999	20,029999	20,049999	19,859999	19,770000	19,719999	340282346638528860000000000000000000000,000000	0,023518	20,000000	100026,000000	22,299999
1194,000000	19,615644	0,000000	0,000000	0,000000	0,000000	24,183460	24,542582	23,146784	23,692125	23,358461	24,393539	20,705469	20,473125	21,473354	21,805519	23,439348	20,389999	23,269999	25,670000	23,049999	20,029999	20,049999	19,859999	19,770000	19,730000	340282346638528860000000000000000000000,000000	0,023417	20,000000	100026,000000	22,299999
1196,000000	19,755800	0,000000	0,000000	0,000000	0,000000	24,178408	24,542582	23,141733	23,697178	23,363514	24,408720	20,700422	20,488270	21,453159	21,599676	23,489906	20,389999	23,330000	25,670000	23,109999	20,029999	20,049999	19,859999	19,770000	19,730000	340282346638528860000000000000000000000,000000	0,023552	20,000000	100026,000000	22,299999
1198,000000	19,781052	0,000000	0,000000	0,000000	0,000000	24,178408	24,442867	23,141733	23,697178	23,358461	24,403648	20,810278	20,493336	21,463257	21,780256	23,484835	20,379999	23,379999	25,670000	23,049999	20,029999	20,049999	19,859999	19,779999	19,730000	603,741028	0,023545	20,000000	100026,000000	22,299999
1200,000000	19,781052	0,000000	0,000000	0,000000	0,000000	24,073639	24,442867	23,146784	23,692125	23,353411	24,408720	20,795116	20,498383	21,478422	21,705786	23,449453	20,389999	23,369999	25,670000	23,039999	20,029999	20,049999	19,859999	19,770000	19,730000	589,579041	0,023685	20,000000	100026,000000	22,299999
1202,000000	19,776005	0,000000	0,000000	0,000000	0,000000	24,078691	24,452993	23,167007	23,697178	23,338234	24,413773	20,805210	20,628429	21,498619	21,736101	23,479784	20,379999	23,350000	25,699999	23,029999	20,029999	20,049999	19,859999	19,779999	19,730000	610,585999	0,023389	20,000000	100026,000000	22,299999
1204,000000	19,796207	0,000000	0,000000	0,000000	0,000000	24,093872	24,468172	23,167007	23,702232	23,343287	24,418825	20,805210	20,638525	21,638784	21,886368	23,459576	20,379999	23,359999	25,719999	23,019999	20,029999	20,049999	19,859999	19,779999	19,730000	340282346638528860000000000000000000000,000000	0,023548	20,000000	100026,000000	22,299999
1206,000000	19,701506	0,000000	0,000000	0,000000	0,000000	24,103975	24,473227	23,167007	23,702232	23,353411	24,423878	20,805210	20,648640	21,664049	21,896465	23,494959	20,379999	23,340000	25,750000	23,029999	20,029999	20,059999	19,859999	19,779999	19,730000	615,446045	0,023400	20,000000	100026,000000	22,299999
1208,000000	19,716661	0,000000	0,000000	0,000000	0,000000	24,109049	24,483353	23,177111	23,707304	23,353411	24,428932	20,800163	20,658733	21,564314	21,926781	23,670519	20,389999	23,389999	25,779999	23,019999	20,029999	20,059999	19,859999	19,779999	19,730000	340282346638528860000000000000000000000,000000	0,023392	20,000000	100026,000000	22,299999
1210,000000	19,706551	0,000000	0,000000	0,000000	0,000000	24,114101	24,493460	23,177111	23,707304	23,343287	24,433987	20,805210	20,668848	21,584509	21,926781	23,565725	20,389999	23,449999	25,779999	23,019999	20,039999	20,059999	19,859999	19,779999	19,730000	340282346638528860000000000000000000000,000000	0,023426	20,000000	100026,000000	22,299999
1212,000000	19,691414	0,000000	0,000000	0,000000	0,000000	24,114101	24,493460	23,182182	23,712355	23,343287	24,428932	20,800163	20,658733	21,584509	21,926781	23,660393	20,389999	23,400000	25,750000	23,029999	20,039999	20,059999	19,859999	19,789999	19,730000	584,682007	0,023335	20,000000	100026,000000	22,299999
1214,000000	19,696459	0,000000	0,000000	0,000000	0,000000	24,098923	24,493460	23,187233	23,717407	23,343287	24,423878	20,805210	20,643591	21,569363	21,916683	23,464626	20,389999	23,369999	25,740000	23,029999	20,039999	20,059999	19,859999	19,799999	19,730000	609,362000	0,023282	20,000000	100026,000000	22,299999
1216,000000	19,806299	0,000000	0,000000	0,000000	0,000000	24,103975	24,478281	23,182182	23,717407	23,343287	24,418825	20,810278	20,648640	21,669098	21,886368	23,368565	20,389999	23,279999	25,719999	23,049999	20,039999	20,059999	19,859999	19,820000	19,730000	340282346638528860000000000000000000000,000000	0,023617	20,000000	100026,000000	22,299999
1218,000000	19,796207	0,000000	0,000000	0,000000	0,000000	24,109049	24,483353	23,187233	23,717407	23,338234	24,408720	20,810278	20,638525	21,674147	21,916683	23,508739	20,389999	23,219999	25,689999	23,019999	20,039999	20,059999	19,859999	19,820000	19,719999	605,432007	0,023611	20,000000	100026,000000	22,299999
1220,000000	19,796207	0,000000	0,000000	0,000000	0,000000	24,114101	24,493460	23,177111	23,717407	23,333183	24,408720	20,805210	20,628429	21,564314	21,921732	23,373615	20,389999	23,250000	25,709999	23,010000	20,039999	20,070000	19,859999	19,830000	19,730000	589,508057	0,023531	20,000000	100026,000000	22,299999
1222,000000	19,791143	0,000000	0,000000	0,000000	0,000000	24,109049	24,498512	23,182182	23,717407	23,328133	24,403648	20,810278	20,493336	21,594627	21,832098	23,503689	20,379999	23,250000	25,740000	22,990000	20,039999	20,070000	19,859999	19,830000	19,730000	617,499023	0,023241	20,000000	100022,000000	22,299999
1225,000000	19,776005	0,000000	0,000000	0,000000	0,000000	24,119154	24,638693	23,177111	23,727510	23,348358	24,398596	20,810278	20,478172	21,604725	21,816948	23,358461	20,379999	23,230000	25,709999	23,000000	20,039999	20,070000	19,869999	19,840000	19,730000	340282346638528860000000000000000000000,000000	0,023554	20,000000	100022,000000	22,299999
1227,000000	19,765892	0,000000	0,000000	0,000000	0,000000	24,103975	24,483353	23,172060	23,722460	23,358461	24,403648	20,690325	20,468079	21,599676	21,916683	23,508739	20,379999	23,250000	25,709999	23,010000	20,039999	20,070000	19,869999	19,830000	19,740000	340282346638528860000000000000000000000,000000	0,023469	20,000000	100026,000000	22,299999
1229,000000	19,765892	0,000000	0,000000	0,000000	0,000000	24,103975	24,473227	23,177111	23,722460	23,348358	24,408720	20,710535	20,457966	21,584509	21,921732	23,539070	20,379999	23,289999	25,719999	23,029999	20,039999	20,070000	19,869999	19,840000	19,740000	605,942017	0,023402	20,000000	100026,000000	22,299999
1231,000000	19,760847	0,000000	0,000000	0,000000	0,000000	24,088816	24,478281	23,177111	23,722460	23,343287	24,418825	20,715584	20,457966	21,574411	21,926781	23,454504	20,379999	23,330000	25,709999	23,029999	20,039999	20,070000	19,869999	19,850000	19,740000	340282346638528860000000000000000000000,000000	0,023192	20,000000	100022,000000	22,299999
1233,000000	19,620689	0,000000	0,000000	0,000000	0,000000	24,088816	24,473227	23,177111	23,722460	23,348358	24,428932	20,715584	20,457966	21,674147	21,891417	23,474731	20,379999	23,330000	25,709999	23,059999	20,039999	20,070000	19,869999	19,850000	19,740000	593,143005	0,023399	20,000000	100026,000000	22,299999
1235,000000	19,610596	0,000000	0,000000	0,000000	0,000000	24,083744	24,468172	23,177111	23,722460	23,348358	24,428932	20,710535	20,442822	21,669098	21,901514	23,484835	20,379999	23,369999	25,699999	23,049999	20,039999	20,070000	19,869999	19,840000	19,740000	600,055054	0,023468	20,000000	100026,000000	22,299999
1237,000000	19,605530	0,000000	0,000000	0,000000	0,000000	24,083744	24,452993	23,177111	23,727510	23,358461	24,433987	20,700422	20,457966	21,669098	21,916683	23,650290	20,379999	23,389999	25,709999	23,059999	20,049999	20,070000	19,869999	19,840000	19,740000	340282346638528860000000000000000000000,000000	0,023758	20,000000	100026,000000	22,299999
1239,000000	19,615644	0,000000	0,000000	0,000000	0,000000	24,183460	24,463120	23,187233	23,727510	23,353411	24,324163	20,700422	20,452919	21,659000	21,906584	23,660393	20,379999	23,400000	25,699999	23,070000	20,049999	20,070000	19,869999	19,859999	19,740000	340282346638528860000000000000000000000,000000	0,023789	20,000000	100026,000000	22,299999
1241,000000	19,610596	0,000000	0,000000	0,000000	0,000000	24,168283	24,447941	23,182182	23,722460	23,368565	24,329218	20,690325	20,452919	21,628668	21,731052	23,645239	20,379999	23,389999	25,670000	23,090000	20,049999	20,070000	19,869999	19,869999	19,740000	621,632019	0,023618	20,000000	100026,000000	22,299999
1243,000000	19,615644	0,000000	0,000000	0,000000	0,000000	24,178408	24,447941	23,177111	23,727510	23,503689	24,329218	20,810278	20,447868	21,498619	21,741150	23,640186	20,379999	23,389999	25,680000	23,080000	20,049999	20,070000	19,869999	19,869999	19,750000	615,630005	0,023476	20,000000	100026,000000	22,299999
1245,000000	19,750734	0,000000	0,000000	0,000000	0,000000	24,183460	24,447941	23,067284	23,727510	23,503689	24,329218	20,805210	20,447868	21,628668	21,746199	23,670519	20,379999	23,389999	25,709999	23,080000	20,049999	20,070000	19,869999	19,859999	19,750000	340282346638528860000000000000000000000,000000	0,023338	20,000000	100026,000000	22,299999
1247,000000	19,755800	0,000000	0,000000	0,000000	0,000000	24,173355	24,458046	23,187233	23,727510	23,518843	24,329218	20,805210	20,457966	21,493570	21,726004	23,635115	20,379999	23,359999	25,680000	23,080000	20,049999	20,080000	19,869999	19,850000	19,750000	340282346638528860000000000000000000000,000000	0,023516	20,000000	100026,000000	22,299999
1249,000000	19,750734	0,000000	0,000000	0,000000	0,000000	24,068586	24,452993	23,182182	23,732584	23,513792	24,319111	20,810278	20,463032	21,628668	21,746199	23,459576	20,379999	23,350000	25,680000	23,070000	20,049999	20,070000	19,869999	19,850000	19,750000	340282346638528860000000000000000000000,000000	0,023354	20,000000	100026,000000	22,299999
1251,000000	19,615644	0,000000	0,000000	0,000000	0,000000	24,083744	24,452993	23,067284	23,727510	23,508739	24,314058	20,810278	20,478172	21,633736	21,901514	23,449453	20,379999	23,330000	25,689999	23,049999	20,049999	20,080000	19,869999	19,850000	19,760000	340282346638528860000000000000000000000,000000	0,023265	20,000000	100026,000000	22,299999
1253,000000	19,755800	0,000000	0,000000	0,000000	0,000000	24,093872	24,468172	23,072334	23,732584	23,503689	24,319111	20,705469	20,493336	21,638784	21,926781	23,549173	20,379999	23,279999	25,689999	23,070000	20,049999	20,080000	19,869999	19,840000	19,760000	611,393005	0,023590	20,000000	100026,000000	22,299999
1255,000000	19,770937	0,000000	0,000000	0,000000	0,000000	24,098923	24,483353	23,077408	23,732584	23,368565	24,314058	20,715584	20,638525	21,653933	21,936899	23,559296	20,379999	23,289999	25,689999	23,070000	20,049999	20,080000	19,869999	19,840000	19,760000	605,698059	0,023515	20,000000	100022,000000	22,299999
1257,000000	19,760847	0,000000	0,000000	0,000000	0,000000	24,119154	24,473227	23,077408	23,732584	23,503689	24,324163	20,725677	20,498383	21,659000	21,916683	23,534019	20,379999	23,299999	25,699999	23,070000	20,049999	20,070000	19,869999	19,830000	19,760000	619,031006	0,023412	20,000000	100026,000000	22,299999
1259,000000	19,760847	0,000000	0,000000	0,000000	0,000000	24,109049	24,488405	23,077408	23,737637	23,508739	24,319111	20,725677	20,498383	21,643833	21,886368	23,464626	20,379999	23,299999	25,699999	23,090000	20,049999	20,070000	19,869999	19,830000	19,770000	340282346638528860000000000000000000000,000000	0,023527	20,000000	100022,000000	22,299999
1261,000000	19,765892	0,000000	0,000000	0,000000	0,000000	24,098923	24,483353	23,087509	23,737637	23,518843	24,319111	20,710535	20,498383	21,638784	21,881319	23,630062	20,379999	23,369999	25,689999	23,100000	20,049999	20,070000	19,879999	19,830000	19,770000	340282346638528860000000000000000000000,000000	0,023432	20,000000	100022,000000	22,299999
1263,000000	19,776005	0,000000	0,000000	0,000000	0,000000	24,114101	24,498512	23,087509	23,737637	23,513792	24,324163	20,700422	20,628429	21,643833	21,891417	23,660393	20,379999	23,410000	25,680000	23,090000	20,049999	20,070000	19,869999	19,840000	19,770000	340282346638528860000000000000000000000,000000	0,023624	20,000000	100022,000000	22,299999
1265,000000	19,796207	0,000000	0,000000	0,000000	0,000000	24,109049	24,638693	23,082458	23,742689	23,503689	24,339344	20,695372	20,643591	21,648884	21,896465	23,565725	20,379999	23,430000	25,709999	23,090000	20,049999	20,059999	19,869999	19,840000	19,779999	340282346638528860000000000000000000000,000000	0,023612	20,000000	100022,000000	22,299999
1267,000000	19,811348	0,000000	0,000000	0,000000	0,000000	24,109049	24,638693	23,097631	23,742689	23,508739	24,339344	20,700422	20,648640	21,643833	21,876247	23,575850	20,379999	23,459999	25,730000	23,080000	20,049999	20,059999	19,869999	19,830000	19,779999	579,361023	0,023399	20,000000	100026,000000	22,299999
1269,000000	19,696459	0,000000	0,000000	0,000000	0,000000	24,109049	24,643747	23,092560	23,747740	23,508739	24,329218	20,700422	20,658733	21,659000	21,926781	23,596077	20,379999	23,459999	25,760000	23,080000	20,049999	20,059999	19,869999	19,830000	19,779999	600,140015	0,023415	20,000000	100026,000000	22,299999
1271,000000	19,716661	0,000000	0,000000	0,000000	0,000000	24,119154	24,643747	23,102682	23,747740	23,368565	24,339344	20,810278	20,668848	21,569363	21,847263	23,621338	20,379999	23,490000	25,799999	23,059999	20,049999	20,059999	19,869999	19,840000	19,779999	340282346638528860000000000000000000000,000000	0,023687	20,000000	100026,000000	22,299999
1273,000000	19,731821	0,000000	0,000000	0,000000	0,000000	24,124207	24,658928	23,102682	23,877792	23,373615	24,349451	20,700422	20,678942	21,594627	21,862413	23,781740	20,379999	23,510000	25,809999	23,070000	20,049999	20,059999	19,869999	19,840000	19,770000	586,822021	0,023175	20,000000	100022,000000	22,299999
1275,000000	19,877026	0,000000	0,000000	0,000000	0,000000	24,124207	24,669054	23,112785	23,882845	23,508739	24,359556	20,715584	20,569086	21,614822	22,032898	23,781740	20,379999	23,549999	25,809999	23,070000	20,059999	20,059999	19,869999	19,850000	19,770000	613,567017	0,023381	20,000000	100022,000000	22,299999
1277,000000	19,746960	0,000000	0,000000	0,000000	0,000000	24,264385	24,674107	23,117857	23,892971	23,513792	24,374737	20,740843	20,564039	21,624941	22,037947	23,751408	20,379999	23,500000	25,820000	23,080000	20,059999	20,059999	19,869999	19,859999	19,770000	340282346638528860000000000000000000000,000000	0,023410	20,000000	100026,000000	22,299999
1279,000000	19,746960	0,000000	0,000000	0,000000	0,000000	24,259333	24,684214	23,122908	23,887918	23,508739	24,504789	20,745890	20,678942	21,624941	22,027847	23,611233	20,379999	23,510000	25,820000	23,109999	20,059999	20,059999	19,869999	19,869999	19,770000	340282346638528860000000000000000000000,000000	0,023434	20,000000	100026,000000	22,299999
1281,000000	19,746960	0,000000	0,000000	0,000000	0,000000	24,284616	24,674107	23,263081	23,892971	23,523895	24,504789	20,886032	20,678942	21,619890	22,012678	23,591005	20,379999	23,469999	25,799999	23,109999	20,059999	20,059999	19,869999	19,879999	19,770000	340282346638528860000000000000000000000,000000	0,023523	20,000000	100026,000000	22,299999
1283,000000	19,746960	0,000000	0,000000	0,000000	0,000000	24,284616	24,674107	23,252958	23,903074	23,534019	24,509842	20,886032	20,683992	21,609774	22,012678	23,570799	20,379999	23,430000	25,779999	23,119999	20,059999	20,070000	19,869999	19,889999	19,760000	340282346638528860000000000000000000000,000000	0,023485	20,000000	100026,000000	22,299999
1285,000000	19,731821	0,000000	0,000000	0,000000	0,000000	24,284616	24,674107	23,263081	23,898022	23,534019	24,509842	20,886032	20,663782	21,594627	21,867483	23,650290	20,379999	23,420000	25,760000	23,139999	20,059999	20,059999	19,869999	19,889999	19,760000	612,824036	0,023408	20,000000	100026,000000	22,299999
1287,000000	19,716661	0,000000	0,000000	0,000000	0,000000	24,264385	24,653872	23,252958	23,908127	23,439348	24,504789	20,896149	20,668848	21,569363	21,931829	23,625010	20,379999	23,379999	25,740000	23,160000	20,070000	20,070000	19,869999	19,900000	19,760000	340282346638528860000000000000000000000,000000	0,023446	20,000000	100026,000000	22,299999
1289,000000	19,701506	0,000000	0,000000	0,000000	0,000000	24,124207	24,643747	23,258009	23,908127	23,444401	24,369684	20,880985	20,658733	21,669098	21,906584	23,630062	20,379999	23,369999	25,730000	23,150000	20,070000	20,070000	19,879999	19,889999	19,760000	340282346638528860000000000000000000000,000000	0,023479	20,000000	100026,000000	22,299999
1291,000000	19,691414	0,000000	0,000000	0,000000	0,000000	24,259333	24,628588	23,252958	23,903074	23,559296	24,364609	20,745890	20,648640	21,669098	21,911633	23,625010	20,379999	23,369999	25,730000	23,119999	20,070000	20,070000	19,879999	19,889999	19,760000	340282346638528860000000000000000000000,000000	0,023563	20,000000	100026,000000	22,299999
1293,000000	19,796207	0,000000	0,000000	0,000000	0,000000	24,254280	24,628588	23,112785	23,903074	23,559296	24,354504	20,875937	20,638525	21,653933	21,906584	23,464626	20,379999	23,369999	25,719999	23,129999	20,070000	20,070000	19,879999	19,879999	19,750000	340282346638528860000000000000000000000,000000	0,023325	20,000000	100026,000000	22,400000
1295,000000	19,791143	0,000000	0,000000	0,000000	0,000000	24,259333	24,493460	23,107733	23,903074	23,439348	24,339344	20,730728	20,633476	21,643833	21,746199	23,489906	20,379999	23,330000	25,689999	23,129999	20,070000	20,080000	19,879999	19,879999	19,750000	590,561035	0,023526	20,000000	100026,000000	22,400000
1297,000000	19,791143	0,000000	0,000000	0,000000	0,000000	24,124207	24,493460	23,097631	23,903074	23,549173	24,344397	20,735775	20,633476	21,643833	21,736101	23,660393	20,379999	23,420000	25,699999	23,109999	20,070000	20,080000	19,879999	19,889999	19,760000	340282346638528860000000000000000000000,000000	0,023481	20,000000	100026,000000	22,400000
1299,000000	19,770937	0,000000	0,000000	0,000000	0,000000	24,264385	24,633640	23,107733	23,908127	23,539070	24,334270	20,725677	20,628429	21,669098	21,891417	23,474731	20,379999	23,389999	25,730000	23,080000	20,080000	20,080000	19,889999	19,900000	19,760000	599,540039	0,023352	20,000000	100022,000000	22,400000
1301,000000	19,781052	0,000000	0,000000	0,000000	0,000000	24,269438	24,633640	23,097631	23,903074	23,534019	24,349451	20,720631	20,638525	21,674147	21,891417	23,469679	20,379999	23,340000	25,730000	23,070000	20,080000	20,080000	19,889999	19,900000	19,760000	597,651001	0,023589	20,000000	100022,000000	22,400000
1303,000000	19,776005	0,000000	0,000000	0,000000	0,000000	24,269438	24,643747	23,097631	23,903074	23,539070	24,344397	20,735775	20,648640	21,674147	21,916683	23,464626	20,379999	23,340000	25,730000	23,080000	20,080000	20,080000	19,889999	19,889999	19,760000	340282346638528860000000000000000000000,000000	0,023422	20,000000	100022,000000	22,400000
1305,000000	19,776005	0,000000	0,000000	0,000000	0,000000	24,279562	24,633640	23,107733	23,908127	23,528965	24,349451	20,730728	20,653687	21,679197	21,916683	23,474731	20,379999	23,330000	25,740000	23,090000	20,080000	20,080000	19,889999	19,879999	19,760000	340282346638528860000000000000000000000,000000	0,023286	20,000000	100026,000000	22,400000
1307,000000	19,786097	0,000000	0,000000	0,000000	0,000000	24,279562	24,648819	23,102682	23,903074	23,539070	24,339344	20,725677	20,643591	21,684246	21,921732	23,554226	20,379999	23,279999	25,750000	23,080000	20,080000	20,090000	19,889999	19,859999	19,760000	340282346638528860000000000000000000000,000000	0,002729	20,000000	100026,000000	22,400000
1310,000000	19,781052	0,000000	0,000000	0,000000	0,000000	24,259333	24,643747	23,097631	23,908127	23,518843	24,339344	20,735775	20,638525	21,564314	21,926781	23,534019	20,379999	23,289999	25,730000	23,090000	20,080000	20,090000	19,889999	19,850000	19,760000	612,234009	0,023477	20,000000	100026,000000	22,400000
1312,000000	19,781052	0,000000	0,000000	0,000000	0,000000	24,114101	24,628588	23,097631	23,903074	23,534019	24,349451	20,735775	20,633476	21,659000	21,901514	23,539070	20,379999	23,299999	25,730000	23,139999	20,080000	20,090000	19,889999	19,869999	19,760000	340282346638528860000000000000000000000,000000	0,023381	20,000000	100026,000000	22,400000
1314,000000	19,786097	0,000000	0,000000	0,000000	0,000000	24,119154	24,493460	23,102682	23,903074	23,544123	24,334270	20,735775	20,633476	21,633736	21,881319	23,534019	20,379999	23,279999	25,709999	23,170000	20,080000	20,090000	19,889999	19,869999	19,770000	620,199036	0,023617	20,000000	100026,000000	22,400000
1316,000000	19,781052	0,000000	0,000000	0,000000	0,000000	24,124207	24,483353	23,122908	23,898022	23,444401	24,339344	20,745890	20,633476	21,493570	21,881319	23,508739	20,379999	23,289999	25,689999	23,180000	20,080000	20,090000	19,889999	19,900000	19,770000	340282346638528860000000000000000000000,000000	0,023660	20,000000	100026,000000	22,400000
1318,000000	19,776005	0,000000	0,000000	0,000000	0,000000	24,254280	24,473227	23,112785	23,908127	23,439348	24,334270	20,875937	20,488270	21,638784	21,906584	23,528965	20,379999	23,269999	25,719999	23,119999	20,080000	20,090000	19,889999	19,920000	19,770000	601,808044	0,023792	20,000000	100026,000000	22,400000
1320,000000	19,781052	0,000000	0,000000	0,000000	0,000000	24,259333	24,478281	23,107733	23,908127	23,549173	24,329218	20,891102	20,483221	21,648884	21,911633	23,534019	20,379999	23,279999	25,709999	23,129999	20,080000	20,090000	19,889999	19,930000	19,760000	340282346638528860000000000000000000000,000000	0,023468	20,000000	100026,000000	22,400000
1322,000000	19,770937	0,000000	0,000000	0,000000	0,000000	24,124207	24,468172	23,112785	23,898022	23,439348	24,329218	20,906244	20,483221	21,638784	21,916683	23,518843	20,379999	23,260000	25,680000	23,150000	20,080000	20,090000	19,889999	19,930000	19,760000	340282346638528860000000000000000000000,000000	0,023613	20,000000	100026,000000	22,400000
1325,000000	19,781052	0,000000	0,000000	0,000000	0,000000	24,114101	24,463120	23,112785	23,908127	23,439348	24,339344	20,816597	20,493336	21,633736	21,832098	23,549173	20,379999	23,240000	25,680000	23,160000	20,080000	20,090000	19,889999	19,900000	19,740000	340282346638528860000000000000000000000,000000	0,023797	20,000000	100026,000000	22,400000
1327,000000	19,781052	0,000000	0,000000	0,000000	0,000000	24,254280	24,478281	23,252958	23,898022	23,439348	24,339344	20,921406	20,643591	21,633736	21,926781	23,549173	20,379999	23,279999	25,699999	23,150000	20,080000	20,090000	19,889999	19,879999	19,740000	605,038025	0,023522	20,000000	100026,000000	22,400000
1329,000000	19,770937	0,000000	0,000000	0,000000	0,000000	24,269438	24,493460	23,117857	23,898022	23,444401	24,329218	20,906244	20,648640	21,659000	21,926781	23,368565	20,379999	23,260000	25,730000	23,119999	20,080000	20,090000	19,889999	19,869999	19,740000	612,798035	0,023901	20,000000	100026,000000	22,400000
1331,000000	19,781052	0,000000	0,000000	0,000000	0,000000	24,284616	24,493460	23,107733	23,903074	23,444401	24,339344	20,891102	20,668848	21,674147	21,916683	23,328133	20,379999	23,219999	25,750000	23,100000	20,080000	20,090000	19,900000	19,850000	19,750000	340282346638528860000000000000000000000,000000	0,024013	20,000000	100026,000000	22,400000
1333,000000	19,781052	0,000000	0,000000	0,000000	0,000000	24,289669	24,633640	23,112785	23,903074	23,559296	24,344397	20,880985	20,648640	21,669098	21,886368	23,363514	20,379999	23,240000	25,740000	23,119999	20,080000	20,090000	19,900000	19,859999	19,750000	340282346638528860000000000000000000000,000000	0,023225	20,000000	100026,000000	22,400000
1335,000000	19,776005	0,000000	0,000000	0,000000	0,000000	24,284616	24,488405	23,122908	23,903074	23,559296	24,344397	20,886032	20,638525	21,653933	21,736101	23,444401	20,379999	23,240000	25,719999	23,139999	20,070000	20,090000	19,889999	19,840000	19,750000	610,214050	0,023285	20,000000	100026,000000	22,400000
1337,000000	19,776005	0,000000	0,000000	0,000000	0,000000	24,259333	24,488405	23,122908	23,903074	23,444401	24,349451	20,875937	20,643591	21,648884	21,746199	23,454504	20,379999	23,320000	25,719999	23,129999	20,070000	20,090000	19,889999	19,820000	19,750000	340282346638528860000000000000000000000,000000	0,023565	20,000000	100026,000000	22,400000
1340,000000	19,781052	0,000000	0,000000	0,000000	0,000000	24,274509	24,498512	23,117857	23,903074	23,554226	24,339344	20,906244	20,638525	21,664049	21,916683	23,549173	20,379999	23,289999	25,719999	23,109999	20,070000	20,090000	19,889999	19,830000	19,750000	340282346638528860000000000000000000000,000000	0,023393	20,000000	100026,000000	22,400000
1342,000000	19,750734	0,000000	0,000000	0,000000	0,000000	24,274509	24,628588	23,107733	23,908127	23,539070	24,334270	20,916359	20,643591	21,669098	21,921732	23,554226	20,379999	23,279999	25,719999	23,109999	20,070000	20,090000	19,889999	19,830000	19,760000	613,782043	0,023478	20,000000	100022,000000	22,400000
1345,000000	19,605530	0,000000	0,000000	0,000000	0,000000	24,264385	24,478281	23,107733	23,908127	23,534019	24,319111	20,740843	20,498383	21,648884	21,736101	23,544123	20,379999	23,269999	25,699999	23,119999	20,070000	20,090000	19,889999	19,830000	19,760000	340282346638528860000000000000000000000,000000	0,023554	20,000000	100022,000000	22,400000
1347,000000	19,595440	0,000000	0,000000	0,000000	0,000000	24,259333	24,473227	23,102682	23,903074	23,518843	24,314058	20,896149	20,488270	21,498619	21,705786	23,554226	20,379999	23,289999	25,680000	23,100000	20,070000	20,090000	19,889999	19,820000	19,760000	340282346638528860000000000000000000000,000000	0,002559	20,000000	100022,000000	22,400000
1350,000000	19,605530	0,000000	0,000000	0,000000	0,000000	24,103975	24,458046	23,102682	23,903074	23,554226	24,324163	20,891102	20,628429	21,478422	21,795422	23,503689	20,379999	23,260000	25,670000	23,160000	20,070000	20,090000	19,889999	19,820000	19,750000	340282346638528860000000000000000000000,000000	0,023688	20,000000	100022,000000	22,400000
1352,000000	19,620689	0,000000	0,000000	0,000000	0,000000	24,124207	24,468172	23,102682	23,903074	23,454504	24,319111	20,745890	20,633476	21,473354	21,754990	23,338234	20,379999	23,240000	25,660000	23,160000	20,059999	20,090000	19,889999	19,809999	19,750000	589,352051	0,002487	20,000000	100022,000000	22,400000
1355,000000	19,750734	0,000000	0,000000	0,000000	0,000000	24,259333	24,483353	23,097631	23,903074	23,469679	24,314058	20,725677	20,658733	21,483471	21,780256	23,412680	20,379999	23,160000	25,680000	23,170000	20,059999	20,100000	19,889999	19,799999	19,750000	587,084045	0,023831	20,000000	100022,000000	22,400000
1357,000000	19,750734	0,000000	0,000000	0,000000	0,000000	24,264385	24,493460	23,107733	23,903074	23,474731	24,319111	20,725677	20,653687	21,493570	21,795422	23,422802	20,379999	23,170000	25,689999	23,160000	20,059999	20,090000	19,889999	19,799999	19,750000	340282346638528860000000000000000000000,000000	0,023325	20,000000	100026,000000	22,400000
1360,000000	19,770937	0,000000	0,000000	0,000000	0,000000	24,284616	24,633640	23,112785	23,908127	23,449453	24,314058	20,720631	20,658733	21,643833	21,720932	23,338234	20,379999	23,209999	25,730000	23,129999	20,059999	20,100000	19,889999	19,799999	19,760000	617,582031	0,023153	20,000000	100026,000000	22,400000
1362,000000	19,776005	0,000000	0,000000	0,000000	0,000000	24,274509	24,633640	23,122908	23,908127	23,459576	24,329218	20,715584	20,653687	21,664049	21,746199	23,513792	20,379999	23,240000	25,719999	23,100000	20,059999	20,100000	19,889999	19,809999	19,760000	340282346638528860000000000000000000000,000000	0,002367	20,000000	100022,000000	22,400000
1365,000000	19,765892	0,000000	0,000000	0,000000	0,000000	24,279562	24,498512	23,122908	23,903074	23,454504	24,324163	20,730728	20,643591	21,669098	21,741150	23,534019	20,379999	23,260000	25,730000	23,109999	20,059999	20,100000	19,889999	19,820000	19,770000	623,021057	0,023333	20,000000	100022,000000	22,400000
1367,000000	19,760847	0,000000	0,000000	0,000000	0,000000	24,274509	24,633640	23,107733	23,908127	23,449453	24,324163	20,725677	20,658733	21,679197	21,886368	23,549173	20,379999	23,289999	25,740000	23,100000	20,059999	20,090000	19,889999	19,820000	19,770000	340282346638528860000000000000000000000,000000	0,000000	20,000000	100022,000000	22,400000
1370,000000	19,760847	0,000000	0,000000	0,000000	0,000000	24,289669	24,653872	23,122908	23,908127	23,549173	24,329218	20,740843	20,638525	21,584509	21,926781	23,640186	20,379999	23,389999	25,779999	23,080000	20,049999	20,100000	19,889999	19,820000	19,760000	622,236023	0,023499	20,000000	100026,000000	22,400000
1372,000000	19,770937	0,000000	0,000000	0,000000	0,000000	24,279562	24,648819	23,258009	23,908127	23,549173	24,334270	20,735775	20,648640	21,604725	21,931829	23,655342	20,379999	23,389999	25,779999	23,070000	20,049999	20,100000	19,889999	19,809999	19,750000	615,461060	0,000000	20,000000	100026,000000	22,400000
1375,000000	19,776005	0,000000	0,000000	0,000000	0,000000	24,274509	24,663980	23,263081	23,913198	23,554226	24,349451	20,730728	20,648640	21,579460	21,881319	23,640186	20,379999	23,389999	25,740000	23,109999	20,049999	20,090000	19,879999	19,809999	19,750000	604,874023	0,023539	20,000000	100022,000000	22,400000
1377,000000	19,760847	0,000000	0,000000	0,000000	0,000000	24,269438	24,638693	23,263081	23,913198	23,559296	24,354504	20,730728	20,643591	21,679197	21,741150	23,454504	20,379999	23,340000	25,709999	23,150000	20,049999	20,090000	19,879999	19,799999	19,750000	591,808044	0,023388	20,000000	100022,000000	22,400000
1380,000000	19,760847	0,000000	0,000000	0,000000	0,000000	24,279562	24,648819	23,258009	23,913198	23,454504	24,359556	20,735775	20,498383	21,669098	21,746199	23,479784	20,379999	23,350000	25,689999	23,150000	20,059999	20,090000	19,879999	19,799999	19,750000	595,673035	0,023639	20,000000	100022,000000	22,400000
1382,000000	19,765892	0,000000	0,000000	0,000000	0,000000	24,274509	24,648819	23,263081	23,913198	23,464626	24,364609	20,725677	20,633476	21,653933	21,726004	23,464626	20,379999	23,350000	25,699999	23,180000	20,049999	20,080000	19,879999	19,799999	19,750000	607,727051	0,023281	20,000000	100022,000000	22,400000
1385,000000	19,765892	0,000000	0,000000	0,000000	0,000000	24,269438	24,648819	23,263081	23,918249	23,459576	24,369684	20,715584	20,643591	21,659000	21,896465	23,439348	20,379999	23,309999	25,719999	23,150000	20,049999	20,080000	19,869999	19,799999	19,740000	340282346638528860000000000000000000000,000000	0,023722	20,000000	100022,000000	22,400000
1387,000000	19,776005	0,000000	0,000000	0,000000	0,000000	24,274509	24,633640	23,273184	23,918249	23,469679	24,359556	20,740843	20,638525	21,664049	21,886368	23,544123	20,379999	23,299999	25,730000	23,160000	20,049999	20,080000	19,869999	19,799999	19,740000	340282346638528860000000000000000000000,000000	0,000000	20,000000	100022,000000	22,400000
1390,000000	19,786097	0,000000	0,000000	0,000000	0,000000	24,274509	24,498512	23,258009	23,918249	23,474731	24,339344	20,730728	20,658733	21,664049	21,876247	23,338234	20,379999	23,219999	25,740000	23,139999	20,049999	20,080000	19,869999	19,789999	19,740000	603,210999	0,023503	20,000000	100022,000000	22,400000
1392,000000	19,770937	0,000000	0,000000	0,000000	0,000000	24,299795	24,633640	23,268133	23,918249	23,459576	24,339344	20,875937	20,648640	21,669098	21,896465	23,333183	20,379999	23,209999	25,709999	23,129999	20,049999	20,080000	19,869999	19,799999	19,740000	340282346638528860000000000000000000000,000000	0,002837	20,000000	100022,000000	22,400000
1395,000000	19,776005	0,000000	0,000000	0,000000	0,000000	24,274509	24,648819	23,258009	23,918249	23,464626	24,334270	20,745890	20,498383	21,664049	21,886368	23,348358	20,379999	23,199999	25,689999	23,119999	20,049999	20,080000	19,869999	19,799999	19,740000	340282346638528860000000000000000000000,000000	0,023473	20,000000	100026,000000	22,400000
1397,000000	19,776005	0,000000	0,000000	0,000000	0,000000	24,294743	24,633640	23,258009	23,918249	23,454504	24,334270	20,730728	20,493336	21,664049	21,886368	23,432905	20,379999	23,170000	25,689999	23,139999	20,049999	20,080000	19,869999	19,799999	19,740000	340282346638528860000000000000000000000,000000	0,002840	20,000000	100026,000000	22,400000
1400,000000	19,765892	0,000000	0,000000	0,000000	0,000000	24,304848	24,633640	23,258009	23,918249	23,459576	24,324163	20,735775	20,628429	21,669098	21,746199	23,397524	20,379999	23,139999	25,689999	23,119999	20,049999	20,080000	19,869999	19,809999	19,740000	617,255005	0,023515	20,000000	100022,000000	22,400000
1402,000000	19,770937	0,000000	0,000000	0,000000	0,000000	24,299795	24,633640	23,258009	23,918249	23,459576	24,324163	20,875937	20,628429	21,564314	21,876247	23,417751	20,379999	23,139999	25,709999	23,109999	20,039999	20,080000	19,879999	19,820000	19,740000	618,495056	0,023629	20,000000	100022,000000	22,299999
1405,000000	19,765892	0,000000	0,000000	0,000000	0,000000	24,299795	24,628588	23,122908	23,918249	23,449453	24,329218	20,916359	20,498383	21,684246	21,901514	23,323080	20,369999	23,180000	25,689999	23,109999	20,039999	20,080000	19,879999	19,809999	19,740000	340282346638528860000000000000000000000,000000	0,023609	20,000000	100022,000000	22,299999
1407,000000	19,781052	0,000000	0,000000	0,000000	0,000000	24,304848	24,498512	23,263081	23,918249	23,459576	24,324163	20,831760	20,498383	21,679197	21,926781	23,422802	20,379999	23,139999	25,680000	23,119999	20,039999	20,080000	19,879999	19,809999	19,750000	610,771057	0,023461	20,000000	100022,000000	22,299999
1410,000000	19,786097	0,000000	0,000000	0,000000	0,000000	24,299795	24,643747	23,252958	23,918249	23,439348	24,329218	20,911291	20,633476	21,574411	21,821997	23,353411	20,369999	23,209999	25,689999	23,119999	20,039999	20,080000	19,879999	19,809999	19,760000	609,045044	0,023506	20,000000	100022,000000	22,299999
1412,000000	19,781052	0,000000	0,000000	0,000000	0,000000	24,294743	24,653872	23,258009	23,918249	23,439348	24,324163	20,921406	20,638525	21,589579	21,816948	23,523895	20,369999	23,240000	25,689999	23,119999	20,039999	20,090000	19,879999	19,820000	19,760000	340282346638528860000000000000000000000,000000	0,002600	20,000000	100022,000000	22,299999
1415,000000	19,791143	0,000000	0,000000	0,000000	0,000000	24,294743	24,658928	23,263081	23,923304	23,444401	24,339344	20,911291	20,643591	21,604725	21,926781	23,523895	20,369999	23,269999	25,699999	23,119999	20,039999	20,090000	19,879999	19,820000	19,779999	612,726013	0,023421	20,000000	100022,000000	22,400000
1417,000000	19,781052	0,000000	0,000000	0,000000	0,000000	24,189974	24,669054	23,268133	23,923304	23,449453	24,344397	20,891102	20,648640	21,609774	21,921732	23,528965	20,369999	23,250000	25,719999	23,119999	20,039999	20,090000	19,879999	19,830000	19,779999	609,574036	0,002544	20,000000	100022,000000	22,400000
1420,000000	19,786097	0,000000	0,000000	0,000000	0,000000	24,309900	24,674107	23,268133	23,928356	23,479784	24,364609	20,901196	20,648640	21,599676	21,926781	23,518843	20,379999	23,260000	25,719999	23,160000	20,039999	20,090000	19,879999	19,850000	19,779999	340282346638528860000000000000000000000,000000	0,023766	20,000000	100018,000000	22,400000
1422,000000	19,796207	0,000000	0,000000	0,000000	0,000000	24,309900	24,658928	23,268133	23,928356	23,479784	24,359556	20,936550	20,663782	21,574411	21,936899	23,518843	20,379999	23,250000	25,709999	23,150000	20,039999	20,090000	19,879999	19,850000	19,789999	340282346638528860000000000000000000000,000000	0,002526	20,000000	100018,000000	22,500000
1425,000000	19,781052	0,000000	0,000000	0,000000	0,000000	24,304848	24,643747	23,283306	23,933409	23,484835	24,374737	20,916359	20,638525	21,679197	21,901514	23,439348	20,379999	23,289999	25,670000	23,170000	20,039999	20,090000	19,879999	19,850000	19,789999	622,502014	0,023288	20,000000	100022,000000	22,500000
1427,000000	19,781052	0,000000	0,000000	0,000000	0,000000	24,289669	24,653872	23,273184	23,933409	23,464626	24,364609	20,906244	20,638525	21,574411	21,926781	23,559296	20,369999	23,320000	25,719999	23,129999	20,039999	20,100000	19,879999	19,850000	19,789999	340282346638528860000000000000000000000,000000	0,002477	20,000000	100022,000000	22,500000
1430,000000	19,781052	0,000000	0,000000	0,000000	0,000000	24,289669	24,658928	23,268133	23,933409	23,449453	24,354504	20,906244	20,638525	21,584509	21,936899	23,559296	20,369999	23,289999	25,719999	23,119999	20,039999	20,100000	19,879999	19,840000	19,799999	340282346638528860000000000000000000000,000000	0,023455	20,000000	100018,000000	22,500000
1432,000000	19,796207	0,000000	0,000000	0,000000	0,000000	24,299795	24,653872	23,273184	23,933409	23,444401	24,359556	20,901196	20,643591	21,584509	21,916683	23,534019	20,369999	23,289999	25,699999	23,119999	20,039999	20,100000	19,879999	19,840000	19,789999	340282346638528860000000000000000000000,000000	0,002676	20,000000	100022,000000	22,500000
1435,000000	19,776005	0,000000	0,000000	0,000000	0,000000	24,294743	24,658928	23,283306	23,933409	23,439348	24,364609	20,891102	20,633476	21,579460	21,816948	23,523895	20,369999	23,279999	25,709999	23,119999	20,049999	20,100000	19,879999	19,830000	19,779999	585,884033	0,023469	20,000000	100018,000000	22,500000
1437,000000	19,770937	0,000000	0,000000	0,000000	0,000000	24,304848	24,663980	23,288357	23,818531	23,449453	24,354504	20,875937	20,638525	21,574411	21,916683	23,518843	20,369999	23,269999	25,719999	23,150000	20,049999	20,100000	19,879999	19,820000	19,779999	340282346638528860000000000000000000000,000000	0,002419	20,000000	100022,000000	22,500000
1440,000000	19,776005	0,000000	0,000000	0,000000	0,000000	24,195026	24,663980	23,278236	23,813459	23,474731	24,349451	20,880985	20,658733	21,589579	21,926781	23,343287	20,379999	23,219999	25,719999	23,119999	20,049999	20,100000	19,879999	19,809999	19,770000	619,686035	0,023829	20,000000	100022,000000	22,500000
1442,000000	19,770937	0,000000	0,000000	0,000000	0,000000	24,189974	24,679159	23,278236	23,813459	23,469679	24,354504	20,886032	20,653687	21,584509	21,921732	23,503689	20,369999	23,230000	25,709999	23,129999	20,049999	20,100000	19,879999	19,809999	19,770000	605,915039	0,002534	20,000000	100022,000000	22,500000
1445,000000	19,770937	0,000000	0,000000	0,000000	0,000000	24,189974	24,674107	23,293407	23,813459	23,474731	24,359556	20,896149	20,673895	21,599676	21,816948	23,513792	20,379999	23,260000	25,730000	23,129999	20,049999	20,100000	19,879999	19,809999	19,760000	340282346638528860000000000000000000000,000000	0,023606	20,000000	100022,000000	22,500000
1447,000000	19,765892	0,000000	0,000000	0,000000	0,000000	24,195026	24,674107	23,298460	23,813459	23,469679	24,364609	20,886032	20,663782	21,594627	21,931829	23,544123	20,369999	23,279999	25,730000	23,129999	20,049999	20,100000	19,879999	19,809999	19,760000	340282346638528860000000000000000000000,000000	0,002680	20,000000	100022,000000	22,500000
1450,000000	19,776005	0,000000	0,000000	0,000000	0,000000	24,304848	24,674107	23,288357	23,823584	23,459576	24,349451	20,740843	20,638525	21,589579	21,911633	23,449453	20,369999	23,320000	25,760000	23,129999	20,049999	20,090000	19,879999	19,820000	19,750000	340282346638528860000000000000000000000,000000	0,023626	20,000000	100022,000000	22,400000
1452,000000	19,770937	0,000000	0,000000	0,000000	0,000000	24,309900	24,684214	23,283306	23,818531	23,459576	24,354504	20,725677	20,628429	21,599676	21,916683	23,474731	20,369999	23,369999	25,760000	23,109999	20,049999	20,090000	19,879999	19,830000	19,750000	340282346638528860000000000000000000000,000000	0,002749	20,000000	100022,000000	22,400000
1455,000000	19,760847	0,000000	0,000000	0,000000	0,000000	24,304848	24,674107	23,278236	23,818531	23,464626	24,364609	20,710535	20,498383	21,599676	21,901514	23,489906	20,369999	23,350000	25,760000	23,100000	20,049999	20,090000	19,879999	19,820000	19,750000	340282346638528860000000000000000000000,000000	0,023643	20,000000	100022,000000	22,400000
1457,000000	19,760847	0,000000	0,000000	0,000000	0,000000	24,299795	24,679159	23,273184	23,818531	23,444401	24,359556	20,690325	20,633476	21,604725	21,911633	23,635115	20,379999	23,389999	25,750000	23,100000	20,049999	20,090000	19,879999	19,809999	19,740000	619,360046	0,023295	20,000000	100022,000000	22,299999
1460,000000	19,770937	0,000000	0,000000	0,000000	0,000000	24,299795	24,679159	23,273184	23,818531	23,444401	24,359556	20,695372	20,628429	21,609774	21,921732	23,484835	20,369999	23,350000	25,750000	23,100000	20,059999	20,090000	19,879999	19,799999	19,750000	340282346638528860000000000000000000000,000000	0,023578	20,000000	100022,000000	22,299999
1462,000000	19,776005	0,000000	0,000000	0,000000	0,000000	24,299795	24,679159	23,273184	23,823584	23,449453	24,364609	20,700422	20,648640	21,594627	21,911633	23,479784	20,369999	23,340000	25,730000	23,119999	20,049999	20,090000	19,879999	19,799999	19,750000	596,246033	0,002697	20,000000	100022,000000	22,299999
1465,000000	19,786097	0,000000	0,000000	0,000000	0,000000	24,294743	24,674107	23,278236	23,818531	23,454504	24,369684	20,715584	20,653687	21,584509	21,881319	23,454504	20,369999	23,350000	25,730000	23,119999	20,059999	20,090000	19,869999	19,799999	19,760000	340282346638528860000000000000000000000,000000	0,023369	20,000000	100022,000000	22,400000
1467,000000	19,801254	0,000000	0,000000	0,000000	0,000000	24,304848	24,679159	23,273184	23,818531	23,444401	24,359556	20,735775	20,663782	21,604725	21,926781	23,479784	20,379999	23,340000	25,740000	23,100000	20,059999	20,090000	19,869999	19,809999	19,760000	620,880005	0,002579	20,000000	100022,000000	22,400000
1470,000000	19,801254	0,000000	0,000000	0,000000	0,000000	24,189974	24,684214	23,288357	23,823584	23,454504	24,364609	20,725677	20,658733	21,614822	21,881319	23,640186	20,379999	23,389999	25,740000	23,119999	20,059999	20,090000	19,869999	19,820000	19,750000	583,983032	0,023310	20,000000	100022,000000	22,400000
1472,000000	19,691414	0,000000	0,000000	0,000000	0,000000	24,189974	24,674107	23,283306	23,823584	23,469679	24,374737	20,730728	20,658733	21,609774	21,896465	23,479784	20,379999	23,350000	25,740000	23,129999	20,059999	20,090000	19,869999	19,820000	19,750000	340282346638528860000000000000000000000,000000	0,023320	20,000000	100022,000000	22,400000
1475,000000	19,791143	0,000000	0,000000	0,000000	0,000000	24,294743	24,663980	23,288357	23,823584	23,474731	24,504789	20,740843	20,658733	21,579460	21,891417	23,439348	20,379999	23,299999	25,699999	23,139999	20,059999	20,090000	19,869999	19,820000	19,750000	612,102051	0,023486	20,000000	100018,000000	22,400000
1477,000000	19,776005	0,000000	0,000000	0,000000	0,000000	24,309900	24,669054	23,278236	23,823584	23,469679	24,374737	20,745890	20,643591	21,584509	21,911633	23,449453	20,369999	23,309999	25,709999	23,129999	20,059999	20,090000	19,869999	19,820000	19,750000	609,111023	0,002470	20,000000	100018,000000	22,400000
1480,000000	19,760847	0,000000	0,000000	0,000000	0,000000	24,299795	24,663980	23,283306	23,823584	23,459576	24,519968	20,880985	20,638525	21,589579	21,936899	23,630062	20,369999	23,369999	25,719999	23,129999	20,059999	20,090000	19,869999	19,820000	19,750000	340282346638528860000000000000000000000,000000	0,023798	20,000000	100018,000000	22,500000
1482,000000	19,770937	0,000000	0,000000	0,000000	0,000000	24,304848	24,679159	23,298460	23,823584	23,459576	24,530075	20,875937	20,648640	21,609774	21,827047	23,665466	20,369999	23,410000	25,730000	23,129999	20,059999	20,090000	19,869999	19,809999	19,750000	609,500000	0,000000	20,000000	100018,000000	22,500000
1485,000000	19,806299	0,000000	0,000000	0,000000	0,000000	24,200079	24,569342	23,303532	23,828638	23,464626	24,545254	20,880985	20,663782	21,754990	21,857363	23,680622	20,369999	23,420000	25,769999	23,150000	20,059999	20,090000	19,879999	19,809999	19,750000	340282346638528860000000000000000000000,000000	0,023433	20,000000	100018,000000	22,500000
1487,000000	19,706551	0,000000	0,000000	0,000000	0,000000	24,195026	24,569342	23,198757	23,828638	23,474731	24,555361	20,880985	20,668848	21,754990	21,837166	23,660393	20,369999	23,420000	25,779999	23,180000	20,059999	20,090000	19,879999	19,830000	19,750000	596,085022	0,000000	20,000000	100018,000000	22,500000
1490,000000	19,701506	0,000000	0,000000	0,000000	0,000000	24,189974	24,579447	23,208860	23,833691	23,489906	24,550308	20,901196	20,668848	21,619890	21,816948	23,645239	20,369999	23,369999	25,760000	23,180000	20,059999	20,090000	19,879999	19,820000	19,740000	618,047058	0,023636	20,000000	100022,000000	22,400000
1492,000000	19,716661	0,000000	0,000000	0,000000	0,000000	24,195026	24,584520	23,213911	23,838743	23,494959	24,550308	20,911291	20,673895	21,609774	21,842215	23,665466	20,369999	23,389999	25,750000	23,199999	20,059999	20,090000	19,879999	19,809999	19,740000	591,002014	0,002663	20,000000	100018,000000	22,400000
1495,000000	19,696459	0,000000	0,000000	0,000000	0,000000	24,299795	24,684214	23,208860	23,838743	23,640186	24,550308	20,896149	20,663782	21,599676	21,821997	23,670519	20,369999	23,439999	25,740000	23,199999	20,059999	20,080000	19,879999	19,799999	19,750000	606,196045	0,023650	20,000000	100018,000000	22,400000
1497,000000	19,806299	0,000000	0,000000	0,000000	0,000000	24,299795	24,674107	23,208860	23,848866	23,645239	24,540182	20,916359	20,673895	21,584509	21,821997	23,469679	20,369999	23,340000	25,719999	23,189999	20,059999	20,080000	19,869999	19,789999	19,750000	340282346638528860000000000000000000000,000000	0,002508	20,000000	100018,000000	22,299999
1500,000000	19,801254	0,000000	0,000000	0,000000	0,000000	24,299795	24,669054	23,208860	23,848866	23,640186	24,535130	20,926455	20,663782	21,589579	21,847263	23,479784	20,379999	23,320000	25,709999	23,189999	20,059999	20,090000	19,869999	19,779999	19,770000	340282346638528860000000000000000000000,000000	0,023306	20,000000	100018,000000	22,299999
1502,000000	19,796207	0,000000	0,000000	0,000000	0,000000	24,195026	24,684214	23,203808	23,843815	23,635115	24,519968	20,916359	20,653687	21,614822	21,852314	23,655342	20,369999	23,400000	25,740000	23,160000	20,059999	20,090000	19,879999	19,779999	19,770000	340282346638528860000000000000000000000,000000	0,000000	20,000000	100018,000000	22,400000
1505,000000	19,696459	0,000000	0,000000	0,000000	0,000000	24,195026	24,569342	23,203808	23,843815	23,625010	24,525023	20,906244	20,658733	21,785305	22,002581	23,575850	20,369999	23,459999	25,769999	23,139999	20,049999	20,090000	19,879999	19,779999	19,760000	340282346638528860000000000000000000000,000000	0,023367	20,000000	100018,000000	22,400000
1507,000000	19,811348	0,000000	0,000000	0,000000	0,000000	24,309900	24,574394	23,203808	23,848866	23,625010	24,525023	20,896149	20,658733	21,785305	21,842215	23,596077	20,379999	23,449999	25,779999	23,170000	20,049999	20,090000	19,869999	19,779999	19,760000	592,014038	0,023337	20,000000	100018,000000	22,500000
1510,000000	19,811348	0,000000	0,000000	0,000000	0,000000	24,189974	24,564287	23,198757	23,848866	23,494959	24,535130	20,886032	20,648640	21,785305	21,847263	23,585953	20,379999	23,449999	25,789999	23,150000	20,049999	20,080000	19,869999	19,779999	19,760000	592,087036	0,023659	20,000000	100018,000000	22,500000
1512,000000	19,696459	0,000000	0,000000	0,000000	0,000000	24,195026	24,589573	23,198757	23,848866	23,479784	24,540182	20,875937	20,653687	21,805519	22,007629	23,611233	20,379999	23,490000	25,809999	23,129999	20,049999	20,080000	19,869999	19,770000	19,760000	605,522034	0,002562	20,000000	100018,000000	22,500000
1515,000000	19,716661	0,000000	0,000000	0,000000	0,000000	24,215258	24,599682	23,213911	23,858971	23,464626	24,540182	20,745890	20,683992	21,705786	22,012678	23,776690	20,379999	23,510000	25,859999	23,109999	20,049999	20,080000	19,869999	19,770000	19,750000	611,053040	0,023696	20,000000	100018,000000	22,500000
1517,000000	19,726755	0,000000	0,000000	0,000000	0,000000	24,200079	24,599682	23,213911	23,848866	23,459576	24,535130	20,880985	20,569086	21,710835	22,017750	23,781740	20,369999	23,549999	25,869999	23,109999	20,049999	20,080000	19,869999	19,770000	19,750000	617,494019	0,000000	20,000000	100018,000000	22,500000
1520,000000	19,716661	0,000000	0,000000	0,000000	0,000000	24,220312	24,609808	23,213911	23,853918	23,474731	24,545254	20,891102	20,683992	21,715883	22,027847	23,585953	20,369999	23,459999	25,830000	23,129999	20,049999	20,080000	19,869999	19,770000	19,750000	616,269043	0,023468	20,000000	100022,000000	22,500000
1522,000000	19,711617	0,000000	0,000000	0,000000	0,000000	24,215258	24,609808	23,213911	23,858971	23,479784	24,540182	20,896149	20,673895	21,720932	22,043015	23,591005	20,379999	23,459999	25,830000	23,129999	20,049999	20,080000	19,869999	19,779999	19,750000	620,987000	0,000000	20,000000	100018,000000	22,500000
1525,000000	19,701506	0,000000	0,000000	0,000000	0,000000	24,220312	24,604755	23,218983	23,858971	23,484835	24,545254	20,875937	20,683992	21,705786	22,007629	23,675570	20,379999	23,420000	25,809999	23,139999	20,039999	20,080000	19,869999	19,779999	19,760000	340282346638528860000000000000000000000,000000	0,023712	20,000000	100022,000000	22,500000
1527,000000	19,696459	0,000000	0,000000	0,000000	0,000000	24,225384	24,594629	23,213911	23,858971	23,489906	24,535130	20,730728	20,668848	21,695669	21,857363	23,580902	20,379999	23,430000	25,809999	23,150000	20,039999	20,070000	19,869999	19,779999	19,760000	340282346638528860000000000000000000000,000000	0,002527	20,000000	100022,000000	22,500000
1530,000000	19,811348	0,000000	0,000000	0,000000	0,000000	24,225384	24,589573	23,203808	23,864025	23,489906	24,530075	20,740843	20,663782	21,700737	22,002581	23,616285	20,379999	23,459999	25,799999	23,119999	20,039999	20,070000	19,869999	19,789999	19,770000	615,268005	0,023670	20,000000	100018,000000	22,500000
1532,000000	19,801254	0,000000	0,000000	0,000000	0,000000	24,215258	24,584520	23,213911	23,858971	23,484835	24,530075	20,880985	20,663782	21,700737	21,872532	23,616285	20,379999	23,480000	25,809999	23,139999	20,039999	20,070000	19,869999	19,789999	19,770000	340282346638528860000000000000000000000,000000	0,002871	20,000000	100022,000000	22,500000
1535,000000	19,796207	0,000000	0,000000	0,000000	0,000000	24,189974	24,594629	23,208860	23,858971	23,489906	24,545254	20,745890	20,658733	21,695669	21,837166	23,575850	20,379999	23,459999	25,769999	23,139999	20,039999	20,070000	19,859999	19,799999	19,760000	615,569031	0,023769	20,000000	100022,000000	22,500000
1537,000000	19,791143	0,000000	0,000000	0,000000	0,000000	24,210205	24,579447	23,203808	23,858971	23,494959	24,535130	20,875937	20,648640	21,800470	21,832098	23,675570	20,379999	23,400000	25,769999	23,160000	20,039999	20,070000	19,869999	19,799999	19,760000	340282346638528860000000000000000000000,000000	0,003045	20,000000	100018,000000	22,500000
1540,000000	19,786097	0,000000	0,000000	0,000000	0,000000	24,200079	24,569342	23,208860	23,858971	23,625010	24,519968	20,886032	20,628429	21,790354	21,827047	23,655342	20,379999	23,379999	25,760000	23,139999	20,039999	20,070000	19,869999	19,809999	19,750000	340282346638528860000000000000000000000,000000	0,023476	20,000000	100018,000000	22,500000
1542,000000	19,770937	0,000000	0,000000	0,000000	0,000000	24,200079	24,564287	23,203808	23,858971	23,489906	24,519968	20,906244	20,628429	21,785305	21,827047	23,685673	20,379999	23,420000	25,769999	23,139999	20,039999	20,070000	19,869999	19,809999	19,750000	618,897034	0,002787	20,000000	100018,000000	22,500000
1545,000000	19,760847	0,000000	0,000000	0,000000	0,000000	24,304848	24,684214	23,198757	23,864025	23,474731	24,514894	20,886032	20,628429	21,785305	21,827047	23,665466	20,379999	23,410000	25,760000	23,160000	20,039999	20,070000	19,869999	19,809999	19,760000	571,641052	0,023206	20,000000	100018,000000	22,500000
1547,000000	19,750734	0,000000	0,000000	0,000000	0,000000	24,309900	24,674107	23,193686	23,858971	23,474731	24,519968	20,901196	20,643591	21,765087	21,931829	23,675570	20,379999	23,439999	25,760000	23,160000	20,039999	20,059999	19,859999	19,809999	19,750000	587,490051	0,023379	20,000000	100018,000000	22,500000
1550,000000	19,610596	0,000000	0,000000	0,000000	0,000000	24,309900	24,663980	23,208860	23,858971	23,494959	24,525023	20,931503	20,643591	21,609774	21,906584	23,660393	20,379999	23,410000	25,740000	23,180000	20,039999	20,070000	19,869999	19,820000	19,760000	340282346638528860000000000000000000000,000000	0,023592	20,000000	100018,000000	22,500000
1552,000000	19,620689	0,000000	0,000000	0,000000	0,000000	24,189974	24,674107	23,198757	23,864025	23,625010	24,535130	20,906244	20,643591	21,619890	21,931829	23,670519	20,379999	23,420000	25,750000	23,160000	20,039999	20,070000	19,869999	19,830000	19,760000	340282346638528860000000000000000000000,000000	0,002432	20,000000	100018,000000	22,500000
1555,000000	19,765892	0,000000	0,000000	0,000000	0,000000	24,189974	24,684214	23,193686	23,853918	23,484835	24,530075	20,886032	20,633476	21,780256	21,857363	23,685673	20,379999	23,430000	25,769999	23,119999	20,039999	20,070000	19,869999	19,820000	19,750000	610,234009	0,023517	20,000000	100018,000000	22,500000
1557,000000	19,781052	0,000000	0,000000	0,000000	0,000000	24,195026	24,569342	23,193686	23,858971	23,464626	24,514894	20,886032	20,638525	21,795422	22,002581	23,645239	20,379999	23,389999	25,769999	23,109999	20,039999	20,070000	19,869999	19,820000	19,750000	611,575012	0,023209	20,000000	100018,000000	22,500000
1560,000000	19,786097	0,000000	0,000000	0,000000	0,000000	24,215258	24,594629	23,203808	23,853918	23,464626	24,535130	20,740843	20,658733	21,800470	21,862413	23,675570	20,369999	23,410000	25,779999	23,119999	20,049999	20,070000	19,859999	19,799999	19,750000	340282346638528860000000000000000000000,000000	0,023497	20,000000	100018,000000	22,500000
1562,000000	19,796207	0,000000	0,000000	0,000000	0,000000	24,220312	24,594629	23,213911	23,864025	23,484835	24,545254	20,725677	20,564039	21,790354	21,837166	23,575850	20,369999	23,439999	25,779999	23,139999	20,049999	20,070000	19,879999	19,799999	19,750000	340282346638528860000000000000000000000,000000	0,023487	20,000000	100018,000000	22,500000
1565,000000	19,796207	0,000000	0,000000	0,000000	0,000000	24,230436	24,609808	23,208860	23,858971	23,479784	24,550308	20,720631	20,678942	21,785305	21,926781	23,565725	20,369999	23,459999	25,789999	23,150000	20,049999	20,080000	19,869999	19,799999	19,750000	615,295044	0,023548	20,000000	100018,000000	22,500000
1567,000000	19,811348	0,000000	0,000000	0,000000	0,000000	24,235489	24,599682	23,208860	23,858971	23,489906	24,545254	20,730728	20,678942	21,775206	21,886368	23,570799	20,379999	23,439999	25,769999	23,170000	20,049999	20,080000	19,869999	19,799999	19,750000	587,856018	0,000000	20,000000	100018,000000	22,500000
1570,000000	19,791143	0,000000	0,000000	0,000000	0,000000	24,220312	24,579447	23,208860	23,858971	23,630062	24,545254	20,880985	20,668848	21,609774	21,720932	23,680622	20,379999	23,430000	25,740000	23,199999	20,049999	20,080000	19,869999	19,799999	19,750000	340282346638528860000000000000000000000,000000	0,023679	20,000000	100018,000000	22,500000
1572,000000	19,796207	0,000000	0,000000	0,000000	0,000000	24,200079	24,569342	23,213911	23,858971	23,645239	24,555361	20,875937	20,668848	21,589579	21,710835	23,685673	20,369999	23,420000	25,750000	23,240000	20,049999	20,080000	19,859999	19,809999	19,760000	340282346638528860000000000000000000000,000000	0,023651	20,000000	100018,000000	22,500000
1575,000000	19,801254	0,000000	0,000000	0,000000	0,000000	24,200079	24,564287	23,218983	23,864025	23,660393	24,545254	20,891102	20,678942	21,584509	21,741150	23,575850	20,379999	23,459999	25,760000	23,230000	20,049999	20,080000	19,859999	19,830000	19,760000	340282346638528860000000000000000000000,000000	0,023633	20,000000	100018,000000	22,500000
1577,000000	19,801254	0,000000	0,000000	0,000000	0,000000	24,195026	24,564287	23,224033	23,864025	23,660393	24,545254	20,891102	20,683992	21,604725	21,906584	23,675570	20,369999	23,439999	25,789999	23,209999	20,049999	20,080000	19,859999	19,840000	19,760000	340282346638528860000000000000000000000,000000	0,002623	20,000000	100018,000000	22,500000
1580,000000	19,696459	0,000000	0,000000	0,000000	0,000000	24,205132	24,579447	23,218983	23,864025	23,645239	24,545254	20,886032	20,683992	21,760038	21,827047	23,660393	20,379999	23,420000	25,799999	23,170000	20,059999	20,080000	19,859999	19,830000	19,760000	611,491028	0,023734	20,000000	100018,000000	22,500000
1582,000000	19,691414	0,000000	0,000000	0,000000	0,000000	24,210205	24,589573	23,213911	23,869078	23,630062	24,550308	20,896149	20,673895	21,790354	21,852314	23,660393	20,369999	23,410000	25,789999	23,139999	20,059999	20,080000	19,859999	19,830000	19,770000	588,218018	0,023567	20,000000	100018,000000	22,500000
1585,000000	19,691414	0,000000	0,000000	0,000000	0,000000	24,225384	24,584520	23,213911	23,869078	23,494959	24,535130	20,916359	20,668848	21,805519	21,847263	23,635115	20,369999	23,359999	25,789999	23,150000	20,059999	20,080000	19,869999	19,820000	19,779999	586,985046	0,023650	20,000000	100018,000000	22,500000
1587,000000	19,706551	0,000000	0,000000	0,000000	0,000000	24,220312	24,579447	23,213911	23,864025	23,494959	24,545254	20,931503	20,668848	21,810568	21,852314	23,575850	20,369999	23,469999	25,820000	23,150000	20,059999	20,070000	19,869999	19,830000	19,779999	616,524048	0,000000	20,000000	100018,000000	22,500000
1590,000000	19,711617	0,000000	0,000000	0,000000	0,000000	24,230436	24,579447	23,224033	23,869078	23,640186	24,545254	20,926455	20,663782	21,795422	21,827047	23,630062	20,369999	23,400000	25,799999	23,170000	20,059999	20,070000	19,869999	19,830000	19,789999	590,475037	0,023572	20,000000	100018,000000	22,500000
1592,000000	19,696459	0,000000	0,000000	0,000000	0,000000	24,230436	24,594629	23,213911	23,869078	23,630062	24,535130	20,906244	20,678942	21,795422	21,832098	23,464626	20,369999	23,359999	25,799999	23,160000	20,059999	20,070000	19,869999	19,830000	19,779999	340282346638528860000000000000000000000,000000	0,002916	20,000000	100022,000000	22,500000
1595,000000	19,806299	0,000000	0,000000	0,000000	0,000000	24,230436	24,589573	23,208860	23,869078	23,630062	24,545254	20,906244	20,673895	21,790354	21,827047	23,559296	20,379999	23,309999	25,769999	23,170000	20,059999	20,070000	19,869999	19,830000	19,779999	590,358032	0,023758	20,000000	100022,000000	22,500000
1597,000000	19,806299	0,000000	0,000000	0,000000	0,000000	24,220312	24,574394	23,208860	23,874149	23,635115	24,535130	20,926455	20,663782	21,760038	21,901514	23,479784	20,369999	23,320000	25,769999	23,199999	20,059999	20,070000	19,859999	19,840000	19,789999	605,698059	0,000000	20,000000	100022,000000	22,500000
1600,000000	19,806299	0,000000	0,000000	0,000000	0,000000	24,235489	24,684214	23,213911	23,874149	23,635115	24,535130	20,816597	20,678942	21,760038	21,916683	23,494959	20,369999	23,379999	25,789999	23,189999	20,059999	20,070000	19,869999	19,840000	19,789999	596,375000	0,023303	20,000000	100018,000000	22,500000
1602,000000	19,811348	0,000000	0,000000	0,000000	0,000000	24,235489	24,579447	23,224033	23,869078	23,630062	24,530075	20,816597	20,678942	21,770157	21,827047	23,494959	20,369999	23,369999	25,789999	23,170000	20,059999	20,070000	19,869999	19,840000	19,789999	615,166016	0,002679	20,000000	100022,000000	22,500000
1605,000000	19,691414	0,000000	0,000000	0,000000	0,000000	24,240541	24,579447	23,224033	24,004200	23,494959	24,530075	20,916359	20,678942	21,805519	21,872532	23,494959	20,369999	23,340000	25,820000	23,170000	20,059999	20,059999	19,869999	19,840000	19,789999	613,906006	0,023469	20,000000	100018,000000	22,500000
1607,000000	19,696459	0,000000	0,000000	0,000000	0,000000	24,240541	24,589573	23,229086	24,004200	23,630062	24,525023	20,931503	20,564039	21,810568	22,022799	23,635115	20,369999	23,389999	25,820000	23,160000	20,059999	20,059999	19,869999	19,840000	19,789999	340282346638528860000000000000000000000,000000	0,023284	20,000000	100018,000000	22,500000
1610,000000	19,701506	0,000000	0,000000	0,000000	0,000000	24,245615	24,594629	23,234156	23,874149	23,625010	24,545254	20,936550	20,574152	21,700737	22,027847	23,575850	20,369999	23,439999	25,840000	23,170000	20,070000	20,059999	19,869999	19,840000	19,779999	616,542053	0,023525	20,000000	100018,000000	22,500000
1612,000000	19,706551	0,000000	0,000000	0,000000	0,000000	24,220312	24,594629	23,234156	24,009253	23,630062	24,440468	20,931503	20,579201	21,700737	22,012678	23,621338	20,379999	23,500000	25,859999	23,189999	20,070000	20,059999	19,869999	19,840000	19,779999	340282346638528860000000000000000000000,000000	0,002759	20,000000	100018,000000	22,500000
1615,000000	19,701506	0,000000	0,000000	0,000000	0,000000	24,235489	24,589573	23,244261	24,009253	23,645239	24,560415	20,921406	20,569086	21,700737	21,867483	23,616285	20,369999	23,510000	25,869999	23,180000	20,059999	20,059999	19,869999	19,850000	19,779999	340282346638528860000000000000000000000,000000	0,023526	20,000000	100022,000000	22,500000
1617,000000	19,706551	0,000000	0,000000	0,000000	0,000000	24,225384	24,594629	23,239208	24,014305	23,635115	24,560415	20,911291	20,569086	21,710835	22,002581	23,596077	20,379999	23,490000	25,849998	23,180000	20,059999	20,059999	19,869999	19,850000	19,770000	586,159058	0,002629	20,000000	100022,000000	22,500000
1620,000000	19,706551	0,000000	0,000000	0,000000	0,000000	24,235489	24,614862	23,379383	24,009253	23,650290	24,560415	20,926455	20,564039	21,710835	22,012678	23,570799	20,379999	23,439999	25,799999	23,189999	20,059999	20,070000	19,869999	19,850000	19,770000	612,151001	0,023638	20,000000	100018,000000	22,500000
1622,000000	19,696459	0,000000	0,000000	0,000000	0,000000	24,230436	24,614862	23,249311	24,009253	23,655342	24,450594	20,931503	20,569086	21,720932	22,012678	23,596077	20,379999	23,469999	25,809999	23,189999	20,059999	20,070000	19,869999	19,850000	19,760000	618,080017	0,002729	20,000000	100018,000000	22,500000
1625,000000	19,706551	0,000000	0,000000	0,000000	0,000000	24,225384	24,609808	23,384434	24,024431	23,650290	24,440468	20,921406	20,683992	21,741150	22,032898	23,570799	20,379999	23,449999	25,820000	23,170000	20,070000	20,070000	19,869999	19,859999	19,760000	606,063049	0,023891	20,000000	100018,000000	22,500000
1627,000000	19,716661	0,000000	0,000000	0,000000	0,000000	24,240541	24,609808	23,384434	24,019360	23,640186	24,445522	20,936550	20,569086	21,741150	22,053116	23,565725	20,379999	23,420000	25,830000	23,180000	20,070000	20,070000	19,869999	19,850000	19,750000	340282346638528860000000000000000000000,000000	0,002838	20,000000	100018,000000	22,500000
1630,000000	19,726755	0,000000	0,000000	0,000000	0,000000	24,380722	24,755043	23,384434	24,019360	23,655342	24,450594	20,926455	20,579201	21,746199	21,938215	23,611233	20,369999	23,459999	25,830000	23,180000	20,080000	20,070000	19,869999	19,850000	19,750000	617,700012	0,023859	20,000000	100022,000000	22,500000
1632,000000	19,877026	0,000000	0,000000	0,000000	0,000000	24,385775	24,760098	23,394535	24,024431	23,660393	24,455647	20,926455	20,589294	21,891417	21,958433	23,776690	20,379999	23,510000	25,859999	23,189999	20,080000	20,070000	19,869999	19,850000	19,750000	574,940002	0,002854	20,000000	100022,000000	22,500000
1635,000000	19,882072	0,000000	0,000000	0,000000	0,000000	24,375669	24,619915	23,399609	24,024431	23,665466	24,465755	20,816597	20,589294	21,741150	22,043015	23,776690	20,369999	23,539999	25,879999	23,219999	20,080000	20,070000	19,869999	19,850000	19,760000	340282346638528860000000000000000000000,000000	0,023455	20,000000	100018,000000	22,500000
1637,000000	19,736868	0,000000	0,000000	0,000000	0,000000	24,245615	24,609808	23,399609	24,029484	23,685673	24,465755	20,851973	20,589294	21,715883	21,872532	23,766565	20,369999	23,519999	25,849998	23,240000	20,080000	20,080000	19,879999	19,850000	19,760000	607,598999	0,000000	20,000000	100018,000000	22,500000
1640,000000	19,716661	0,000000	0,000000	0,000000	0,000000	24,230436	24,594629	23,389484	24,029484	23,570799	24,465755	20,831760	20,594343	21,800470	21,816948	23,621338	20,369999	23,500000	25,809999	23,260000	20,080000	20,080000	19,879999	19,859999	19,760000	621,327026	0,023639	20,000000	100018,000000	22,500000
1643,000000	19,711617	0,000000	0,000000	0,000000	0,000000	24,235489	24,604755	23,394535	24,029484	23,570799	24,470808	20,816597	20,589294	21,795422	21,837166	23,761515	20,369999	23,490000	25,799999	23,230000	20,080000	20,080000	19,869999	19,859999	19,750000	340282346638528860000000000000000000000,000000	0,023465	20,000000	100022,000000	22,600000
1645,000000	19,701506	0,000000	0,000000	0,000000	0,000000	24,230436	24,604755	23,384434	24,029484	23,680622	24,465755	20,816597	20,589294	21,795422	21,847263	23,756460	20,369999	23,500000	25,809999	23,230000	20,080000	20,080000	19,869999	19,850000	19,750000	340282346638528860000000000000000000000,000000	0,023672	20,000000	100018,000000	22,600000
1647,000000	19,706551	0,000000	0,000000	0,000000	0,000000	24,230436	24,604755	23,389484	24,029484	23,565725	24,470808	20,846924	20,594343	21,785305	21,821997	23,776690	20,369999	23,529999	25,820000	23,260000	20,090000	20,080000	19,879999	19,859999	19,740000	610,645020	0,002577	20,000000	100018,000000	22,600000
1650,000000	19,721710	0,000000	0,000000	0,000000	0,000000	24,230436	24,599682	23,399609	24,034536	23,680622	24,470808	20,836809	20,604458	21,790354	21,837166	23,692125	20,369999	23,580000	25,840000	23,250000	20,090000	20,080000	19,879999	19,840000	19,740000	340282346638528860000000000000000000000,000000	0,023422	20,000000	100018,000000	22,600000
1652,000000	19,731821	0,000000	0,000000	0,000000	0,000000	24,235489	24,599682	23,394535	24,029484	23,670519	24,470808	20,831760	20,599411	21,805519	22,007629	23,771618	20,369999	23,549999	25,849998	23,250000	20,090000	20,080000	19,889999	19,840000	19,740000	621,034058	0,023403	20,000000	100018,000000	22,500000
1655,000000	19,726755	0,000000	0,000000	0,000000	0,000000	24,245615	24,609808	23,394535	24,034536	23,675570	24,465755	20,836809	20,589294	21,710835	22,022799	23,575850	20,369999	23,459999	25,830000	23,240000	20,090000	20,080000	19,879999	19,830000	19,740000	592,571045	0,023487	20,000000	100018,000000	22,500000
1657,000000	19,716661	0,000000	0,000000	0,000000	0,000000	24,375669	24,614862	23,389484	24,034536	23,670519	24,470808	20,821665	20,564039	21,715883	22,032898	23,660393	20,369999	23,430000	25,840000	23,209999	20,090000	20,080000	19,879999	19,820000	19,740000	340282346638528860000000000000000000000,000000	0,002643	20,000000	100018,000000	22,500000
1660,000000	19,706551	0,000000	0,000000	0,000000	0,000000	24,240541	24,609808	23,384434	24,039587	23,665466	24,445522	20,936550	20,668848	21,720932	22,002581	23,665466	20,369999	23,410000	25,830000	23,209999	20,080000	20,080000	19,889999	19,820000	19,750000	340282346638528860000000000000000000000,000000	0,023377	20,000000	100018,000000	22,500000
1662,000000	19,801254	0,000000	0,000000	0,000000	0,000000	24,235489	24,609808	23,379383	24,034536	23,665466	24,455647	20,931503	20,668848	21,700737	21,867483	23,650290	20,369999	23,389999	25,809999	23,189999	20,080000	20,080000	19,879999	19,820000	19,750000	611,249023	0,023394	20,000000	100018,000000	22,500000
1665,000000	19,801254	0,000000	0,000000	0,000000	0,000000	24,235489	24,594629	23,379383	24,034536	23,675570	24,450594	20,931503	20,678942	21,690620	21,862413	23,479784	20,369999	23,350000	25,789999	23,199999	20,080000	20,080000	19,879999	19,809999	19,760000	340282346638528860000000000000000000000,000000	0,023185	20,000000	100018,000000	22,500000
1667,000000	19,801254	0,000000	0,000000	0,000000	0,000000	24,380722	24,619915	23,384434	24,034536	23,670519	24,445522	20,821665	20,569086	21,700737	22,007629	23,469679	20,369999	23,320000	25,779999	23,199999	20,080000	20,080000	19,879999	19,809999	19,760000	609,483032	0,023460	20,000000	100018,000000	22,500000
1669,000000	19,796207	0,000000	0,000000	0,000000	0,000000	24,385775	24,614862	23,244261	24,034536	23,650290	24,445522	20,931503	20,569086	21,720932	22,007629	23,645239	20,369999	23,379999	25,809999	23,170000	20,080000	20,080000	19,879999	19,809999	19,760000	340282346638528860000000000000000000000,000000	0,023398	20,000000	100018,000000	22,500000
1671,000000	19,801254	0,000000	0,000000	0,000000	0,000000	24,245615	24,619915	23,244261	24,039587	23,645239	24,440468	20,916359	20,678942	21,726004	21,872532	23,570799	20,369999	23,459999	25,820000	23,160000	20,080000	20,070000	19,879999	19,799999	19,770000	606,393005	0,023759	20,000000	100018,000000	22,500000
1673,000000	19,691414	0,000000	0,000000	0,000000	0,000000	24,375669	24,619915	23,384434	24,029484	23,645239	24,445522	20,921406	20,564039	21,720932	21,857363	23,596077	20,369999	23,480000	25,789999	23,180000	20,070000	20,070000	19,879999	19,789999	19,760000	340282346638528860000000000000000000000,000000	0,023571	20,000000	100022,000000	22,500000
1675,000000	19,811348	0,000000	0,000000	0,000000	0,000000	24,240541	24,604755	23,384434	24,039587	23,645239	24,445522	20,916359	20,683992	21,715883	21,847263	23,565725	20,369999	23,430000	25,789999	23,189999	20,070000	20,070000	19,879999	19,789999	19,760000	340282346638528860000000000000000000000,000000	0,023578	20,000000	100022,000000	22,500000
1677,000000	19,801254	0,000000	0,000000	0,000000	0,000000	24,240541	24,599682	23,384434	24,029484	23,655342	24,450594	20,931503	20,673895	21,690620	21,931829	23,655342	20,369999	23,420000	25,799999	23,209999	20,070000	20,070000	19,879999	19,799999	19,750000	611,109009	0,023566	20,000000	100022,000000	22,500000
1679,000000	19,801254	0,000000	0,000000	0,000000	0,000000	24,240541	24,599682	23,379383	24,029484	23,655342	24,440468	20,936550	20,668848	21,800470	21,816948	23,484835	20,369999	23,350000	25,789999	23,199999	20,070000	20,070000	19,879999	19,809999	19,750000	619,597046	0,023610	20,000000	100018,000000	22,500000
1681,000000	19,801254	0,000000	0,000000	0,000000	0,000000	24,380722	24,604755	23,379383	24,029484	23,645239	24,560415	20,931503	20,663782	21,800470	21,931829	23,449453	20,369999	23,320000	25,779999	23,189999	20,070000	20,070000	19,879999	19,799999	19,750000	618,378052	0,023413	20,000000	100018,000000	22,500000
1683,000000	19,796207	0,000000	0,000000	0,000000	0,000000	24,380722	24,614862	23,239208	24,029484	23,650290	24,545254	20,936550	20,663782	21,810568	21,832098	23,559296	20,369999	23,320000	25,789999	23,170000	20,059999	20,070000	19,879999	19,799999	19,760000	340282346638528860000000000000000000000,000000	0,023365	20,000000	100018,000000	22,600000
1685,000000	19,791143	0,000000	0,000000	0,000000	0,000000	24,380722	24,619915	23,234156	24,029484	23,650290	24,545254	20,921406	20,663782	21,810568	21,832098	23,559296	20,369999	23,320000	25,789999	23,160000	20,059999	20,070000	19,879999	19,789999	19,750000	340282346638528860000000000000000000000,000000	0,023367	20,000000	100018,000000	22,600000
1687,000000	19,791143	0,000000	0,000000	0,000000	0,000000	24,375669	24,599682	23,239208	24,029484	23,660393	24,555361	20,931503	20,653687	21,790354	21,936899	23,464626	20,369999	23,320000	25,769999	23,209999	20,059999	20,070000	19,879999	19,789999	19,750000	340282346638528860000000000000000000000,000000	0,023819	20,000000	100018,000000	22,600000
1689,000000	19,791143	0,000000	0,000000	0,000000	0,000000	24,245615	24,594629	23,249311	24,029484	23,665466	24,555361	20,836809	20,658733	21,780256	21,821997	23,494959	20,369999	23,350000	25,760000	23,230000	20,059999	20,070000	19,879999	19,789999	19,750000	340282346638528860000000000000000000000,000000	0,023516	20,000000	100018,000000	22,600000
1691,000000	19,796207	0,000000	0,000000	0,000000	0,000000	24,240541	24,579447	23,379383	24,029484	23,670519	24,560415	20,816597	20,658733	21,790354	21,821997	23,640186	20,369999	23,369999	25,779999	23,219999	20,059999	20,070000	19,879999	19,789999	19,760000	340282346638528860000000000000000000000,000000	0,023517	20,000000	100018,000000	22,600000
1693,000000	19,801254	0,000000	0,000000	0,000000	0,000000	24,240541	24,579447	23,379383	24,024431	23,670519	24,445522	20,926455	20,658733	21,690620	21,852314	23,675570	20,369999	23,410000	25,799999	23,199999	20,059999	20,070000	19,879999	19,789999	19,760000	340282346638528860000000000000000000000,000000	0,023624	20,000000	100018,000000	22,600000
1695,000000	19,691414	0,000000	0,000000	0,000000	0,000000	24,375669	24,584520	23,384434	24,029484	23,675570	24,445522	20,911291	20,668848	21,715883	22,007629	23,591005	20,369999	23,439999	25,799999	23,189999	20,049999	20,070000	19,879999	19,789999	19,760000	600,415039	0,023573	20,000000	100018,000000	22,600000
1697,000000	19,706551	0,000000	0,000000	0,000000	0,000000	24,245615	24,609808	23,249311	24,029484	23,660393	24,445522	20,916359	20,673895	21,715883	22,012678	23,570799	20,379999	23,449999	25,809999	23,180000	20,049999	20,070000	19,879999	19,789999	19,760000	340282346638528860000000000000000000000,000000	0,023459	20,000000	100018,000000	22,600000
1700,000000	19,711617	0,000000	0,000000	0,000000	0,000000	24,230436	24,599682	23,389484	24,029484	23,665466	24,455647	20,906244	20,673895	21,720932	21,862413	23,580902	20,379999	23,449999	25,809999	23,199999	20,049999	20,059999	19,879999	19,840000	19,760000	340282346638528860000000000000000000000,000000	0,023723	20,000000	100018,000000	22,600000
1702,000000	19,696459	0,000000	0,000000	0,000000	0,000000	24,240541	24,619915	23,389484	24,029484	23,655342	24,440468	20,906244	20,678942	21,726004	21,872532	23,650290	20,369999	23,400000	25,840000	23,189999	20,049999	20,059999	19,879999	19,859999	19,760000	340282346638528860000000000000000000000,000000	0,023575	20,000000	100018,000000	22,600000
1705,000000	19,701506	0,000000	0,000000	0,000000	0,000000	24,240541	24,609808	23,394535	24,039587	23,665466	24,445522	20,916359	20,673895	21,710835	21,862413	23,645239	20,379999	23,400000	25,799999	23,199999	20,049999	20,059999	19,879999	19,879999	19,760000	340282346638528860000000000000000000000,000000	0,023561	20,000000	100018,000000	22,600000
1707,000000	19,696459	0,000000	0,000000	0,000000	0,000000	24,375669	24,619915	23,384434	24,034536	23,660393	24,445522	20,901196	20,673895	21,726004	22,012678	23,680622	20,369999	23,389999	25,809999	23,160000	20,049999	20,059999	19,879999	19,879999	19,760000	591,481018	0,023167	20,000000	100018,000000	22,600000
1709,000000	19,801254	0,000000	0,000000	0,000000	0,000000	24,375669	24,619915	23,384434	24,039587	23,660393	24,440468	20,880985	20,678942	21,726004	21,862413	23,660393	20,369999	23,420000	25,809999	23,180000	20,049999	20,059999	19,879999	19,889999	19,760000	340282346638528860000000000000000000000,000000	0,023500	20,000000	100018,000000	22,600000
1711,000000	19,806299	0,000000	0,000000	0,000000	0,000000	24,245615	24,614862	23,384434	24,039587	23,675570	24,445522	20,901196	20,564039	21,705786	21,921732	23,680622	20,379999	23,420000	25,789999	23,250000	20,049999	20,059999	19,879999	19,879999	19,760000	599,701050	0,023364	20,000000	100018,000000	22,600000
1713,000000	19,796207	0,000000	0,000000	0,000000	0,000000	24,375669	24,594629	23,399609	24,029484	23,570799	24,450594	20,901196	20,569086	21,810568	21,921732	23,570799	20,379999	23,430000	25,799999	23,269999	20,049999	20,059999	19,879999	19,869999	19,760000	615,575012	0,023438	20,000000	100018,000000	22,600000
1715,000000	19,796207	0,000000	0,000000	0,000000	0,000000	24,375669	24,619915	23,399609	24,034536	23,675570	24,440468	20,886032	20,574152	21,700737	21,832098	23,665466	20,379999	23,420000	25,799999	23,209999	20,049999	20,059999	19,879999	19,869999	19,770000	601,808044	0,023584	20,000000	100018,000000	22,600000
1717,000000	19,691414	0,000000	0,000000	0,000000	0,000000	24,400953	24,760098	23,389484	24,039587	23,645239	24,440468	20,880985	20,589294	21,736101	21,872532	23,575850	20,369999	23,439999	25,830000	23,170000	20,059999	20,070000	19,879999	19,850000	19,770000	609,540039	0,023520	20,000000	100018,000000	22,600000
1719,000000	19,696459	0,000000	0,000000	0,000000	0,000000	24,406006	24,770224	23,389484	24,044640	23,650290	24,440468	20,891102	20,579201	21,891417	22,037947	23,565725	20,369999	23,449999	25,849998	23,160000	20,059999	20,070000	19,879999	19,850000	19,770000	340282346638528860000000000000000000000,000000	0,023570	20,000000	100018,000000	22,600000
1721,000000	19,801254	0,000000	0,000000	0,000000	0,000000	24,411079	24,770224	23,394535	24,039587	23,640186	24,450594	20,896149	20,579201	21,911633	22,058165	23,570799	20,369999	23,449999	25,849998	23,150000	20,059999	20,070000	19,879999	19,850000	19,779999	616,372009	0,023309	20,000000	100018,000000	22,600000
1723,000000	19,706551	0,000000	0,000000	0,000000	0,000000	24,411079	24,785385	23,394535	24,044640	23,640186	24,450594	20,906244	20,564039	21,906584	22,048065	23,606182	20,379999	23,490000	25,859999	23,180000	20,059999	20,070000	19,889999	19,850000	19,779999	340282346638528860000000000000000000000,000000	0,023329	20,000000	100018,000000	22,600000
1725,000000	19,696459	0,000000	0,000000	0,000000	0,000000	24,416132	24,770224	23,409712	24,039587	23,655342	24,470808	20,816597	20,678942	21,886368	22,037947	23,575850	20,369999	23,459999	25,809999	23,219999	20,059999	20,070000	19,879999	19,850000	19,770000	340282346638528860000000000000000000000,000000	0,023269	20,000000	100018,000000	22,600000
1727,000000	19,711617	0,000000	0,000000	0,000000	0,000000	24,406006	24,765150	23,404661	24,049694	23,675570	24,470808	20,936550	20,683992	21,736101	22,022799	23,670519	20,379999	23,439999	25,789999	23,240000	20,059999	20,070000	19,889999	19,850000	19,770000	618,058044	0,023299	20,000000	100018,000000	22,600000
1729,000000	19,706551	0,000000	0,000000	0,000000	0,000000	24,400953	24,760098	23,404661	24,049694	23,565725	24,470808	20,921406	20,678942	21,726004	21,872532	23,580902	20,379999	23,459999	25,799999	23,230000	20,059999	20,070000	19,889999	19,869999	19,770000	567,649048	0,023313	20,000000	100018,000000	22,600000
1731,000000	19,701506	0,000000	0,000000	0,000000	0,000000	24,390846	24,765150	23,399609	24,044640	23,685673	24,465755	20,901196	20,678942	21,726004	21,862413	23,685673	20,379999	23,449999	25,820000	23,209999	20,059999	20,080000	19,889999	19,879999	19,770000	607,404053	0,023633	20,000000	100014,000000	22,600000
1733,000000	19,696459	0,000000	0,000000	0,000000	0,000000	24,385775	24,755043	23,404661	24,049694	23,680622	24,465755	20,906244	20,673895	21,731052	21,872532	23,565725	20,379999	23,439999	25,809999	23,199999	20,059999	20,080000	19,889999	19,869999	19,770000	595,196045	0,023677	20,000000	100014,000000	22,600000
1735,000000	19,811348	0,000000	0,000000	0,000000	0,000000	24,395901	24,755043	23,394535	24,049694	23,675570	24,470808	20,911291	20,663782	21,741150	22,002581	23,575850	20,379999	23,480000	25,809999	23,199999	20,059999	20,080000	19,889999	19,869999	19,779999	340282346638528860000000000000000000000,000000	0,023723	20,000000	100014,000000	22,600000
1737,000000	19,806299	0,000000	0,000000	0,000000	0,000000	24,400953	24,619915	23,389484	24,044640	23,680622	24,460701	20,911291	20,663782	21,720932	21,862413	23,655342	20,379999	23,420000	25,809999	23,230000	20,070000	20,080000	19,889999	19,879999	19,779999	340282346638528860000000000000000000000,000000	0,023679	20,000000	100018,000000	22,600000
1740,000000	19,811348	0,000000	0,000000	0,000000	0,000000	24,385775	24,624990	23,399609	24,044640	23,680622	24,470808	20,901196	20,673895	21,710835	21,936899	23,565725	20,369999	23,449999	25,779999	23,240000	20,070000	20,080000	19,889999	19,879999	19,789999	340282346638528860000000000000000000000,000000	0,023485	20,000000	100014,000000	22,600000
1742,000000	19,811348	0,000000	0,000000	0,000000	0,000000	24,390846	24,770224	23,399609	24,044640	23,680622	24,480934	20,896149	20,668848	21,705786	21,921732	23,575850	20,379999	23,469999	25,799999	23,219999	20,070000	20,080000	19,889999	19,900000	19,779999	617,342041	0,000000	20,000000	100014,000000	22,600000
1745,000000	19,806299	0,000000	0,000000	0,000000	0,000000	24,385775	24,775276	23,394535	24,044640	23,665466	24,480934	20,901196	20,564039	21,695669	21,926781	23,585953	20,379999	23,469999	25,779999	23,219999	20,070000	20,080000	19,889999	19,910000	19,779999	604,193054	0,023517	20,000000	100014,000000	22,600000
1747,000000	19,691414	0,000000	0,000000	0,000000	0,000000	24,390846	24,760098	23,394535	24,044640	23,670519	24,485987	20,896149	20,683992	21,700737	21,926781	23,611233	20,379999	23,500000	25,799999	23,230000	20,070000	20,080000	19,900000	19,900000	19,789999	619,049011	0,000000	20,000000	100014,000000	22,600000
1750,000000	19,811348	0,000000	0,000000	0,000000	0,000000	24,380722	24,619915	23,399609	24,044640	23,680622	24,480934	20,891102	20,564039	21,805519	21,876247	23,751408	20,369999	23,490000	25,809999	23,269999	20,080000	20,080000	19,900000	19,879999	19,779999	618,356018	0,023441	20,000000	100014,000000	22,600000
1752,000000	19,811348	0,000000	0,000000	0,000000	0,000000	24,380722	24,624990	23,414762	24,044640	23,570799	24,475882	20,891102	20,564039	21,800470	21,906584	23,776690	20,379999	23,529999	25,809999	23,269999	20,080000	20,080000	19,900000	19,869999	19,799999	340282346638528860000000000000000000000,000000	0,000000	20,000000	100014,000000	22,600000
1755,000000	19,811348	0,000000	0,000000	0,000000	0,000000	24,380722	24,624990	23,419834	24,049694	23,685673	24,485987	20,886032	20,564039	21,695669	21,837166	23,616285	20,369999	23,490000	25,840000	23,230000	20,080000	20,080000	19,900000	19,850000	19,799999	612,850037	0,023447	20,000000	100014,000000	22,600000
1757,000000	19,701506	0,000000	0,000000	0,000000	0,000000	24,375669	24,760098	23,419834	24,049694	23,675570	24,475882	20,886032	20,683992	21,715883	21,852314	23,606182	20,379999	23,480000	25,840000	23,209999	20,080000	20,080000	19,900000	19,840000	19,799999	618,156006	0,023519	20,000000	100018,000000	22,600000
1759,000000	19,701506	0,000000	0,000000	0,000000	0,000000	24,395901	24,775276	23,409712	24,049694	23,680622	24,475882	20,880985	20,678942	21,731052	21,872532	23,580902	20,379999	23,459999	25,830000	23,199999	20,080000	20,080000	19,900000	19,840000	19,799999	617,558044	0,023708	20,000000	100014,000000	22,600000
1761,000000	19,711617	0,000000	0,000000	0,000000	0,000000	24,406006	24,770224	23,409712	24,054766	23,565725	24,470808	20,891102	20,678942	21,876247	21,867483	23,611233	20,379999	23,480000	25,840000	23,199999	20,080000	20,080000	19,900000	19,840000	19,799999	340282346638528860000000000000000000000,000000	0,023155	20,000000	100014,000000	22,600000
1763,000000	19,691414	0,000000	0,000000	0,000000	0,000000	24,411079	24,775276	23,409712	24,054766	23,685673	24,475882	20,906244	20,678942	21,746199	21,872532	23,591005	20,379999	23,469999	25,849998	23,209999	20,080000	20,080000	19,889999	19,840000	19,789999	619,662048	0,023507	20,000000	100014,000000	22,600000
1765,000000	19,696459	0,000000	0,000000	0,000000	0,000000	24,390846	24,765150	23,409712	24,059818	23,670519	24,475882	20,926455	20,678942	21,741150	22,012678	23,621338	20,379999	23,480000	25,840000	23,209999	20,080000	20,080000	19,889999	19,830000	19,789999	601,735046	0,023689	20,000000	100014,000000	22,600000
1767,000000	19,811348	0,000000	0,000000	0,000000	0,000000	24,385775	24,755043	23,409712	24,054766	23,680622	24,470808	20,926455	20,673895	21,715883	21,842215	23,591005	20,379999	23,469999	25,820000	23,240000	20,080000	20,080000	19,900000	19,820000	19,789999	340282346638528860000000000000000000000,000000	0,002638	20,000000	100014,000000	22,600000
1770,000000	19,796207	0,000000	0,000000	0,000000	0,000000	24,240541	24,614862	23,409712	24,054766	23,580902	24,475882	20,926455	20,663782	21,810568	21,886368	23,585953	20,379999	23,449999	25,799999	23,289999	20,080000	20,080000	19,889999	19,820000	19,789999	340282346638528860000000000000000000000,000000	0,023625	20,000000	100014,000000	22,600000
1772,000000	19,791143	0,000000	0,000000	0,000000	0,000000	24,225384	24,599682	23,404661	24,054766	23,596077	24,470808	20,931503	20,663782	21,790354	21,731052	23,616285	20,369999	23,500000	25,789999	23,299999	20,080000	20,090000	19,900000	19,840000	19,789999	591,108032	0,002385	20,000000	100014,000000	22,600000
1775,000000	19,796207	0,000000	0,000000	0,000000	0,000000	24,375669	24,599682	23,399609	24,054766	23,596077	24,465755	20,841858	20,673895	21,770157	21,720932	23,479784	20,379999	23,430000	25,760000	23,309999	20,080000	20,090000	19,900000	19,830000	19,789999	340282346638528860000000000000000000000,000000	0,023895	20,000000	100014,000000	22,500000
1777,000000	19,791143	0,000000	0,000000	0,000000	0,000000	24,385775	24,589573	23,409712	24,049694	23,601128	24,450594	21,022423	20,668848	21,624941	21,881319	23,464626	20,369999	23,320000	25,769999	23,299999	20,080000	20,080000	19,900000	19,820000	19,779999	340282346638528860000000000000000000000,000000	0,023875	20,000000	100014,000000	22,500000
1779,000000	19,776005	0,000000	0,000000	0,000000	0,000000	24,240541	24,584520	23,414762	24,049694	23,611233	24,450594	21,052731	20,658733	21,619890	21,876247	23,469679	20,379999	23,340000	25,760000	23,309999	20,080000	20,090000	19,900000	19,820000	19,779999	340282346638528860000000000000000000000,000000	0,023490	20,000000	100014,000000	22,500000
1781,000000	19,781052	0,000000	0,000000	0,000000	0,000000	24,380722	24,589573	23,409712	24,059818	23,606182	24,445522	21,022423	20,658733	21,604725	21,746199	23,549173	20,379999	23,289999	25,760000	23,320000	20,070000	20,070000	19,900000	19,820000	19,779999	603,442017	0,023544	20,000000	100014,000000	22,500000
1783,000000	19,776005	0,000000	0,000000	0,000000	0,000000	24,385775	24,584520	23,409712	24,049694	23,596077	24,460701	20,857019	20,673895	21,609774	21,901514	23,503689	20,379999	23,260000	25,779999	23,289999	20,070000	20,070000	19,900000	19,799999	19,779999	623,110046	0,023451	20,000000	100014,000000	22,500000
1785,000000	19,781052	0,000000	0,000000	0,000000	0,000000	24,390846	24,589573	23,414762	24,049694	23,601128	24,460701	20,867115	20,673895	21,619890	21,921732	23,544123	20,379999	23,279999	25,789999	23,289999	20,070000	20,070000	19,889999	19,799999	19,779999	622,237000	0,023531	20,000000	100014,000000	22,500000
1787,000000	19,786097	0,000000	0,000000	0,000000	0,000000	24,400953	24,589573	23,414762	24,049694	23,591005	24,460701	20,857019	20,673895	21,765087	21,837166	23,539070	20,379999	23,289999	25,779999	23,269999	20,070000	20,070000	19,889999	19,789999	19,770000	592,489014	0,023412	20,000000	100014,000000	22,500000
1790,000000	19,786097	0,000000	0,000000	0,000000	0,000000	24,400953	24,599682	23,419834	24,054766	23,585953	24,460701	21,007280	20,678942	21,780256	21,867483	23,439348	20,379999	23,299999	25,769999	23,279999	20,070000	20,070000	19,889999	19,789999	19,770000	340282346638528860000000000000000000000,000000	0,023548	20,000000	100014,000000	22,500000
1792,000000	19,781052	0,000000	0,000000	0,000000	0,000000	24,390846	24,604755	23,419834	24,049694	23,601128	24,455647	21,017376	20,678942	21,775206	21,842215	23,444401	20,379999	23,299999	25,760000	23,309999	20,070000	20,080000	19,889999	19,799999	19,770000	340282346638528860000000000000000000000,000000	0,023540	20,000000	100014,000000	22,500000
1794,000000	19,791143	0,000000	0,000000	0,000000	0,000000	24,395901	24,604755	23,315060	24,059818	23,616285	24,465755	20,857019	20,569086	21,780256	21,852314	23,554226	20,379999	23,320000	25,750000	23,309999	20,070000	20,070000	19,889999	19,799999	19,779999	340282346638528860000000000000000000000,000000	0,023579	20,000000	100014,000000	22,600000
1796,000000	19,786097	0,000000	0,000000	0,000000	0,000000	24,395901	24,599682	23,424885	24,054766	23,616285	24,465755	20,857019	20,564039	21,790354	21,837166	23,528965	20,379999	23,289999	25,769999	23,320000	20,059999	20,080000	19,889999	19,809999	19,779999	617,163025	0,023390	20,000000	100014,000000	22,600000
1798,000000	19,786097	0,000000	0,000000	0,000000	0,000000	24,400953	24,604755	23,424885	24,054766	23,621338	24,450594	20,841858	20,564039	21,790354	21,842215	23,368565	20,369999	23,260000	25,779999	23,269999	20,059999	20,080000	19,879999	19,820000	19,779999	340282346638528860000000000000000000000,000000	0,023508	20,000000	100014,000000	22,600000
1800,000000	19,801254	0,000000	0,000000	0,000000	0,000000	24,411079	24,619915	23,414762	24,054766	23,606182	24,460701	20,831760	20,569086	21,690620	22,002581	23,544123	20,379999	23,269999	25,779999	23,240000	20,059999	20,070000	19,889999	19,830000	19,770000	618,524048	0,023508	20,000000	100014,000000	22,600000
1802,000000	19,691414	0,000000	0,000000	0,000000	0,000000	24,411079	24,770224	23,424885	24,054766	23,591005	24,445522	20,831760	20,564039	21,726004	22,012678	23,459576	20,369999	23,309999	25,799999	23,219999	20,059999	20,059999	19,879999	19,830000	19,770000	573,684021	0,023080	20,000000	100014,000000	22,600000
1805,000000	19,691414	0,000000	0,000000	0,000000	0,000000	24,421186	24,775276	23,419834	24,059818	23,570799	24,445522	20,821665	20,574152	21,901514	22,058165	23,675570	20,379999	23,400000	25,840000	23,209999	20,059999	20,070000	19,879999	19,820000	19,770000	340282346638528860000000000000000000000,000000	0,023441	20,000000	100018,000000	22,600000
1807,000000	19,706551	0,000000	0,000000	0,000000	0,000000	24,426239	24,785385	23,315060	24,059818	23,570799	24,455647	20,936550	20,574152	21,931829	21,943264	23,675570	20,379999	23,439999	25,859999	23,199999	20,059999	20,070000	19,879999	19,820000	19,770000	340282346638528860000000000000000000000,000000	0,023316	20,000000	100018,000000	22,600000
1810,000000	19,706551	0,000000	0,000000	0,000000	0,000000	24,426239	24,785385	23,434990	23,939871	23,565725	24,460701	20,831760	20,579201	21,926781	22,053116	23,565725	20,379999	23,449999	25,859999	23,219999	20,059999	20,070000	19,879999	19,809999	19,770000	607,833008	0,023655	20,000000	100014,000000	22,600000
1812,000000	19,696459	0,000000	0,000000	0,000000	0,000000	24,431311	24,795511	23,320112	23,939871	23,580902	24,455647	20,851973	20,574152	21,926781	22,037947	23,650290	20,379999	23,400000	25,849998	23,230000	20,059999	20,059999	19,879999	19,809999	19,770000	601,905029	0,023561	20,000000	100014,000000	22,600000
1815,000000	19,806299	0,000000	0,000000	0,000000	0,000000	24,416132	24,775276	23,429939	23,939871	23,585953	24,460701	20,851973	20,678942	21,926781	22,032898	23,489906	20,379999	23,379999	25,820000	23,219999	20,049999	20,049999	19,879999	19,789999	19,760000	340282346638528860000000000000000000000,000000	0,023290	20,000000	100014,000000	22,600000
1817,000000	19,806299	0,000000	0,000000	0,000000	0,000000	24,421186	24,770224	23,434990	23,939871	23,585953	24,465755	20,846924	20,564039	21,921732	22,037947	23,625010	20,379999	23,350000	25,820000	23,230000	20,049999	20,059999	19,879999	19,779999	19,760000	340282346638528860000000000000000000000,000000	0,002544	20,000000	100014,000000	22,600000
1820,000000	19,691414	0,000000	0,000000	0,000000	0,000000	24,416132	24,765150	23,434990	23,944923	23,585953	24,460701	20,821665	20,569086	21,911633	22,043015	23,655342	20,369999	23,369999	25,820000	23,209999	20,049999	20,059999	19,869999	19,779999	19,760000	605,684021	0,023634	20,000000	100014,000000	22,600000
1822,000000	19,696459	0,000000	0,000000	0,000000	0,000000	24,411079	24,775276	23,434990	23,944923	23,565725	24,465755	20,936550	20,574152	21,921732	21,948332	23,685673	20,369999	23,420000	25,849998	23,199999	20,049999	20,059999	19,879999	19,789999	19,750000	603,848022	0,023589	20,000000	100014,000000	22,600000
1824,000000	19,811348	0,000000	0,000000	0,000000	0,000000	24,416132	24,785385	23,424885	23,944923	23,670519	24,485987	20,821665	20,569086	21,816948	21,978649	23,621338	20,369999	23,459999	25,849998	23,209999	20,049999	20,059999	19,869999	19,799999	19,760000	618,147034	0,023273	20,000000	100014,000000	22,600000
1826,000000	19,801254	0,000000	0,000000	0,000000	0,000000	24,400953	24,775276	23,315060	23,949976	23,675570	24,485987	20,846924	20,574152	21,936899	21,948332	23,766565	20,369999	23,510000	25,849998	23,219999	20,049999	20,059999	19,869999	19,830000	19,760000	598,081055	0,023498	20,000000	100014,000000	22,600000
1828,000000	19,811348	0,000000	0,000000	0,000000	0,000000	24,385775	24,775276	23,434990	23,944923	23,565725	24,485987	20,862068	20,564039	21,901514	22,012678	23,751408	20,369999	23,490000	25,830000	23,260000	20,049999	20,049999	19,869999	19,840000	19,760000	619,595032	0,023318	20,000000	100014,000000	22,600000
1830,000000	19,811348	0,000000	0,000000	0,000000	0,000000	24,395901	24,619915	23,320112	23,944923	23,585953	24,626148	20,862068	20,569086	21,741150	21,872532	23,585953	20,369999	23,469999	25,820000	23,279999	20,049999	20,049999	19,869999	19,850000	19,760000	340282346638528860000000000000000000000,000000	0,023214	20,000000	100014,000000	22,600000
1832,000000	19,796207	0,000000	0,000000	0,000000	0,000000	24,385775	24,755043	23,320112	23,944923	23,591005	24,631222	20,857019	20,564039	21,731052	21,867483	23,601128	20,369999	23,469999	25,820000	23,269999	20,039999	20,049999	19,869999	19,889999	19,760000	340282346638528860000000000000000000000,000000	0,023569	20,000000	100014,000000	22,600000
1834,000000	19,796207	0,000000	0,000000	0,000000	0,000000	24,390846	24,755043	23,315060	23,949976	23,601128	24,631222	20,841858	20,579201	21,715883	21,842215	23,616285	20,369999	23,459999	25,820000	23,279999	20,039999	20,049999	19,869999	19,889999	19,760000	340282346638528860000000000000000000000,000000	0,023807	20,000000	100014,000000	22,600000
1836,000000	19,801254	0,000000	0,000000	0,000000	0,000000	24,400953	24,619915	23,424885	23,949976	23,601128	24,631222	20,831760	20,569086	21,705786	21,931829	23,591005	20,369999	23,500000	25,820000	23,279999	20,049999	20,049999	19,859999	19,869999	19,760000	611,373047	0,023793	20,000000	100014,000000	22,600000
1838,000000	19,786097	0,000000	0,000000	0,000000	0,000000	24,406006	24,614862	23,315060	23,949976	23,606182	24,496096	20,846924	20,683992	21,690620	21,926781	23,570799	20,379999	23,469999	25,809999	23,289999	20,049999	20,049999	19,859999	19,859999	19,770000	340282346638528860000000000000000000000,000000	0,023627	20,000000	100014,000000	22,600000
1840,000000	19,776005	0,000000	0,000000	0,000000	0,000000	24,416132	24,614862	23,419834	23,944923	23,601128	24,485987	20,826714	20,668848	21,705786	21,837166	23,625010	20,379999	23,420000	25,809999	23,250000	20,049999	20,059999	19,869999	19,850000	19,770000	593,502014	0,023633	20,000000	100014,000000	22,600000
1842,000000	19,770937	0,000000	0,000000	0,000000	0,000000	24,406006	24,619915	23,424885	23,944923	23,580902	24,475882	20,857019	20,658733	21,710835	21,837166	23,635115	20,369999	23,379999	25,799999	23,250000	20,049999	20,059999	19,869999	19,850000	19,770000	589,417053	0,023667	20,000000	100014,000000	22,600000
1844,000000	19,770937	0,000000	0,000000	0,000000	0,000000	24,390846	24,619915	23,434990	23,944923	23,580902	24,475882	20,841858	20,663782	21,700737	21,827047	23,660393	20,379999	23,420000	25,799999	23,250000	20,049999	20,059999	19,879999	19,840000	19,770000	340282346638528860000000000000000000000,000000	0,023550	20,000000	100014,000000	22,600000
1846,000000	19,755800	0,000000	0,000000	0,000000	0,000000	24,390846	24,755043	23,434990	23,939871	23,580902	24,480934	20,816597	20,663782	21,705786	21,857363	23,565725	20,379999	23,449999	25,830000	23,250000	20,049999	20,059999	19,879999	19,840000	19,770000	340282346638528860000000000000000000000,000000	0,023502	20,000000	100014,000000	22,600000
1848,000000	19,760847	0,000000	0,000000	0,000000	0,000000	24,395901	24,765150	23,320112	23,944923	23,565725	24,485987	20,931503	20,668848	21,736101	22,032898	23,580902	20,369999	23,439999	25,820000	23,230000	20,059999	20,059999	19,879999	19,830000	19,770000	605,409058	0,023420	20,000000	100014,000000	22,600000
1850,000000	19,791143	0,000000	0,000000	0,000000	0,000000	24,416132	24,780333	23,325163	23,944923	23,680622	24,485987	20,926455	20,564039	21,891417	22,053116	23,606182	20,369999	23,469999	25,840000	23,209999	20,049999	20,059999	19,879999	19,820000	19,770000	589,669006	0,023650	20,000000	100014,000000	22,600000
1852,000000	19,801254	0,000000	0,000000	0,000000	0,000000	24,426239	24,800564	23,330215	23,949976	23,675570	24,480934	20,926455	20,574152	21,911633	21,943264	23,766565	20,369999	23,500000	25,849998	23,199999	20,049999	20,059999	19,869999	19,820000	19,770000	340282346638528860000000000000000000000,000000	0,023699	20,000000	100014,000000	22,600000
1854,000000	19,691414	0,000000	0,000000	0,000000	0,000000	24,431311	24,805618	23,330215	23,949976	23,670519	24,485987	20,921406	20,589294	21,926781	21,958433	23,786793	20,369999	23,519999	25,859999	23,199999	20,049999	20,070000	19,869999	19,799999	19,760000	340282346638528860000000000000000000000,000000	0,023452	20,000000	100014,000000	22,600000
1856,000000	19,711617	0,000000	0,000000	0,000000	0,000000	24,436363	24,695801	23,330215	23,949976	23,670519	24,491041	20,926455	20,584248	21,936899	21,958433	23,807022	20,369999	23,559999	25,879999	23,219999	20,049999	20,070000	19,869999	19,789999	19,750000	340282346638528860000000000000000000000,000000	0,023472	20,000000	100014,000000	22,600000
1858,000000	19,711617	0,000000	0,000000	0,000000	0,000000	24,431311	24,810694	23,345390	23,949976	23,685673	24,626148	20,936550	20,579201	21,931829	21,958433	23,801950	20,369999	23,529999	25,869999	23,240000	20,049999	20,059999	19,869999	19,799999	19,750000	607,900024	0,023587	20,000000	100014,000000	22,600000
1860,000000	19,716661	0,000000	0,000000	0,000000	0,000000	24,421186	24,700853	23,335287	23,955050	23,575850	24,496096	20,936550	20,574152	21,936899	21,938215	23,812075	20,369999	23,539999	25,889999	23,230000	20,059999	20,059999	19,879999	19,809999	19,750000	579,061035	0,023548	20,000000	100014,000000	22,600000
1862,000000	19,716661	0,000000	0,000000	0,000000	0,000000	24,431311	24,705927	23,325163	23,955050	23,585953	24,626148	20,911291	20,574152	21,926781	22,037947	23,786793	20,369999	23,519999	25,859999	23,230000	20,059999	20,049999	19,869999	19,799999	19,750000	340282346638528860000000000000000000000,000000	0,023615	20,000000	100014,000000	22,600000
1864,000000	19,716661	0,000000	0,000000	0,000000	0,000000	24,436363	24,700853	23,330215	23,960102	23,585953	24,496096	20,911291	20,579201	21,926781	22,012678	23,766565	20,369999	23,519999	25,859999	23,230000	20,059999	20,049999	19,869999	19,779999	19,760000	340282346638528860000000000000000000000,000000	0,023123	20,000000	100014,000000	22,600000
1866,000000	19,711617	0,000000	0,000000	0,000000	0,000000	24,321472	24,700853	23,325163	23,965155	23,591005	24,496096	20,906244	20,574152	21,921732	22,048065	23,756460	20,369999	23,510000	25,869999	23,219999	20,059999	20,049999	19,869999	19,779999	19,760000	617,870056	0,023381	20,000000	100014,000000	22,600000
1868,000000	19,721710	0,000000	0,000000	0,000000	0,000000	24,321472	24,690746	23,335287	23,965155	23,580902	24,496096	20,926455	20,569086	21,921732	21,943264	23,616285	20,369999	23,490000	25,859999	23,240000	20,059999	20,049999	19,869999	19,779999	19,760000	340282346638528860000000000000000000000,000000	0,023729	20,000000	100010,000000	22,600000
1870,000000	19,721710	0,000000	0,000000	0,000000	0,000000	24,321472	24,805618	23,335287	23,960102	23,570799	24,496096	20,821665	20,668848	21,916683	22,043015	23,670519	20,369999	23,449999	25,849998	23,260000	20,059999	20,049999	19,869999	19,779999	19,770000	619,819031	0,023284	20,000000	100010,000000	22,600000
1872,000000	19,716661	0,000000	0,000000	0,000000	0,000000	24,321472	24,795511	23,340340	23,970205	23,591005	24,626148	20,936550	20,658733	21,901514	22,012678	23,645239	20,369999	23,389999	25,809999	23,269999	20,059999	20,049999	19,869999	19,770000	19,770000	340282346638528860000000000000000000000,000000	0,023450	20,000000	100010,000000	22,600000
1874,000000	19,696459	0,000000	0,000000	0,000000	0,000000	24,321472	24,795511	23,330215	23,965155	23,596077	24,631222	20,831760	20,648640	21,881319	21,867483	23,474731	20,369999	23,379999	25,799999	23,299999	20,059999	20,049999	19,869999	19,760000	19,770000	609,039001	0,023500	20,000000	100010,000000	22,600000
1876,000000	19,691414	0,000000	0,000000	0,000000	0,000000	24,436363	24,790459	23,335287	23,965155	23,606182	24,631222	20,872164	20,658733	21,726004	21,857363	23,479784	20,379999	23,350000	25,779999	23,330000	20,059999	20,049999	19,859999	19,760000	19,760000	340282346638528860000000000000000000000,000000	0,023428	20,000000	100014,000000	22,600000
1878,000000	19,691414	0,000000	0,000000	0,000000	0,000000	24,421186	24,765150	23,325163	23,965155	23,776690	24,491041	20,872164	20,663782	21,705786	21,906584	23,630062	20,369999	23,359999	25,779999	23,379999	20,059999	20,049999	19,859999	19,760000	19,760000	340282346638528860000000000000000000000,000000	0,023704	20,000000	100010,000000	22,600000
1880,000000	19,811348	0,000000	0,000000	0,000000	0,000000	24,406006	24,755043	23,335287	23,965155	23,796898	24,496096	20,862068	20,678942	21,810568	21,726004	23,655342	20,379999	23,420000	25,789999	23,400000	20,049999	20,049999	19,859999	19,760000	19,760000	340282346638528860000000000000000000000,000000	0,023945	20,000000	100014,000000	22,600000
1882,000000	19,811348	0,000000	0,000000	0,000000	0,000000	24,426239	24,760098	23,330215	23,970205	23,796898	24,496096	21,007280	20,678942	21,790354	21,710835	23,660393	20,379999	23,430000	25,799999	23,379999	20,049999	20,049999	19,869999	19,760000	19,760000	340282346638528860000000000000000000000,000000	0,023490	20,000000	100014,000000	22,600000
1884,000000	19,806299	0,000000	0,000000	0,000000	0,000000	24,416132	24,760098	23,320112	23,965155	23,791847	24,626148	20,857019	20,683992	21,805519	21,741150	23,660393	20,369999	23,400000	25,809999	23,340000	20,049999	20,049999	19,859999	19,760000	19,750000	340282346638528860000000000000000000000,000000	0,023388	20,000000	100014,000000	22,600000
1886,000000	19,811348	0,000000	0,000000	0,000000	0,000000	24,416132	24,765150	23,325163	23,965155	23,786793	24,626148	20,836809	20,564039	21,695669	21,901514	23,575850	20,379999	23,439999	25,830000	23,309999	20,039999	20,049999	19,859999	19,760000	19,750000	586,775024	0,023318	20,000000	100014,000000	22,600000
1888,000000	19,811348	0,000000	0,000000	0,000000	0,000000	24,406006	24,770224	23,320112	23,965155	23,771618	24,496096	20,841858	20,569086	21,710835	21,936899	23,601128	20,379999	23,459999	25,830000	23,289999	20,039999	20,049999	19,859999	19,760000	19,750000	340282346638528860000000000000000000000,000000	0,023592	20,000000	100014,000000	22,600000
1890,000000	19,801254	0,000000	0,000000	0,000000	0,000000	24,406006	24,770224	23,315060	23,960102	23,756460	24,626148	20,841858	20,579201	21,726004	21,837166	23,776690	20,379999	23,490000	25,849998	23,279999	20,049999	20,039999	19,859999	19,779999	19,740000	340282346638528860000000000000000000000,000000	0,023769	20,000000	100014,000000	22,600000
1892,000000	19,811348	0,000000	0,000000	0,000000	0,000000	24,421186	24,775276	23,335287	23,965155	23,751408	24,491041	20,831760	20,574152	21,746199	21,862413	23,756460	20,379999	23,510000	25,869999	23,260000	20,039999	20,039999	19,850000	19,799999	19,740000	340282346638528860000000000000000000000,000000	0,023660	20,000000	100014,000000	22,600000
1894,000000	19,696459	0,000000	0,000000	0,000000	0,000000	24,426239	24,785385	23,350441	23,965155	23,611233	24,626148	20,857019	20,569086	21,876247	22,002581	23,761515	20,379999	23,519999	25,859999	23,260000	20,039999	20,029999	19,850000	19,799999	19,750000	340282346638528860000000000000000000000,000000	0,023581	20,000000	100014,000000	22,500000
1896,000000	19,806299	0,000000	0,000000	0,000000	0,000000	24,426239	24,765150	23,340340	23,975258	23,621338	24,626148	20,851973	20,564039	21,876247	22,012678	23,761515	20,379999	23,500000	25,840000	23,269999	20,039999	20,029999	19,850000	19,809999	19,740000	613,015015	0,023482	20,000000	100014,000000	22,500000
1898,000000	19,811348	0,000000	0,000000	0,000000	0,000000	24,421186	24,785385	23,350441	23,975258	23,611233	24,626148	20,851973	20,683992	21,886368	22,048065	23,751408	20,379999	23,500000	25,840000	23,269999	20,039999	20,039999	19,850000	19,809999	19,750000	340282346638528860000000000000000000000,000000	0,023660	20,000000	100014,000000	22,500000
1900,000000	19,801254	0,000000	0,000000	0,000000	0,000000	24,421186	24,795511	23,340340	23,970205	23,611233	24,641327	20,872164	20,564039	21,891417	22,053116	23,751408	20,379999	23,459999	25,840000	23,269999	20,039999	20,039999	19,850000	19,820000	19,750000	340282346638528860000000000000000000000,000000	0,023367	20,000000	100014,000000	22,500000
1902,000000	19,806299	0,000000	0,000000	0,000000	0,000000	24,411079	24,795511	23,350441	23,970205	23,611233	24,636274	20,857019	20,564039	21,886368	22,027847	23,616285	20,379999	23,459999	25,809999	23,279999	20,039999	20,039999	19,859999	19,830000	19,740000	340282346638528860000000000000000000000,000000	0,023228	20,000000	100014,000000	22,500000
1904,000000	19,806299	0,000000	0,000000	0,000000	0,000000	24,421186	24,785385	23,350441	23,975258	23,611233	24,641327	20,841858	20,569086	21,891417	22,048065	23,751408	20,379999	23,500000	25,859999	23,260000	20,039999	20,039999	19,859999	19,820000	19,740000	340282346638528860000000000000000000000,000000	0,023343	20,000000	100014,000000	22,500000
1906,000000	19,811348	0,000000	0,000000	0,000000	0,000000	24,426239	24,795511	23,350441	23,970205	23,606182	24,641327	20,846924	20,574152	21,901514	22,058165	23,621338	20,369999	23,480000	25,859999	23,260000	20,029999	20,039999	19,859999	19,820000	19,740000	614,076050	0,023447	20,000000	100014,000000	22,600000
1908,000000	19,696459	0,000000	0,000000	0,000000	0,000000	24,421186	24,800564	23,345390	23,970205	23,606182	24,651436	20,831760	20,589294	21,916683	22,058165	23,786793	20,379999	23,510000	25,889999	23,260000	20,039999	20,039999	19,859999	19,820000	19,740000	616,183044	0,023478	20,000000	100014,000000	22,600000
1910,000000	19,701506	0,000000	0,000000	0,000000	0,000000	24,411079	24,805618	23,345390	23,975258	23,606182	24,646381	20,831760	20,589294	21,901514	22,007629	23,781740	20,379999	23,519999	25,879999	23,279999	20,039999	20,039999	19,859999	19,809999	19,750000	612,122009	0,023401	20,000000	100014,000000	22,600000
1912,000000	19,696459	0,000000	0,000000	0,000000	0,000000	24,416132	24,770224	23,350441	23,980330	23,621338	24,651436	20,867115	20,579201	21,746199	21,847263	23,791847	20,379999	23,539999	25,859999	23,320000	20,039999	20,039999	19,859999	19,809999	19,760000	620,573059	0,023408	20,000000	100014,000000	22,600000
1914,000000	19,801254	0,000000	0,000000	0,000000	0,000000	24,390846	24,760098	23,345390	23,975258	23,751408	24,636274	21,012327	20,564039	21,720932	21,842215	23,751408	20,379999	23,500000	25,820000	23,330000	20,039999	20,039999	19,859999	19,799999	19,760000	619,341003	0,023822	20,000000	100014,000000	22,600000
1916,000000	19,791143	0,000000	0,000000	0,000000	0,000000	24,380722	24,755043	23,360563	23,975258	23,766565	24,631222	21,012327	20,668848	21,705786	21,842215	23,606182	20,379999	23,480000	25,799999	23,330000	20,039999	20,039999	19,859999	19,789999	19,760000	340282346638528860000000000000000000000,000000	0,023086	20,000000	100014,000000	22,600000
1918,000000	19,776005	0,000000	0,000000	0,000000	0,000000	24,380722	24,624990	23,345390	23,975258	23,771618	24,636274	21,007280	20,658733	21,710835	21,872532	23,670519	20,379999	23,430000	25,799999	23,320000	20,039999	20,039999	19,859999	19,789999	19,750000	615,242004	0,023273	20,000000	100014,000000	22,600000
1920,000000	19,786097	0,000000	0,000000	0,000000	0,000000	24,416132	24,765150	23,350441	23,975258	23,771618	24,626148	21,002232	20,648640	21,720932	22,022799	23,635115	20,369999	23,369999	25,789999	23,309999	20,039999	20,049999	19,859999	19,779999	19,750000	340282346638528860000000000000000000000,000000	0,023584	20,000000	100014,000000	22,600000
1922,000000	19,781052	0,000000	0,000000	0,000000	0,000000	24,416132	24,760098	23,345390	23,975258	23,771618	24,636274	20,872164	20,643591	21,731052	22,027847	23,494959	20,379999	23,350000	25,799999	23,289999	20,039999	20,049999	19,859999	19,779999	19,740000	583,366028	0,023268	20,000000	100014,000000	22,600000
1924,000000	19,786097	0,000000	0,000000	0,000000	0,000000	24,416132	24,760098	23,340340	23,975258	23,761515	24,636274	20,872164	20,653687	21,720932	22,012678	23,670519	20,369999	23,359999	25,799999	23,299999	20,039999	20,049999	19,859999	19,779999	19,740000	340282346638528860000000000000000000000,000000	0,023206	20,000000	100014,000000	22,600000
1926,000000	19,770937	0,000000	0,000000	0,000000	0,000000	24,406006	24,765150	23,340340	23,980330	23,756460	24,631222	20,857019	20,653687	21,715883	21,872532	23,575850	20,379999	23,400000	25,820000	23,289999	20,039999	20,049999	19,859999	19,789999	19,740000	586,515015	0,023644	20,000000	100014,000000	22,600000
1928,000000	19,765892	0,000000	0,000000	0,000000	0,000000	24,416132	24,770224	23,345390	23,970205	23,616285	24,626148	20,857019	20,648640	21,731052	22,007629	23,585953	20,379999	23,469999	25,820000	23,269999	20,039999	20,049999	19,859999	19,789999	19,740000	340282346638528860000000000000000000000,000000	0,023412	20,000000	100014,000000	22,600000
1930,000000	19,770937	0,000000	0,000000	0,000000	0,000000	24,406006	24,770224	23,340340	23,975258	23,616285	24,631222	20,867115	20,653687	21,731052	22,007629	23,611233	20,379999	23,469999	25,799999	23,289999	20,039999	20,049999	19,859999	19,789999	19,740000	340282346638528860000000000000000000000,000000	0,023299	20,000000	100014,000000	22,600000
1932,000000	19,781052	0,000000	0,000000	0,000000	0,000000	24,406006	24,770224	23,345390	23,975258	23,751408	24,636274	21,007280	20,658733	21,715883	21,837166	23,606182	20,379999	23,480000	25,789999	23,320000	20,039999	20,039999	19,850000	19,789999	19,750000	340282346638528860000000000000000000000,000000	0,023341	20,000000	100014,000000	22,600000
1934,000000	19,781052	0,000000	0,000000	0,000000	0,000000	24,411079	24,624990	23,335287	23,970205	23,756460	24,641327	21,037588	20,663782	21,700737	21,832098	23,591005	20,379999	23,449999	25,799999	23,340000	20,039999	20,049999	19,850000	19,789999	19,750000	340282346638528860000000000000000000000,000000	0,023426	20,000000	100014,000000	22,600000
1936,000000	19,791143	0,000000	0,000000	0,000000	0,000000	24,395901	24,619915	23,350441	23,970205	23,756460	24,646381	21,037588	20,653687	21,700737	21,837166	23,596077	20,379999	23,469999	25,799999	23,320000	20,039999	20,039999	19,850000	19,789999	19,750000	340282346638528860000000000000000000000,000000	0,023348	20,000000	100014,000000	22,600000
1938,000000	19,786097	0,000000	0,000000	0,000000	0,000000	24,400953	24,619915	23,345390	23,975258	23,621338	24,646381	21,032539	20,658733	21,700737	21,847263	23,606182	20,379999	23,459999	25,820000	23,320000	20,039999	20,039999	19,850000	19,809999	19,760000	340282346638528860000000000000000000000,000000	0,023615	20,000000	100014,000000	22,600000
1941,000000	19,791143	0,000000	0,000000	0,000000	0,000000	24,421186	24,755043	23,340340	23,970205	23,621338	24,646381	21,027491	20,653687	21,710835	22,007629	23,585953	20,379999	23,449999	25,820000	23,309999	20,039999	20,049999	19,850000	19,809999	19,770000	600,843018	0,023495	20,000000	100014,000000	22,600000
1943,000000	19,781052	0,000000	0,000000	0,000000	0,000000	24,421186	24,760098	23,360563	23,970205	23,611233	24,641327	21,022423	20,668848	21,715883	22,007629	23,575850	20,379999	23,430000	25,799999	23,309999	20,039999	20,039999	19,859999	19,830000	19,770000	340282346638528860000000000000000000000,000000	0,023417	20,000000	100014,000000	22,700001
1945,000000	19,786097	0,000000	0,000000	0,000000	0,000000	24,431311	24,775276	23,355513	23,980330	23,606182	24,631222	21,012327	20,668848	21,715883	21,872532	23,685673	20,369999	23,410000	25,779999	23,299999	20,039999	20,039999	19,859999	19,830000	19,770000	606,704041	0,023489	20,000000	100014,000000	22,700001
1947,000000	19,786097	0,000000	0,000000	0,000000	0,000000	24,431311	24,790459	23,345390	23,975258	23,611233	24,491041	20,872164	20,668848	21,876247	22,012678	23,565725	20,379999	23,439999	25,799999	23,260000	20,039999	20,049999	19,859999	19,830000	19,770000	340282346638528860000000000000000000000,000000	0,023793	20,000000	100010,000000	22,700001
1949,000000	19,791143	0,000000	0,000000	0,000000	0,000000	24,431311	24,800564	23,345390	23,975258	23,606182	24,491041	20,867115	20,678942	21,876247	22,007629	23,580902	20,379999	23,430000	25,820000	23,269999	20,039999	20,049999	19,859999	19,830000	19,779999	340282346638528860000000000000000000000,000000	0,023730	20,000000	100014,000000	22,700001
1951,000000	19,801254	0,000000	0,000000	0,000000	0,000000	24,436363	24,805618	23,330215	23,975258	23,616285	24,631222	20,872164	20,564039	21,881319	22,017750	23,601128	20,379999	23,469999	25,809999	23,260000	20,039999	20,049999	19,859999	19,840000	19,789999	597,677002	0,023685	20,000000	100014,000000	22,700001
1953,000000	19,801254	0,000000	0,000000	0,000000	0,000000	24,431311	24,805618	23,355513	23,975258	23,611233	24,631222	21,007280	20,564039	21,896465	22,027847	23,575850	20,379999	23,459999	25,799999	23,269999	20,049999	20,049999	19,859999	19,840000	19,789999	582,320007	0,023519	20,000000	100014,000000	22,700001
1955,000000	19,801254	0,000000	0,000000	0,000000	0,000000	24,321472	24,810694	23,350441	23,975258	23,596077	24,626148	21,007280	20,564039	21,906584	22,043015	23,596077	20,379999	23,430000	25,809999	23,260000	20,049999	20,049999	19,859999	19,850000	19,789999	340282346638528860000000000000000000000,000000	0,023505	20,000000	100014,000000	22,700001
1957,000000	19,811348	0,000000	0,000000	0,000000	0,000000	24,321472	24,690746	23,360563	23,985382	23,616285	24,641327	20,867115	20,564039	21,911633	22,053116	23,596077	20,379999	23,459999	25,849998	23,269999	20,049999	20,049999	19,869999	19,859999	19,789999	614,629028	0,023545	20,000000	100014,000000	22,700001
1959,000000	19,801254	0,000000	0,000000	0,000000	0,000000	24,316418	24,695801	23,360563	23,980330	23,601128	24,651436	20,846924	20,564039	21,896465	22,027847	23,616285	20,379999	23,469999	25,849998	23,299999	20,059999	20,049999	19,869999	19,889999	19,789999	340282346638528860000000000000000000000,000000	0,023526	20,000000	100014,000000	22,700001
1961,000000	19,691414	0,000000	0,000000	0,000000	0,000000	24,431311	24,800564	23,500740	23,980330	23,751408	24,656509	20,872164	20,683992	21,881319	22,012678	23,611233	20,379999	23,490000	25,840000	23,320000	20,059999	20,049999	19,869999	19,900000	19,789999	340282346638528860000000000000000000000,000000	0,023454	20,000000	100014,000000	22,700001
1963,000000	19,691414	0,000000	0,000000	0,000000	0,000000	24,436363	24,800564	23,360563	23,980330	23,621338	24,651436	20,872164	20,673895	21,901514	22,053116	23,575850	20,379999	23,480000	25,849998	23,289999	20,059999	20,049999	19,869999	19,889999	19,799999	588,792053	0,023375	20,000000	100014,000000	22,700001
1965,000000	19,701506	0,000000	0,000000	0,000000	0,000000	24,431311	24,790459	23,365616	23,985382	23,621338	24,646381	21,022423	20,673895	21,891417	21,943264	23,575850	20,379999	23,439999	25,849998	23,299999	20,059999	20,049999	19,869999	19,889999	19,799999	622,801025	0,023521	20,000000	100014,000000	22,700001
1967,000000	19,701506	0,000000	0,000000	0,000000	0,000000	24,431311	24,790459	23,360563	23,980330	23,751408	24,651436	21,042635	20,653687	21,901514	22,048065	23,670519	20,379999	23,420000	25,859999	23,309999	20,059999	20,049999	19,879999	19,869999	19,789999	340282346638528860000000000000000000000,000000	0,023372	20,000000	100014,000000	22,700001
1969,000000	19,811348	0,000000	0,000000	0,000000	0,000000	24,316418	24,780333	23,360563	23,985382	23,761515	24,641327	21,042635	20,658733	21,906584	22,058165	23,494959	20,379999	23,389999	25,859999	23,299999	20,059999	20,049999	19,879999	19,869999	19,830000	340282346638528860000000000000000000000,000000	0,023645	20,000000	100014,000000	22,700001
1971,000000	19,791143	0,000000	0,000000	0,000000	0,000000	24,436363	24,790459	23,365616	23,985382	23,761515	24,646381	20,872164	20,663782	21,916683	21,938215	23,630062	20,379999	23,379999	25,859999	23,289999	20,070000	20,049999	19,869999	19,869999	19,879999	612,545044	0,023361	20,000000	100014,000000	22,700001
1973,000000	19,786097	0,000000	0,000000	0,000000	0,000000	24,331596	24,785385	23,360563	23,985382	23,761515	24,641327	20,862068	20,668848	21,921732	22,043015	23,660393	20,379999	23,400000	25,820000	23,289999	20,070000	20,049999	19,879999	19,859999	19,910000	340282346638528860000000000000000000000,000000	0,023345	20,000000	100014,000000	22,600000
1975,000000	19,786097	0,000000	0,000000	0,000000	0,000000	24,331596	24,795511	23,370668	23,990437	23,761515	24,641327	20,857019	20,663782	21,911633	22,017750	23,665466	20,379999	23,420000	25,830000	23,299999	20,059999	20,049999	19,879999	19,859999	19,910000	340282346638528860000000000000000000000,000000	0,023228	20,000000	100014,000000	22,600000
1977,000000	19,760847	0,000000	0,000000	0,000000	0,000000	24,336649	24,805618	23,355513	23,985382	23,761515	24,646381	20,836809	20,683992	21,916683	22,032898	23,680622	20,379999	23,430000	25,840000	23,279999	20,070000	20,049999	19,879999	19,850000	19,889999	608,862000	0,023536	20,000000	100014,000000	22,600000
1979,000000	19,781052	0,000000	0,000000	0,000000	0,000000	24,346777	24,690746	23,360563	23,985382	23,761515	24,646381	20,821665	20,683992	21,921732	22,037947	23,665466	20,379999	23,439999	25,849998	23,269999	20,070000	20,049999	19,889999	19,850000	19,869999	615,214050	0,023585	20,000000	100014,000000	22,600000
1981,000000	19,796207	0,000000	0,000000	0,000000	0,000000	24,346777	24,690746	23,355513	23,995489	23,771618	24,651436	20,821665	20,678942	21,936899	22,058165	23,655342	20,379999	23,420000	25,849998	23,260000	20,080000	20,059999	19,889999	19,850000	19,850000	340282346638528860000000000000000000000,000000	0,023488	20,000000	100014,000000	22,600000
1983,000000	19,801254	0,000000	0,000000	0,000000	0,000000	24,346777	24,690746	23,355513	23,990437	23,766565	24,646381	20,836809	20,683992	21,816948	21,938215	23,630062	20,379999	23,400000	25,849998	23,269999	20,080000	20,059999	19,900000	19,850000	19,840000	617,333008	0,023679	20,000000	100014,000000	22,600000
1985,000000	19,806299	0,000000	0,000000	0,000000	0,000000	24,341702	24,690746	23,370668	23,995489	23,766565	24,651436	20,862068	20,569086	21,821997	22,048065	23,665466	20,379999	23,410000	25,869999	23,279999	20,080000	20,059999	19,900000	19,840000	19,830000	340282346638528860000000000000000000000,000000	0,023571	20,000000	100014,000000	22,700001
1987,000000	19,701506	0,000000	0,000000	0,000000	0,000000	24,336649	24,800564	23,505791	24,125542	23,776690	24,671669	21,007280	20,569086	21,926781	22,032898	23,565725	20,379999	23,439999	25,869999	23,320000	20,080000	20,059999	19,900000	19,840000	19,830000	622,427002	0,023737	20,000000	100014,000000	22,700001
1989,000000	19,691414	0,000000	0,000000	0,000000	0,000000	24,321472	24,800564	23,370668	23,995489	23,771618	24,661562	20,872164	20,569086	21,921732	22,022799	23,650290	20,389999	23,420000	25,849998	23,309999	20,090000	20,059999	19,900000	19,850000	19,820000	340282346638528860000000000000000000000,000000	0,023326	20,000000	100014,000000	22,700001
1991,000000	19,691414	0,000000	0,000000	0,000000	0,000000	24,321472	24,805618	23,365616	23,995489	23,771618	24,651436	21,017376	20,683992	21,926781	22,053116	23,650290	20,379999	23,389999	25,840000	23,299999	20,090000	20,059999	19,889999	19,840000	19,820000	340282346638528860000000000000000000000,000000	0,023625	20,000000	100010,000000	22,700001
1993,000000	19,806299	0,000000	0,000000	0,000000	0,000000	24,421186	24,805618	23,370668	23,995489	23,771618	24,646381	21,002232	20,574152	21,906584	22,022799	23,660393	20,379999	23,379999	25,859999	23,309999	20,090000	20,059999	19,879999	19,859999	19,820000	588,047058	0,023379	20,000000	100014,000000	22,700001
1995,000000	19,696459	0,000000	0,000000	0,000000	0,000000	24,426239	24,790459	23,365616	23,995489	23,771618	24,656509	21,002232	20,574152	21,901514	22,053116	23,575850	20,389999	23,430000	25,859999	23,320000	20,090000	20,049999	19,889999	19,859999	19,809999	587,222046	0,023494	20,000000	100014,000000	22,700001
1997,000000	19,811348	0,000000	0,000000	0,000000	0,000000	24,426239	24,785385	23,500740	23,995489	23,776690	24,656509	21,027491	20,574152	21,896465	22,027847	23,665466	20,379999	23,420000	25,849998	23,330000	20,090000	20,049999	19,889999	19,850000	19,809999	340282346638528860000000000000000000000,000000	0,023581	20,000000	100014,000000	22,700001
1999,000000	19,811348	0,000000	0,000000	0,000000	0,000000	24,321472	24,795511	23,500740	23,995489	23,786793	24,661562	21,027491	20,683992	21,891417	22,022799	23,625010	20,379999	23,400000	25,830000	23,320000	20,090000	20,049999	19,889999	19,850000	19,820000	595,134033	0,023567	20,000000	100010,000000	22,700001
2001,000000	19,806299	0,000000	0,000000	0,000000	0,000000	24,316418	24,800564	23,500740	23,995489	23,776690	24,651436	21,027491	20,678942	21,746199	21,872532	23,650290	20,379999	23,369999	25,809999	23,330000	20,090000	20,049999	19,889999	19,850000	19,820000	611,206055	0,023303	20,000000	100010,000000	22,700001
2003,000000	19,791143	0,000000	0,000000	0,000000	0,000000	24,431311	24,795511	23,370668	23,995489	23,776690	24,651436	21,017376	20,564039	21,741150	21,867483	23,680622	20,379999	23,400000	25,820000	23,320000	20,090000	20,049999	19,900000	19,850000	19,820000	340282346638528860000000000000000000000,000000	0,023380	20,000000	100010,000000	22,600000
2005,000000	19,781052	0,000000	0,000000	0,000000	0,000000	24,426239	24,805618	23,500740	23,995489	23,776690	24,646381	21,002232	20,678942	21,876247	22,002581	23,680622	20,379999	23,410000	25,830000	23,309999	20,090000	20,049999	19,889999	19,859999	19,820000	597,702026	0,023163	20,000000	100014,000000	22,500000
2007,000000	19,786097	0,000000	0,000000	0,000000	0,000000	24,431311	24,800564	23,500740	23,995489	23,771618	24,656509	20,867115	20,683992	21,891417	21,872532	23,680622	20,379999	23,430000	25,830000	23,299999	20,090000	20,039999	19,900000	19,859999	19,820000	340282346638528860000000000000000000000,000000	0,023703	20,000000	100014,000000	22,500000
2009,000000	19,801254	0,000000	0,000000	0,000000	0,000000	24,326544	24,805618	23,370668	23,995489	23,771618	24,651436	20,872164	20,569086	21,916683	22,022799	23,575850	20,379999	23,449999	25,840000	23,279999	20,090000	20,049999	19,889999	19,859999	19,809999	602,068054	0,023359	20,000000	100014,000000	22,500000
2011,000000	19,801254	0,000000	0,000000	0,000000	0,000000	24,336649	24,690746	23,500740	23,995489	23,766565	24,646381	20,872164	20,589294	21,821997	21,938215	23,585953	20,379999	23,449999	25,849998	23,289999	20,100000	20,049999	19,900000	19,859999	19,809999	340282346638528860000000000000000000000,000000	0,023466	20,000000	100014,000000	22,500000
2013,000000	19,696459	0,000000	0,000000	0,000000	0,000000	24,356882	24,695801	23,510843	23,995489	23,756460	24,646381	20,862068	20,589294	21,842215	21,968533	23,580902	20,379999	23,459999	25,879999	23,279999	20,100000	20,049999	19,889999	19,850000	19,799999	621,695007	0,023423	20,000000	100014,000000	22,500000
2015,000000	19,706551	0,000000	0,000000	0,000000	0,000000	24,361935	24,710979	23,510843	24,125542	23,621338	24,641327	20,851973	20,604458	21,862413	21,963482	23,591005	20,379999	23,480000	25,900000	23,279999	20,100000	20,049999	19,900000	19,850000	19,809999	340282346638528860000000000000000000000,000000	0,023332	20,000000	100014,000000	22,500000
2017,000000	19,706551	0,000000	0,000000	0,000000	0,000000	24,367008	24,726162	23,520966	24,125542	23,616285	24,646381	20,862068	20,609505	21,857363	21,953382	23,575850	20,379999	23,449999	25,889999	23,279999	20,090000	20,049999	19,900000	19,850000	19,820000	340282346638528860000000000000000000000,000000	0,023582	20,000000	100014,000000	22,600000
2019,000000	19,701506	0,000000	0,000000	0,000000	0,000000	24,372061	24,721107	23,520966	24,130594	23,616285	24,666615	20,862068	20,599411	21,852314	21,943264	23,570799	20,379999	23,439999	25,869999	23,269999	20,100000	20,049999	19,900000	19,850000	19,830000	340282346638528860000000000000000000000,000000	0,023476	20,000000	100014,000000	22,600000
2021,000000	19,696459	0,000000	0,000000	0,000000	0,000000	24,372061	24,716034	23,515894	24,135666	23,751408	24,666615	20,867115	20,589294	21,837166	21,943264	23,565725	20,379999	23,459999	25,849998	23,279999	20,100000	20,049999	19,900000	19,859999	19,830000	609,775024	0,023707	20,000000	100010,000000	22,600000
2023,000000	19,806299	0,000000	0,000000	0,000000	0,000000	24,502115	24,710979	23,515894	24,130594	23,766565	24,666615	20,851973	20,594343	21,842215	21,943264	23,575850	20,379999	23,439999	25,859999	23,260000	20,100000	20,049999	19,900000	19,869999	19,830000	616,387024	0,023318	20,000000	100014,000000	22,600000
2025,000000	19,806299	0,000000	0,000000	0,000000	0,000000	24,372061	24,716034	23,515894	24,140718	23,781740	24,666615	20,851973	20,589294	21,862413	21,948332	23,596077	20,379999	23,469999	25,869999	23,269999	20,100000	20,049999	19,900000	19,869999	19,840000	340282346638528860000000000000000000000,000000	0,023315	20,000000	100010,000000	22,700001
2027,000000	19,691414	0,000000	0,000000	0,000000	0,000000	24,507170	24,726162	23,515894	24,135666	23,776690	24,676722	20,846924	20,589294	21,857363	21,968533	23,621338	20,379999	23,490000	25,889999	23,289999	20,100000	20,049999	19,900000	19,869999	19,840000	609,973999	0,023659	20,000000	100010,000000	22,700001
2029,000000	19,691414	0,000000	0,000000	0,000000	0,000000	24,361935	24,716034	23,526018	24,135666	23,786793	24,686850	20,857019	20,574152	21,857363	21,968533	23,606182	20,379999	23,500000	25,889999	23,309999	20,109999	20,049999	19,900000	19,879999	19,840000	616,855042	0,023554	20,000000	100014,000000	22,700001
2031,000000	19,801254	0,000000	0,000000	0,000000	0,000000	24,367008	24,705927	23,526018	24,145773	23,786793	24,686850	20,857019	20,584248	21,857363	21,973600	23,606182	20,379999	23,469999	25,889999	23,299999	20,100000	20,049999	19,900000	19,879999	19,830000	614,641052	0,023545	20,000000	100014,000000	22,700001
2033,000000	19,811348	0,000000	0,000000	0,000000	0,000000	24,361935	24,716034	23,526018	24,145773	23,791847	24,681774	20,862068	20,584248	21,862413	21,998850	23,771618	20,379999	23,490000	25,889999	23,309999	20,100000	20,049999	19,889999	19,889999	19,830000	622,963013	0,023616	20,000000	100010,000000	22,700001
2035,000000	19,696459	0,000000	0,000000	0,000000	0,000000	24,341702	24,700853	23,531071	24,145773	23,781740	24,686850	21,002232	20,574152	21,862413	21,978649	23,621338	20,379999	23,510000	25,879999	23,340000	20,109999	20,049999	19,889999	19,900000	19,809999	340282346638528860000000000000000000000,000000	0,023430	20,000000	100014,000000	22,700001
2037,000000	19,696459	0,000000	0,000000	0,000000	0,000000	24,341702	24,705927	23,526018	24,140718	23,781740	24,566902	20,867115	20,569086	21,852314	21,993799	23,596077	20,379999	23,480000	25,869999	23,330000	20,100000	20,059999	19,889999	19,920000	19,809999	340282346638528860000000000000000000000,000000	0,023674	20,000000	100014,000000	22,700001
2039,000000	19,811348	0,000000	0,000000	0,000000	0,000000	24,341702	24,700853	23,520966	24,140718	23,786793	24,566902	21,002232	20,569086	21,847263	21,973600	23,570799	20,379999	23,449999	25,879999	23,330000	20,109999	20,059999	19,889999	19,920000	19,809999	603,391052	0,023438	20,000000	100010,000000	22,700001
2041,000000	19,811348	0,000000	0,000000	0,000000	0,000000	24,341702	24,695801	23,520966	24,145773	23,781740	24,686850	21,007280	20,584248	21,832098	21,958433	23,580902	20,379999	23,469999	25,869999	23,309999	20,109999	20,059999	19,900000	19,910000	19,820000	340282346638528860000000000000000000000,000000	0,023610	20,000000	100014,000000	22,700001
2043,000000	19,811348	0,000000	0,000000	0,000000	0,000000	24,356882	24,716034	23,526018	24,145773	23,771618	24,566902	21,002232	20,589294	21,832098	22,058165	23,660393	20,369999	23,430000	25,879999	23,309999	20,109999	20,059999	19,900000	19,910000	19,809999	340282346638528860000000000000000000000,000000	0,023539	20,000000	100014,000000	22,700001
2045,000000	19,696459	0,000000	0,000000	0,000000	0,000000	24,351830	24,726162	23,526018	24,145773	23,796898	24,686850	20,867115	20,589294	21,827047	22,032898	23,660393	20,379999	23,410000	25,859999	23,320000	20,109999	20,059999	19,889999	19,900000	19,820000	621,232056	0,023518	20,000000	100014,000000	22,700001
2047,000000	19,706551	0,000000	0,000000	0,000000	0,000000	24,356882	24,716034	23,531071	24,145773	23,791847	24,666615	20,862068	20,599411	21,842215	22,058165	23,675570	20,379999	23,449999	25,889999	23,309999	20,109999	20,059999	19,900000	19,889999	19,820000	602,317017	0,023551	20,000000	100014,000000	22,700001
2049,000000	19,701506	0,000000	0,000000	0,000000	0,000000	24,367008	24,710979	23,536121	24,145773	23,807022	24,671669	20,862068	20,604458	21,842215	22,037947	23,591005	20,379999	23,439999	25,889999	23,340000	20,100000	20,059999	19,900000	19,879999	19,820000	340282346638528860000000000000000000000,000000	0,023500	20,000000	100014,000000	22,700001
2051,000000	19,696459	0,000000	0,000000	0,000000	0,000000	24,367008	24,700853	23,531071	24,155878	23,692125	24,676722	20,867115	20,619600	21,832098	22,043015	23,596077	20,379999	23,459999	25,900000	23,340000	20,100000	20,070000	19,900000	19,900000	19,820000	589,723022	0,023453	20,000000	100014,000000	22,700001
2053,000000	19,711617	0,000000	0,000000	0,000000	0,000000	24,367008	24,710979	23,536121	24,150826	23,801950	24,686850	20,862068	20,609505	21,857363	21,953382	23,781740	20,379999	23,490000	25,910000	23,309999	20,100000	20,070000	19,910000	19,910000	19,820000	614,950012	0,023104	20,000000	100014,000000	22,700001
2055,000000	19,711617	0,000000	0,000000	0,000000	0,000000	24,372061	24,741343	23,541193	24,150826	23,781740	24,686850	20,862068	20,599411	21,872532	21,963482	23,771618	20,369999	23,539999	25,910000	23,309999	20,100000	20,070000	19,910000	19,920000	19,809999	340282346638528860000000000000000000000,000000	0,023328	20,000000	100014,000000	22,700001
2057,000000	19,706551	0,000000	0,000000	0,000000	0,000000	24,502115	24,746395	23,526018	24,155878	23,781740	24,681774	20,851973	20,604458	21,867483	21,953382	23,771618	20,379999	23,519999	25,930000	23,289999	20,100000	20,070000	19,910000	19,959999	19,820000	340282346638528860000000000000000000000,000000	0,023542	20,000000	100014,000000	22,700001
2060,000000	19,716661	0,000000	0,000000	0,000000	0,000000	24,512241	24,731215	23,531071	24,155878	23,776690	24,686850	20,841858	20,604458	22,002581	21,978649	23,812075	20,369999	23,570000	25,930000	23,279999	20,109999	20,070000	19,910000	19,949999	19,809999	340282346638528860000000000000000000000,000000	0,023302	20,000000	100014,000000	22,700001
2062,000000	19,716661	0,000000	0,000000	0,000000	0,000000	24,502115	24,736269	23,531071	24,155878	23,766565	24,681774	20,851973	20,599411	22,012678	22,128918	23,796898	20,369999	23,529999	25,910000	23,260000	20,109999	20,070000	19,910000	19,949999	19,809999	616,385010	0,023180	20,000000	100014,000000	22,700001
2064,000000	19,726755	0,000000	0,000000	0,000000	0,000000	24,502115	24,736269	23,531071	24,155878	23,771618	24,686850	20,872164	20,594343	22,007629	22,144066	23,766565	20,369999	23,539999	25,910000	23,279999	20,109999	20,080000	19,910000	19,949999	19,809999	619,333008	0,023521	20,000000	100014,000000	22,600000
2066,000000	19,716661	0,000000	0,000000	0,000000	0,000000	24,512241	24,726162	23,536121	24,155878	23,766565	24,686850	21,017376	20,589294	22,007629	22,149117	23,580902	20,369999	23,480000	25,900000	23,309999	20,109999	20,070000	19,910000	19,939999	19,799999	600,250000	0,023531	20,000000	100014,000000	22,600000
2068,000000	19,711617	0,000000	0,000000	0,000000	0,000000	24,372061	24,710979	23,536121	24,160950	23,791847	24,566902	21,002232	20,589294	22,012678	22,149117	23,685673	20,369999	23,430000	25,910000	23,320000	20,109999	20,070000	19,910000	19,939999	19,799999	608,770020	0,023472	20,000000	100014,000000	22,500000
2070,000000	19,706551	0,000000	0,000000	0,000000	0,000000	24,367008	24,700853	23,541193	24,160950	23,801950	24,577009	21,027491	20,584248	22,007629	22,154186	23,580902	20,369999	23,420000	25,920000	23,340000	20,119999	20,070000	19,910000	19,930000	19,809999	340282346638528860000000000000000000000,000000	0,023853	20,000000	100014,000000	22,500000
2072,000000	19,701506	0,000000	0,000000	0,000000	0,000000	24,372061	24,716034	23,551296	24,166002	23,801950	24,577009	21,027491	20,604458	21,857363	21,983700	23,621338	20,369999	23,490000	25,910000	23,369999	20,119999	20,070000	19,910000	19,939999	19,809999	340282346638528860000000000000000000000,000000	0,023855	20,000000	100010,000000	22,500000
2075,000000	19,706551	0,000000	0,000000	0,000000	0,000000	24,512241	24,705927	23,551296	24,155878	23,692125	24,587135	21,012327	20,609505	21,837166	21,973600	23,766565	20,369999	23,500000	25,920000	23,359999	20,119999	20,070000	19,910000	19,959999	19,820000	570,053040	0,023233	20,000000	100014,000000	22,600000
2077,000000	19,706551	0,000000	0,000000	0,000000	0,000000	24,512241	24,721107	23,546244	24,160950	23,796898	24,582062	21,007280	20,594343	21,842215	21,993799	23,596077	20,369999	23,469999	25,910000	23,340000	20,119999	20,080000	19,910000	19,939999	19,820000	603,024048	0,023396	20,000000	100014,000000	22,600000
2079,000000	19,706551	0,000000	0,000000	0,000000	0,000000	24,372061	24,710979	23,551296	24,160950	23,796898	24,582062	20,872164	20,604458	21,837166	21,983700	23,596077	20,369999	23,459999	25,900000	23,340000	20,129999	20,070000	19,910000	19,949999	19,820000	340282346638528860000000000000000000000,000000	0,023558	20,000000	100014,000000	22,700001
2081,000000	19,706551	0,000000	0,000000	0,000000	0,000000	24,507170	24,721107	23,556349	24,160950	23,781740	24,571957	20,867115	20,594343	21,842215	21,993799	23,670519	20,379999	23,430000	25,889999	23,330000	20,129999	20,070000	19,910000	19,930000	19,820000	589,702026	0,023414	20,000000	100014,000000	22,700001
2083,000000	19,706551	0,000000	0,000000	0,000000	0,000000	24,502115	24,716034	23,546244	24,166002	23,761515	24,571957	20,867115	20,594343	21,862413	22,144066	23,640186	20,369999	23,410000	25,889999	23,299999	20,119999	20,080000	19,910000	19,930000	19,820000	598,341003	0,023024	20,000000	100014,000000	22,700001
2085,000000	19,696459	0,000000	0,000000	0,000000	0,000000	24,372061	24,721107	23,546244	24,160950	23,771618	24,686850	21,027491	20,594343	21,852314	21,983700	23,645239	20,369999	23,420000	25,879999	23,309999	20,129999	20,070000	19,910000	19,949999	19,820000	340282346638528860000000000000000000000,000000	0,023403	20,000000	100010,000000	22,700001
2087,000000	19,811348	0,000000	0,000000	0,000000	0,000000	24,372061	24,710979	23,546244	24,160950	23,756460	24,681774	21,027491	20,589294	21,842215	21,983700	23,479784	20,379999	23,340000	25,879999	23,309999	20,129999	20,080000	19,910000	19,959999	19,820000	340282346638528860000000000000000000000,000000	0,023314	20,000000	100014,000000	22,700001
2089,000000	19,806299	0,000000	0,000000	0,000000	0,000000	24,367008	24,700853	23,541193	24,160950	23,786793	24,676722	21,007280	20,574152	21,936899	22,053116	23,439348	20,369999	23,340000	25,840000	23,350000	20,129999	20,080000	19,920000	19,969999	19,820000	340282346638528860000000000000000000000,000000	0,023447	20,000000	100014,000000	22,700001
2091,000000	19,796207	0,000000	0,000000	0,000000	0,000000	24,361935	24,695801	23,536121	24,160950	23,796898	24,671669	21,027491	20,584248	21,926781	22,053116	23,544123	20,379999	23,269999	25,830000	23,359999	20,129999	20,090000	19,920000	19,949999	19,820000	340282346638528860000000000000000000000,000000	0,023280	20,000000	100014,000000	22,700001
2093,000000	19,786097	0,000000	0,000000	0,000000	0,000000	24,367008	24,690746	23,546244	24,155878	23,786793	24,666615	21,047684	20,589294	21,816948	21,958433	23,479784	20,379999	23,320000	25,849998	23,340000	20,129999	20,090000	19,910000	19,949999	19,820000	340282346638528860000000000000000000000,000000	0,023444	20,000000	100014,000000	22,700001
2095,000000	19,760847	0,000000	0,000000	0,000000	0,000000	24,367008	24,690746	23,531071	24,166002	23,786793	24,656509	20,942896	20,579201	21,827047	21,953382	23,625010	20,379999	23,379999	25,869999	23,320000	20,129999	20,090000	19,920000	19,939999	19,820000	595,138000	0,023159	20,000000	100014,000000	22,700001
2097,000000	19,750734	0,000000	0,000000	0,000000	0,000000	24,367008	24,810694	23,541193	24,166002	23,791847	24,676722	20,942896	20,683992	21,832098	21,953382	23,625010	20,379999	23,379999	25,840000	23,340000	20,129999	20,090000	19,920000	19,930000	19,820000	622,525024	0,023264	20,000000	100014,000000	22,700001
2099,000000	19,765892	0,000000	0,000000	0,000000	0,000000	24,372061	24,700853	23,536121	24,155878	23,776690	24,681774	21,052731	20,564039	21,837166	21,963482	23,565725	20,379999	23,400000	25,859999	23,330000	20,139999	20,090000	19,920000	19,930000	19,809999	340282346638528860000000000000000000000,000000	0,023432	20,000000	100014,000000	22,700001
2101,000000	19,760847	0,000000	0,000000	0,000000	0,000000	24,356882	24,700853	23,536121	24,155878	23,781740	24,676722	21,042635	20,569086	21,862413	22,128918	23,606182	20,379999	23,469999	25,900000	23,320000	20,139999	20,090000	19,920000	19,930000	19,809999	340282346638528860000000000000000000000,000000	0,023273	20,000000	100014,000000	22,700001
2103,000000	19,796207	0,000000	0,000000	0,000000	0,000000	24,372061	24,716034	23,531071	24,155878	23,761515	24,681774	21,037588	20,584248	22,007629	22,139017	23,621338	20,379999	23,500000	25,910000	23,320000	20,139999	20,100000	19,920000	19,930000	19,820000	587,551025	0,023583	20,000000	100014,000000	22,700001
2105,000000	19,806299	0,000000	0,000000	0,000000	0,000000	24,502115	24,726162	23,541193	24,155878	23,761515	24,566902	20,937847	20,599411	22,017750	22,154186	23,670519	20,369999	23,430000	25,900000	23,340000	20,139999	20,100000	19,920000	19,920000	19,809999	340282346638528860000000000000000000000,000000	0,023767	20,000000	100014,000000	22,700001
2107,000000	19,811348	0,000000	0,000000	0,000000	0,000000	24,372061	24,716034	23,556349	24,160950	23,786793	24,566902	20,973204	20,569086	22,002581	22,133968	23,645239	20,379999	23,379999	25,879999	23,359999	20,139999	20,090000	19,920000	19,920000	19,809999	340282346638528860000000000000000000000,000000	0,023727	20,000000	100014,000000	22,700001
2109,000000	19,811348	0,000000	0,000000	0,000000	0,000000	24,361935	24,700853	23,551296	24,160950	23,791847	24,571957	20,947943	20,569086	21,867483	21,998850	23,650290	20,379999	23,400000	25,879999	23,340000	20,139999	20,090000	19,920000	19,920000	19,809999	622,847046	0,023463	20,000000	100014,000000	22,700001
2111,000000	19,806299	0,000000	0,000000	0,000000	0,000000	24,367008	24,700853	23,541193	24,160950	23,801950	24,566902	20,952991	20,574152	21,852314	21,968533	23,665466	20,379999	23,410000	25,869999	23,379999	20,139999	20,100000	19,920000	19,920000	19,809999	616,265015	0,023551	20,000000	100014,000000	22,700001
2113,000000	19,801254	0,000000	0,000000	0,000000	0,000000	24,356882	24,690746	23,546244	24,166002	23,702232	24,566902	20,952991	20,579201	21,821997	21,968533	23,660393	20,379999	23,389999	25,859999	23,379999	20,139999	20,090000	19,920000	19,920000	19,809999	591,643005	0,023391	20,000000	100014,000000	22,700001
2115,000000	19,801254	0,000000	0,000000	0,000000	0,000000	24,356882	24,805618	23,551296	24,166002	23,712355	24,686850	21,037588	20,564039	21,816948	21,953382	23,670519	20,379999	23,410000	25,859999	23,359999	20,129999	20,090000	19,920000	19,910000	19,809999	587,194031	0,023604	20,000000	100014,000000	22,700001
2117,000000	19,801254	0,000000	0,000000	0,000000	0,000000	24,361935	24,700853	23,536121	24,160950	23,697178	24,676722	21,027491	20,564039	21,852314	21,993799	23,565725	20,369999	23,449999	25,889999	23,330000	20,129999	20,090000	19,920000	19,910000	19,809999	616,436035	0,023591	20,000000	100014,000000	22,700001
2119,000000	19,696459	0,000000	0,000000	0,000000	0,000000	24,361935	24,700853	23,536121	24,160950	23,801950	24,681774	21,022423	20,574152	22,007629	22,128918	23,606182	20,379999	23,459999	25,910000	23,320000	20,129999	20,080000	19,920000	19,920000	19,809999	340282346638528860000000000000000000000,000000	0,023642	20,000000	100014,000000	22,700001
2121,000000	19,696459	0,000000	0,000000	0,000000	0,000000	24,356882	24,710979	23,541193	24,171055	23,807022	24,566902	21,017376	20,584248	22,002581	21,973600	23,580902	20,369999	23,439999	25,900000	23,320000	20,129999	20,080000	19,920000	19,910000	19,799999	608,378052	0,023370	20,000000	100014,000000	22,700001
2123,000000	19,706551	0,000000	0,000000	0,000000	0,000000	24,372061	24,710979	23,536121	24,160950	23,807022	24,686850	21,027491	20,589294	22,007629	21,988749	23,575850	20,379999	23,420000	25,910000	23,330000	20,129999	20,080000	19,920000	19,920000	19,789999	603,812012	0,023380	20,000000	100014,000000	22,700001
2125,000000	19,716661	0,000000	0,000000	0,000000	0,000000	24,367008	24,721107	23,551296	24,166002	23,812075	24,571957	21,022423	20,604458	22,017750	21,998850	23,570799	20,379999	23,430000	25,910000	23,320000	20,129999	20,080000	19,920000	19,910000	19,789999	340282346638528860000000000000000000000,000000	0,023546	20,000000	100014,000000	22,700001
2127,000000	19,711617	0,000000	0,000000	0,000000	0,000000	24,512241	24,721107	23,546244	24,171055	23,807022	24,686850	21,007280	20,594343	22,022799	22,133968	23,650290	20,379999	23,410000	25,889999	23,320000	20,129999	20,080000	19,920000	19,910000	19,789999	585,132019	0,023393	20,000000	100014,000000	22,700001
2129,000000	19,736868	0,000000	0,000000	0,000000	0,000000	24,372061	24,736269	23,546244	24,166002	23,812075	24,686850	21,007280	20,594343	22,017750	22,128918	23,665466	20,379999	23,410000	25,879999	23,320000	20,129999	20,080000	19,920000	19,900000	19,789999	340282346638528860000000000000000000000,000000	0,023740	20,000000	100014,000000	22,700001
2131,000000	19,716661	0,000000	0,000000	0,000000	0,000000	24,502115	24,731215	23,551296	24,166002	23,801950	24,571957	21,017376	20,589294	22,007629	22,144066	23,675570	20,379999	23,410000	25,869999	23,309999	20,129999	20,080000	19,920000	19,900000	19,789999	340282346638528860000000000000000000000,000000	0,023412	20,000000	100014,000000	22,700001
2133,000000	19,711617	0,000000	0,000000	0,000000	0,000000	24,502115	24,721107	23,551296	24,166002	23,796898	24,587135	21,027491	20,589294	22,002581	21,998850	23,580902	20,379999	23,400000	25,849998	23,330000	20,129999	20,080000	19,920000	19,879999	19,789999	340282346638528860000000000000000000000,000000	0,023631	20,000000	100014,000000	22,700001
2135,000000	19,711617	0,000000	0,000000	0,000000	0,000000	24,367008	24,721107	23,551296	24,171055	23,791847	24,582062	21,022423	20,599411	21,867483	21,968533	23,621338	20,379999	23,469999	25,849998	23,330000	20,129999	20,080000	19,920000	19,869999	19,779999	340282346638528860000000000000000000000,000000	0,023641	20,000000	100014,000000	22,799999
2137,000000	19,706551	0,000000	0,000000	0,000000	0,000000	24,361935	24,721107	23,546244	24,176109	23,807022	24,577009	21,027491	20,594343	21,857363	21,963482	23,751408	20,379999	23,519999	25,869999	23,330000	20,129999	20,080000	19,920000	19,850000	19,789999	340282346638528860000000000000000000000,000000	0,023396	20,000000	100014,000000	22,799999
2139,000000	19,696459	0,000000	0,000000	0,000000	0,000000	24,361935	24,721107	23,551296	24,171055	23,807022	24,577009	21,022423	20,589294	21,852314	21,968533	23,611233	20,379999	23,490000	25,869999	23,320000	20,129999	20,080000	19,920000	19,840000	19,789999	601,910034	0,023358	20,000000	100014,000000	22,799999
2141,000000	19,696459	0,000000	0,000000	0,000000	0,000000	24,361935	24,741343	23,551296	24,166002	23,812075	24,582062	21,007280	20,594343	21,872532	21,978649	23,751408	20,379999	23,510000	25,879999	23,299999	20,129999	20,080000	19,920000	19,820000	19,789999	340282346638528860000000000000000000000,000000	0,023476	20,000000	100014,000000	22,799999
2143,000000	19,716661	0,000000	0,000000	0,000000	0,000000	24,502115	24,736269	23,546244	24,171055	23,692125	24,587135	20,867115	20,609505	22,007629	21,973600	23,786793	20,379999	23,519999	25,900000	23,299999	20,129999	20,070000	19,920000	19,809999	19,789999	340282346638528860000000000000000000000,000000	0,023493	20,000000	100014,000000	22,799999
2145,000000	19,736868	0,000000	0,000000	0,000000	0,000000	24,372061	24,746395	23,556349	24,171055	23,702232	24,587135	21,002232	20,614552	22,002581	21,973600	23,807022	20,379999	23,559999	25,910000	23,330000	20,119999	20,070000	19,920000	19,809999	19,779999	340282346638528860000000000000000000000,000000	0,023665	20,000000	100014,000000	22,799999
2147,000000	19,731821	0,000000	0,000000	0,000000	0,000000	24,507170	24,726162	23,556349	24,176109	23,707304	24,592190	21,027491	20,619600	21,862413	21,968533	23,796898	20,379999	23,549999	25,910000	23,350000	20,119999	20,059999	19,910000	19,809999	19,779999	599,008057	0,023388	20,000000	100014,000000	22,799999
2149,000000	19,711617	0,000000	0,000000	0,000000	0,000000	24,502115	24,736269	23,441471	24,176109	23,712355	24,597244	21,017376	20,604458	21,847263	21,968533	23,766565	20,379999	23,519999	25,879999	23,350000	20,119999	20,059999	19,910000	19,809999	19,779999	340282346638528860000000000000000000000,000000	0,023480	20,000000	100014,000000	22,799999
2151,000000	19,706551	0,000000	0,000000	0,000000	0,000000	24,502115	24,726162	23,561420	24,176109	23,697178	24,592190	21,002232	20,614552	21,847263	21,973600	23,796898	20,379999	23,510000	25,889999	23,340000	20,119999	20,059999	19,910000	19,809999	19,770000	604,947021	0,023522	20,000000	100014,000000	22,799999
2153,000000	19,711617	0,000000	0,000000	0,000000	0,000000	24,507170	24,746395	23,561420	24,176109	23,807022	24,592190	20,862068	20,604458	21,857363	21,978649	23,807022	20,379999	23,559999	25,879999	23,330000	20,119999	20,049999	19,910000	19,809999	19,779999	340282346638528860000000000000000000000,000000	0,023244	20,000000	100014,000000	22,799999
2155,000000	19,711617	0,000000	0,000000	0,000000	0,000000	24,507170	24,876451	23,561420	24,176109	23,796898	24,592190	20,872164	20,609505	21,867483	21,958433	23,707304	20,379999	23,559999	25,889999	23,330000	20,119999	20,049999	19,910000	19,850000	19,779999	340282346638528860000000000000000000000,000000	0,023312	20,000000	100014,000000	22,799999
2157,000000	19,721710	0,000000	0,000000	0,000000	0,000000	24,502115	24,881504	23,441471	24,176109	23,692125	24,587135	20,872164	20,614552	22,002581	21,978649	23,812075	20,379999	23,559999	25,889999	23,350000	20,119999	20,049999	19,900000	19,840000	19,770000	340282346638528860000000000000000000000,000000	0,023186	20,000000	100014,000000	22,799999
2159,000000	19,711617	0,000000	0,000000	0,000000	0,000000	24,507170	24,891630	23,451574	24,181162	23,692125	24,587135	21,002232	20,599411	22,007629	21,993799	23,771618	20,379999	23,519999	25,879999	23,340000	20,119999	20,049999	19,910000	19,840000	19,770000	340282346638528860000000000000000000000,000000	0,023441	20,000000	100014,000000	22,799999
2161,000000	19,716661	0,000000	0,000000	0,000000	0,000000	24,517294	24,886578	23,446524	24,181162	23,812075	24,582062	21,012327	20,584248	22,017750	21,998850	23,621338	20,379999	23,510000	25,889999	23,330000	20,119999	20,059999	19,910000	19,830000	19,779999	340282346638528860000000000000000000000,000000	0,023530	20,000000	100014,000000	22,799999
2163,000000	19,706551	0,000000	0,000000	0,000000	0,000000	24,517294	24,746395	23,446524	24,186214	23,807022	24,582062	21,012327	20,574152	22,022799	22,144066	23,580902	20,379999	23,490000	25,879999	23,340000	20,119999	20,059999	19,910000	19,809999	19,779999	610,477051	0,023328	20,000000	100014,000000	22,700001
2165,000000	19,811348	0,000000	0,000000	0,000000	0,000000	24,517294	24,736269	23,561420	24,181162	23,807022	24,571957	21,017376	20,569086	22,017750	22,149117	23,565725	20,379999	23,449999	25,879999	23,340000	20,109999	20,059999	19,910000	19,809999	19,789999	340282346638528860000000000000000000000,000000	0,023476	20,000000	100014,000000	22,700001
2167,000000	19,786097	0,000000	0,000000	0,000000	0,000000	24,512241	24,876451	23,441471	24,181162	23,796898	24,582062	21,017376	20,564039	22,022799	22,154186	23,570799	20,379999	23,439999	25,879999	23,330000	20,119999	20,059999	19,910000	19,799999	19,789999	590,515015	0,023084	20,000000	100014,000000	22,700001
2169,000000	19,765892	0,000000	0,000000	0,000000	0,000000	24,507170	24,881504	23,556349	24,186214	23,791847	24,566902	21,022423	20,683992	22,012678	22,144066	23,655342	20,379999	23,439999	25,859999	23,320000	20,109999	20,059999	19,910000	19,809999	19,799999	605,286011	0,023393	20,000000	100018,000000	22,700001
2171,000000	19,755800	0,000000	0,000000	0,000000	0,000000	24,517294	24,741343	23,551296	24,181162	23,791847	24,686850	21,027491	20,683992	22,007629	21,983700	23,665466	20,379999	23,400000	25,869999	23,309999	20,109999	20,059999	19,900000	19,840000	19,789999	604,414001	0,023497	20,000000	100018,000000	22,700001
2173,000000	19,760847	0,000000	0,000000	0,000000	0,000000	24,502115	24,736269	23,551296	24,176109	23,796898	24,566902	21,002232	20,564039	21,872532	21,973600	23,665466	20,379999	23,410000	25,879999	23,330000	20,109999	20,049999	19,900000	19,859999	19,779999	609,674011	0,023494	20,000000	100018,000000	22,700001
2175,000000	19,765892	0,000000	0,000000	0,000000	0,000000	24,517294	24,721107	23,551296	24,176109	23,807022	24,566902	21,022423	20,569086	21,852314	22,043015	23,585953	20,379999	23,430000	25,879999	23,389999	20,109999	20,049999	19,900000	19,850000	19,779999	340282346638528860000000000000000000000,000000	0,023509	20,000000	100014,000000	22,700001
2177,000000	19,776005	0,000000	0,000000	0,000000	0,000000	24,372061	24,710979	23,556349	24,181162	23,702232	24,571957	21,012327	20,584248	21,832098	22,002581	23,601128	20,379999	23,490000	25,869999	23,389999	20,109999	20,059999	19,900000	19,840000	19,779999	617,705017	0,023412	20,000000	100018,000000	22,700001
2179,000000	19,786097	0,000000	0,000000	0,000000	0,000000	24,372061	24,705927	23,551296	24,176109	23,702232	24,571957	21,027491	20,584248	21,931829	21,852314	23,616285	20,379999	23,500000	25,869999	23,400000	20,109999	20,059999	19,900000	19,830000	19,779999	340282346638528860000000000000000000000,000000	0,023342	20,000000	100018,000000	22,700001
2181,000000	19,781052	0,000000	0,000000	0,000000	0,000000	24,367008	24,690746	23,556349	24,176109	23,707304	24,686850	21,037588	20,599411	21,916683	21,857363	23,761515	20,389999	23,490000	25,879999	23,410000	20,109999	20,059999	19,900000	19,820000	19,770000	340282346638528860000000000000000000000,000000	0,023519	20,000000	100014,000000	22,799999
2183,000000	19,806299	0,000000	0,000000	0,000000	0,000000	24,502115	24,690746	23,441471	24,176109	23,712355	24,571957	21,022423	20,609505	21,921732	22,032898	23,801950	20,379999	23,539999	25,879999	23,400000	20,109999	20,059999	19,910000	19,809999	19,779999	594,129028	0,023636	20,000000	100014,000000	22,700001
2185,000000	19,691414	0,000000	0,000000	0,000000	0,000000	24,507170	24,721107	23,451574	24,176109	23,707304	24,686850	21,012327	20,609505	21,821997	21,948332	23,807022	20,389999	23,559999	25,889999	23,369999	20,109999	20,059999	19,900000	19,809999	19,789999	609,162048	0,023657	20,000000	100014,000000	22,700001
2187,000000	19,706551	0,000000	0,000000	0,000000	0,000000	24,512241	24,741343	23,446524	24,176109	23,697178	24,566902	21,007280	20,594343	21,852314	21,973600	23,786793	20,379999	23,539999	25,889999	23,350000	20,109999	20,059999	19,910000	19,799999	19,789999	340282346638528860000000000000000000000,000000	0,023491	20,000000	100014,000000	22,700001
2189,000000	19,701506	0,000000	0,000000	0,000000	0,000000	24,522346	24,881504	23,446524	24,186214	23,707304	24,571957	21,017376	20,584248	21,852314	21,948332	23,596077	20,389999	23,490000	25,869999	23,359999	20,109999	20,059999	19,900000	19,799999	19,789999	340282346638528860000000000000000000000,000000	0,023454	20,000000	100014,000000	22,700001
2191,000000	19,811348	0,000000	0,000000	0,000000	0,000000	24,507170	24,741343	23,561420	24,181162	23,717407	24,582062	21,057798	20,683992	21,832098	22,048065	23,575850	20,379999	23,459999	25,840000	23,379999	20,100000	20,059999	19,900000	19,789999	19,789999	605,233032	0,023620	20,000000	100014,000000	22,700001
2193,000000	19,806299	0,000000	0,000000	0,000000	0,000000	24,367008	24,710979	23,556349	24,181162	23,722460	24,582062	21,128510	20,668848	21,931829	22,007629	23,591005	20,379999	23,439999	25,840000	23,400000	20,100000	20,070000	19,900000	19,789999	19,779999	340282346638528860000000000000000000000,000000	0,023715	20,000000	100014,000000	22,700001
2195,000000	19,806299	0,000000	0,000000	0,000000	0,000000	24,346777	24,695801	23,441471	24,176109	23,712355	24,571957	21,064129	20,668848	21,906584	22,002581	23,575850	20,379999	23,459999	25,820000	23,400000	20,100000	20,070000	19,900000	19,789999	19,779999	340282346638528860000000000000000000000,000000	0,023736	20,000000	100014,000000	22,700001
2197,000000	19,796207	0,000000	0,000000	0,000000	0,000000	24,341702	24,690746	23,556349	24,176109	23,697178	24,577009	21,079294	20,673895	21,901514	22,032898	23,640186	20,389999	23,379999	25,830000	23,389999	20,100000	20,070000	19,900000	19,779999	19,779999	340282346638528860000000000000000000000,000000	0,023583	20,000000	100014,000000	22,700001
2199,000000	19,796207	0,000000	0,000000	0,000000	0,000000	24,346777	24,695801	23,441471	24,176109	23,697178	24,571957	21,173985	20,663782	21,906584	22,022799	23,650290	20,389999	23,379999	25,830000	23,389999	20,100000	20,070000	19,900000	19,789999	19,779999	340282346638528860000000000000000000000,000000	0,023426	20,000000	100014,000000	22,700001
2201,000000	19,796207	0,000000	0,000000	0,000000	0,000000	24,341702	24,690746	23,551296	24,176109	23,702232	24,571957	21,148724	20,668848	21,896465	22,032898	23,645239	20,389999	23,379999	25,830000	23,389999	20,100000	20,070000	19,900000	19,779999	19,789999	340282346638528860000000000000000000000,000000	0,023347	20,000000	100014,000000	22,700001
2203,000000	19,801254	0,000000	0,000000	0,000000	0,000000	24,351830	24,695801	23,556349	24,171055	23,692125	24,686850	21,148724	20,658733	21,911633	22,053116	23,635115	20,389999	23,410000	25,840000	23,369999	20,090000	20,070000	19,900000	19,779999	19,789999	340282346638528860000000000000000000000,000000	0,023635	20,000000	100014,000000	22,700001
2205,000000	19,786097	0,000000	0,000000	0,000000	0,000000	24,346777	24,810694	23,556349	24,171055	23,697178	24,681774	21,153770	20,653687	21,911633	21,953382	23,660393	20,389999	23,379999	25,840000	23,379999	20,090000	20,070000	19,900000	19,789999	19,789999	610,528015	0,023474	20,000000	100014,000000	22,700001
2207,000000	19,781052	0,000000	0,000000	0,000000	0,000000	24,367008	24,810694	23,556349	24,171055	23,707304	24,681774	21,153770	20,663782	21,916683	21,953382	23,640186	20,389999	23,350000	25,840000	23,379999	20,090000	20,070000	19,889999	19,789999	19,799999	340282346638528860000000000000000000000,000000	0,023581	20,000000	100014,000000	22,700001
2209,000000	19,776005	0,000000	0,000000	0,000000	0,000000	24,502115	24,710979	23,561420	24,171055	23,707304	24,671669	20,993414	20,668848	21,936899	21,963482	23,494959	20,389999	23,350000	25,840000	23,350000	20,090000	20,070000	19,889999	19,789999	19,799999	620,183044	0,023469	20,000000	100014,000000	22,700001
2211,000000	19,765892	0,000000	0,000000	0,000000	0,000000	24,372061	24,705927	23,551296	24,176109	23,712355	24,676722	20,952991	20,678942	21,827047	21,963482	23,625010	20,389999	23,350000	25,849998	23,340000	20,090000	20,070000	19,889999	19,789999	19,799999	606,146057	0,023509	20,000000	100014,000000	22,700001
2213,000000	19,786097	0,000000	0,000000	0,000000	0,000000	24,512241	24,721107	23,561420	24,176109	23,702232	24,686850	21,042635	20,683992	21,837166	21,958433	23,660393	20,389999	23,389999	25,859999	23,350000	20,090000	20,070000	19,889999	19,789999	19,799999	586,222046	0,023785	20,000000	100014,000000	22,700001
2215,000000	19,776005	0,000000	0,000000	0,000000	0,000000	24,507170	24,736269	23,561420	24,176109	23,692125	24,681774	21,022423	20,683992	21,857363	21,968533	23,675570	20,379999	23,430000	25,869999	23,330000	20,090000	20,070000	19,889999	19,799999	19,809999	605,258057	0,023400	20,000000	100014,000000	22,700001
2217,000000	19,786097	0,000000	0,000000	0,000000	0,000000	24,517294	24,746395	23,561420	24,181162	23,692125	24,566902	21,057798	20,569086	21,857363	21,948332	23,611233	20,389999	23,439999	25,869999	23,340000	20,090000	20,070000	19,889999	19,799999	19,809999	340282346638528860000000000000000000000,000000	0,023609	20,000000	100014,000000	22,700001
2219,000000	19,801254	0,000000	0,000000	0,000000	0,000000	24,517294	24,731215	23,451574	24,176109	23,702232	24,582062	21,057798	20,569086	21,852314	21,948332	23,781740	20,389999	23,490000	25,869999	23,350000	20,090000	20,070000	19,889999	19,809999	19,809999	596,217041	0,023670	20,000000	100010,000000	22,700001
2221,000000	19,801254	0,000000	0,000000	0,000000	0,000000	24,522346	24,736269	23,446524	24,181162	23,697178	24,587135	20,942896	20,574152	21,872532	21,988749	23,616285	20,389999	23,500000	25,879999	23,340000	20,090000	20,070000	19,889999	19,809999	19,809999	340282346638528860000000000000000000000,000000	0,023421	20,000000	100010,000000	22,700001
2223,000000	19,691414	0,000000	0,000000	0,000000	0,000000	24,517294	24,736269	23,456646	24,181162	23,697178	24,592190	21,057798	20,579201	21,862413	21,988749	23,751408	20,389999	23,490000	25,889999	23,350000	20,090000	20,070000	19,889999	19,820000	19,809999	340282346638528860000000000000000000000,000000	0,023462	20,000000	100010,000000	22,700001
2225,000000	19,691414	0,000000	0,000000	0,000000	0,000000	24,522346	24,746395	23,456646	24,186214	23,692125	24,587135	21,052731	20,579201	21,867483	21,983700	23,616285	20,389999	23,480000	25,910000	23,359999	20,090000	20,070000	19,889999	19,830000	19,809999	618,051025	0,023799	20,000000	100014,000000	22,700001
2227,000000	19,691414	0,000000	0,000000	0,000000	0,000000	24,522346	24,731215	23,456646	24,181162	23,692125	24,592190	21,042635	20,594343	21,862413	21,973600	23,611233	20,379999	23,490000	25,920000	23,359999	20,090000	20,070000	19,879999	19,830000	19,799999	340282346638528860000000000000000000000,000000	0,023486	20,000000	100014,000000	22,700001
2229,000000	19,801254	0,000000	0,000000	0,000000	0,000000	24,532475	24,726162	23,456646	24,066286	23,702232	24,597244	21,042635	20,604458	21,872532	21,973600	23,776690	20,379999	23,480000	25,910000	23,389999	20,090000	20,070000	19,879999	19,840000	19,799999	340282346638528860000000000000000000000,000000	0,023706	20,000000	100014,000000	22,700001
2231,000000	19,796207	0,000000	0,000000	0,000000	0,000000	24,532475	24,721107	23,451574	24,066286	23,707304	24,602297	21,047684	20,609505	21,867483	21,973600	23,786793	20,379999	23,519999	25,920000	23,389999	20,080000	20,070000	19,889999	19,840000	19,789999	340282346638528860000000000000000000000,000000	0,023786	20,000000	100014,000000	22,700001
2233,000000	19,691414	0,000000	0,000000	0,000000	0,000000	24,542582	24,731215	23,461700	24,186214	23,722460	24,602297	21,042635	20,759764	21,862413	21,983700	23,786793	20,379999	23,559999	25,910000	23,400000	20,090000	20,070000	19,889999	19,840000	19,789999	603,532043	0,023800	20,000000	100014,000000	22,700001
2235,000000	19,711617	0,000000	0,000000	0,000000	0,000000	24,522346	24,746395	23,476873	24,066286	23,732584	24,612404	21,037588	20,754715	21,867483	21,963482	23,807022	20,379999	23,539999	25,920000	23,410000	20,090000	20,070000	19,889999	19,840000	19,789999	340282346638528860000000000000000000000,000000	0,023439	20,000000	100014,000000	22,700001
2237,000000	19,726755	0,000000	0,000000	0,000000	0,000000	24,517294	24,881504	23,476873	24,076391	23,742689	24,612404	21,022423	20,624647	21,872532	21,978649	23,692125	20,379999	23,559999	25,920000	23,410000	20,090000	20,070000	19,889999	19,840000	19,779999	580,831055	0,023398	20,000000	100014,000000	22,799999
2239,000000	19,731821	0,000000	0,000000	0,000000	0,000000	24,527401	24,891630	23,481926	24,071339	23,742689	24,602297	21,017376	20,604458	22,017750	22,128918	23,791847	20,389999	23,570000	25,920000	23,389999	20,090000	20,059999	19,889999	19,840000	19,789999	340282346638528860000000000000000000000,000000	0,023520	20,000000	100014,000000	22,799999
2241,000000	19,716661	0,000000	0,000000	0,000000	0,000000	24,522346	24,881504	23,476873	24,071339	23,737637	24,607351	21,037588	20,584248	22,017750	22,128918	23,575850	20,379999	23,500000	25,910000	23,389999	20,090000	20,070000	19,889999	19,830000	19,789999	340282346638528860000000000000000000000,000000	0,023311	20,000000	100014,000000	22,799999
2243,000000	19,706551	0,000000	0,000000	0,000000	0,000000	24,527401	24,741343	23,466751	24,076391	23,732584	24,617477	21,037588	20,579201	22,007629	21,993799	23,565725	20,379999	23,420000	25,920000	23,400000	20,090000	20,059999	19,889999	19,830000	19,789999	620,700012	0,023340	20,000000	100014,000000	22,700001
2245,000000	19,711617	0,000000	0,000000	0,000000	0,000000	24,522346	24,746395	23,471804	24,071339	23,737637	24,617477	21,027491	20,579201	22,002581	22,128918	23,585953	20,379999	23,430000	25,910000	23,379999	20,090000	20,059999	19,889999	19,830000	19,779999	340282346638528860000000000000000000000,000000	0,023675	20,000000	100014,000000	22,700001
2247,000000	19,701506	0,000000	0,000000	0,000000	0,000000	24,512241	24,736269	23,461700	24,076391	23,742689	24,612404	21,012327	20,579201	21,862413	22,053116	23,591005	20,379999	23,459999	25,910000	23,389999	20,080000	20,059999	19,889999	19,820000	19,779999	340282346638528860000000000000000000000,000000	0,023533	20,000000	100014,000000	22,700001
2249,000000	19,696459	0,000000	0,000000	0,000000	0,000000	24,372061	24,736269	23,461700	24,076391	23,742689	24,607351	21,017376	20,569086	21,837166	21,943264	23,655342	20,379999	23,430000	25,869999	23,389999	20,090000	20,070000	19,889999	19,820000	19,779999	340282346638528860000000000000000000000,000000	0,023565	20,000000	100014,000000	22,600000
2251,000000	19,791143	0,000000	0,000000	0,000000	0,000000	24,507170	24,736269	23,446524	24,076391	23,737637	24,607351	21,007280	20,579201	21,842215	21,963482	23,670519	20,379999	23,389999	25,859999	23,389999	20,090000	20,059999	19,889999	19,820000	19,779999	340282346638528860000000000000000000000,000000	0,023334	20,000000	100014,000000	22,600000
2253,000000	19,801254	0,000000	0,000000	0,000000	0,000000	24,527401	24,731215	23,456646	24,071339	23,722460	24,597244	21,002232	20,579201	21,837166	21,943264	23,580902	20,379999	23,430000	25,869999	23,379999	20,090000	20,059999	19,889999	19,809999	19,779999	617,118042	0,023493	20,000000	100014,000000	22,700001
2255,000000	19,796207	0,000000	0,000000	0,000000	0,000000	24,512241	24,721107	23,451574	24,071339	23,727510	24,582062	20,857019	20,579201	21,842215	21,948332	23,650290	20,379999	23,430000	25,869999	23,379999	20,090000	20,059999	19,889999	19,799999	19,779999	340282346638528860000000000000000000000,000000	0,023365	20,000000	100014,000000	22,700001
2257,000000	19,791143	0,000000	0,000000	0,000000	0,000000	24,532475	24,726162	23,451574	24,081444	23,712355	24,577009	20,862068	20,579201	21,847263	21,958433	23,685673	20,379999	23,410000	25,869999	23,359999	20,090000	20,059999	19,889999	19,789999	19,770000	618,382019	0,023332	20,000000	100014,000000	22,700001
2259,000000	19,801254	0,000000	0,000000	0,000000	0,000000	24,522346	24,726162	23,451574	24,076391	23,712355	24,582062	21,012327	20,584248	21,857363	21,993799	23,570799	20,379999	23,459999	25,869999	23,369999	20,090000	20,059999	19,889999	19,789999	19,770000	340282346638528860000000000000000000000,000000	0,023362	20,000000	100014,000000	22,700001
2261,000000	19,791143	0,000000	0,000000	0,000000	0,000000	24,522346	24,731215	23,446524	24,071339	23,697178	24,577009	21,012327	20,584248	21,862413	21,963482	23,565725	20,379999	23,430000	25,879999	23,369999	20,090000	20,059999	19,889999	19,779999	19,770000	611,704041	0,023636	20,000000	100010,000000	22,799999
2263,000000	19,801254	0,000000	0,000000	0,000000	0,000000	24,522346	24,731215	23,456646	24,071339	23,712355	24,592190	21,032539	20,584248	21,847263	21,953382	23,580902	20,379999	23,430000	25,859999	23,389999	20,080000	20,059999	19,889999	19,779999	19,770000	613,829041	0,023779	20,000000	100010,000000	22,799999
2265,000000	19,806299	0,000000	0,000000	0,000000	0,000000	24,502115	24,726162	23,456646	24,071339	23,722460	24,607351	21,022423	20,584248	21,842215	21,938215	23,601128	20,379999	23,449999	25,849998	23,410000	20,080000	20,059999	19,889999	19,779999	19,770000	340282346638528860000000000000000000000,000000	0,023844	20,000000	100010,000000	22,799999
2267,000000	19,806299	0,000000	0,000000	0,000000	0,000000	24,372061	24,726162	23,451574	24,076391	23,707304	24,607351	21,032539	20,579201	21,852314	21,973600	23,751408	20,379999	23,510000	25,859999	23,389999	20,080000	20,059999	19,889999	19,779999	19,760000	340282346638528860000000000000000000000,000000	0,023608	20,000000	100010,000000	22,799999
2269,000000	19,806299	0,000000	0,000000	0,000000	0,000000	24,502115	24,726162	23,456646	24,071339	23,722460	24,607351	21,047684	20,589294	21,847263	21,973600	23,680622	20,379999	23,459999	25,869999	23,410000	20,080000	20,059999	19,889999	19,779999	19,760000	610,982056	0,023375	20,000000	100014,000000	22,799999
2271,000000	19,801254	0,000000	0,000000	0,000000	0,000000	24,502115	24,736269	23,461700	24,071339	23,737637	24,612404	20,947943	20,599411	21,832098	21,948332	23,655342	20,379999	23,379999	25,859999	23,420000	20,080000	20,059999	19,889999	19,789999	19,750000	340282346638528860000000000000000000000,000000	0,023803	20,000000	100014,000000	22,799999
2273,000000	19,811348	0,000000	0,000000	0,000000	0,000000	24,502115	24,731215	23,461700	24,071339	23,737637	24,612404	20,942896	20,599411	21,816948	21,938215	23,570799	20,379999	23,410000	25,840000	23,439999	20,080000	20,059999	19,889999	19,779999	19,750000	340282346638528860000000000000000000000,000000	0,023444	20,000000	100014,000000	22,799999
2275,000000	19,801254	0,000000	0,000000	0,000000	0,000000	24,512241	24,741343	23,456646	24,076391	23,737637	24,617477	21,047684	20,584248	21,837166	21,938215	23,680622	20,379999	23,449999	25,849998	23,410000	20,080000	20,059999	19,879999	19,779999	19,760000	340282346638528860000000000000000000000,000000	0,023145	20,000000	100010,000000	22,799999
2277,000000	19,801254	0,000000	0,000000	0,000000	0,000000	24,517294	24,736269	23,451574	24,071339	23,717407	24,597244	21,047684	20,569086	21,832098	21,948332	23,670519	20,379999	23,420000	25,859999	23,379999	20,080000	20,059999	19,879999	19,789999	19,760000	587,718018	0,023654	20,000000	100010,000000	22,799999
2279,000000	19,796207	0,000000	0,000000	0,000000	0,000000	24,512241	24,705927	23,451574	24,076391	23,717407	24,587135	20,963106	20,584248	21,821997	22,053116	23,565725	20,379999	23,420000	25,849998	23,389999	20,080000	20,059999	19,879999	19,809999	19,760000	340282346638528860000000000000000000000,000000	0,023267	20,000000	100010,000000	22,799999
2281,000000	19,796207	0,000000	0,000000	0,000000	0,000000	24,367008	24,705927	23,451574	24,076391	23,717407	24,592190	20,993414	20,574152	21,816948	22,027847	23,596077	20,379999	23,439999	25,849998	23,389999	20,080000	20,059999	19,879999	19,809999	19,760000	340282346638528860000000000000000000000,000000	0,023609	20,000000	100010,000000	22,799999
2283,000000	19,791143	0,000000	0,000000	0,000000	0,000000	24,356882	24,690746	23,451574	24,076391	23,702232	24,592190	20,983299	20,584248	21,936899	22,027847	23,591005	20,379999	23,469999	25,859999	23,400000	20,080000	20,059999	19,879999	19,809999	19,760000	340282346638528860000000000000000000000,000000	0,023549	20,000000	100010,000000	22,799999
2285,000000	19,781052	0,000000	0,000000	0,000000	0,000000	24,367008	24,700853	23,451574	24,066286	23,712355	24,597244	20,942896	20,574152	21,816948	21,938215	23,675570	20,379999	23,430000	25,869999	23,379999	20,080000	20,059999	19,879999	19,809999	19,760000	340282346638528860000000000000000000000,000000	0,023682	20,000000	100010,000000	22,799999
2287,000000	19,786097	0,000000	0,000000	0,000000	0,000000	24,367008	24,710979	23,446524	24,066286	23,712355	24,587135	21,047684	20,569086	21,827047	22,043015	23,596077	20,389999	23,420000	25,840000	23,369999	20,070000	20,059999	19,879999	19,809999	19,760000	616,380005	0,023574	20,000000	100010,000000	22,799999
2289,000000	19,801254	0,000000	0,000000	0,000000	0,000000	24,372061	24,716034	23,451574	24,066286	23,707304	24,592190	21,042635	20,574152	21,847263	22,053116	23,596077	20,389999	23,459999	25,859999	23,369999	20,070000	20,049999	19,879999	19,809999	19,760000	600,393005	0,023240	20,000000	100010,000000	22,799999
2291,000000	19,801254	0,000000	0,000000	0,000000	0,000000	24,512241	24,726162	23,451574	24,071339	23,727510	24,597244	21,032539	20,579201	21,837166	22,048065	23,585953	20,389999	23,480000	25,859999	23,389999	20,070000	20,049999	19,879999	19,809999	19,760000	340282346638528860000000000000000000000,000000	0,023876	20,000000	100014,000000	22,799999
2293,000000	19,796207	0,000000	0,000000	0,000000	0,000000	24,507170	24,731215	23,451574	24,066286	23,707304	24,602297	21,032539	20,574152	21,847263	21,973600	23,580902	20,389999	23,459999	25,859999	23,369999	20,070000	20,049999	19,879999	19,820000	19,760000	593,510010	0,023397	20,000000	100014,000000	22,799999
2295,000000	19,796207	0,000000	0,000000	0,000000	0,000000	24,361935	24,726162	23,446524	24,076391	23,702232	24,587135	21,022423	20,584248	21,847263	21,948332	23,565725	20,389999	23,439999	25,879999	23,350000	20,070000	20,049999	19,879999	19,820000	19,760000	340282346638528860000000000000000000000,000000	0,023644	20,000000	100014,000000	22,799999
2297,000000	19,791143	0,000000	0,000000	0,000000	0,000000	24,367008	24,721107	23,446524	24,066286	23,702232	24,587135	21,012327	20,584248	21,847263	21,953382	23,570799	20,389999	23,449999	25,889999	23,369999	20,070000	20,049999	19,879999	19,820000	19,760000	340282346638528860000000000000000000000,000000	0,023563	20,000000	100010,000000	22,799999
2299,000000	19,791143	0,000000	0,000000	0,000000	0,000000	24,372061	24,721107	23,461700	24,066286	23,702232	24,592190	21,032539	20,594343	21,842215	21,968533	23,591005	20,389999	23,459999	25,889999	23,379999	20,070000	20,049999	19,879999	19,809999	19,760000	613,103027	0,023598	20,000000	100010,000000	22,799999
2301,000000	19,801254	0,000000	0,000000	0,000000	0,000000	24,372061	24,721107	23,456646	24,071339	23,697178	24,592190	21,032539	20,599411	21,847263	21,978649	23,585953	20,389999	23,490000	25,910000	23,389999	20,070000	20,049999	19,879999	19,809999	19,750000	340282346638528860000000000000000000000,000000	0,023726	20,000000	100010,000000	22,799999
2303,000000	19,806299	0,000000	0,000000	0,000000	0,000000	24,507170	24,741343	23,451574	24,066286	23,712355	24,597244	21,027491	20,599411	21,862413	21,973600	23,665466	20,389999	23,410000	25,889999	23,389999	20,070000	20,049999	19,879999	19,820000	19,760000	340282346638528860000000000000000000000,000000	0,023503	20,000000	100010,000000	22,799999
2305,000000	19,811348	0,000000	0,000000	0,000000	0,000000	24,517294	24,746395	23,456646	24,076391	23,707304	24,592190	21,007280	20,604458	21,862413	21,988749	23,675570	20,389999	23,430000	25,910000	23,359999	20,059999	20,049999	19,879999	19,820000	19,760000	600,641052	0,023591	20,000000	100010,000000	22,799999
2307,000000	19,696459	0,000000	0,000000	0,000000	0,000000	24,532475	24,746395	23,456646	24,076391	23,712355	24,592190	21,002232	20,599411	21,857363	21,978649	23,685673	20,389999	23,410000	25,910000	23,369999	20,059999	20,049999	19,869999	19,820000	19,760000	340282346638528860000000000000000000000,000000	0,023729	20,000000	100010,000000	22,799999
2309,000000	19,811348	0,000000	0,000000	0,000000	0,000000	24,532475	24,876451	23,471804	24,076391	23,722460	24,592190	21,007280	20,599411	21,867483	21,983700	23,585953	20,389999	23,430000	25,889999	23,379999	20,059999	20,049999	19,869999	19,809999	19,760000	609,717041	0,023416	20,000000	100010,000000	22,799999
2311,000000	19,691414	0,000000	0,000000	0,000000	0,000000	24,517294	24,876451	23,466751	24,076391	23,727510	24,597244	20,872164	20,599411	22,017750	22,149117	23,751408	20,379999	23,469999	25,910000	23,350000	20,059999	20,049999	19,879999	19,809999	19,760000	597,221008	0,023611	20,000000	100010,000000	22,799999
2313,000000	19,811348	0,000000	0,000000	0,000000	0,000000	24,527401	24,886578	23,471804	24,076391	23,717407	24,602297	21,012327	20,594343	22,017750	22,139017	23,756460	20,389999	23,519999	25,910000	23,359999	20,059999	20,049999	19,879999	19,799999	19,760000	586,374023	0,023861	20,000000	100010,000000	22,799999
2315,000000	19,811348	0,000000	0,000000	0,000000	0,000000	24,507170	24,741343	23,476873	24,076391	23,722460	24,602297	21,052731	20,599411	21,872532	21,973600	23,771618	20,389999	23,510000	25,910000	23,410000	20,059999	20,049999	19,879999	19,799999	19,760000	607,817017	0,023676	20,000000	100010,000000	22,799999
2317,000000	19,806299	0,000000	0,000000	0,000000	0,000000	24,372061	24,726162	23,471804	24,081444	23,727510	24,597244	20,947943	20,599411	21,852314	22,058165	23,751408	20,389999	23,529999	25,900000	23,410000	20,059999	20,049999	19,879999	19,799999	19,760000	340282346638528860000000000000000000000,000000	0,023380	20,000000	100010,000000	22,799999
2319,000000	19,801254	0,000000	0,000000	0,000000	0,000000	24,367008	24,716034	23,466751	24,081444	23,737637	24,592190	20,963106	20,599411	21,816948	22,002581	23,580902	20,389999	23,459999	25,889999	23,449999	20,059999	20,049999	19,879999	19,799999	19,760000	340282346638528860000000000000000000000,000000	0,023268	20,000000	100010,000000	22,799999
2321,000000	19,796207	0,000000	0,000000	0,000000	0,000000	24,372061	24,705927	23,466751	24,076391	23,882845	24,587135	20,937847	20,594343	21,931829	21,872532	23,575850	20,389999	23,420000	25,869999	23,439999	20,059999	20,049999	19,879999	19,809999	19,750000	340282346638528860000000000000000000000,000000	0,023474	20,000000	100010,000000	22,799999
2323,000000	19,806299	0,000000	0,000000	0,000000	0,000000	24,356882	24,705927	23,466751	24,076391	23,877792	24,587135	20,937847	20,589294	21,936899	22,002581	23,766565	20,389999	23,459999	25,869999	23,430000	20,059999	20,049999	19,879999	19,820000	19,750000	340282346638528860000000000000000000000,000000	0,023531	20,000000	100010,000000	22,799999
2325,000000	19,801254	0,000000	0,000000	0,000000	0,000000	24,361935	24,700853	23,461700	24,071339	23,877792	24,587135	20,963106	20,569086	21,926781	21,872532	23,786793	20,389999	23,490000	25,849998	23,430000	20,059999	20,049999	19,869999	19,809999	19,750000	340282346638528860000000000000000000000,000000	0,023306	20,000000	100010,000000	22,799999
2327,000000	19,796207	0,000000	0,000000	0,000000	0,000000	24,351830	24,700853	23,466751	24,076391	23,742689	24,592190	20,978251	20,569086	21,816948	22,027847	23,621338	20,389999	23,519999	25,849998	23,420000	20,059999	20,049999	19,879999	19,799999	19,750000	340282346638528860000000000000000000000,000000	0,023150	20,000000	100010,000000	22,799999
2329,000000	19,796207	0,000000	0,000000	0,000000	0,000000	24,361935	24,721107	23,481926	24,071339	23,727510	24,587135	20,978251	20,569086	21,821997	22,043015	23,751408	20,389999	23,469999	25,869999	23,400000	20,059999	20,049999	19,869999	19,799999	19,750000	586,414001	0,023402	20,000000	100010,000000	22,799999
2331,000000	19,786097	0,000000	0,000000	0,000000	0,000000	24,507170	24,716034	23,466751	24,076391	23,737637	24,597244	20,968153	20,683992	21,821997	22,032898	23,585953	20,389999	23,469999	25,869999	23,410000	20,059999	20,049999	19,869999	19,789999	19,750000	620,815002	0,023616	20,000000	100006,000000	22,799999
2333,000000	19,781052	0,000000	0,000000	0,000000	0,000000	24,517294	24,716034	23,466751	24,076391	23,747740	24,597244	20,978251	20,579201	21,821997	21,953382	23,616285	20,389999	23,439999	25,869999	23,410000	20,049999	20,049999	19,879999	19,789999	19,750000	611,949036	0,023884	20,000000	100006,000000	22,799999
2335,000000	19,786097	0,000000	0,000000	0,000000	0,000000	24,512241	24,710979	23,471804	24,081444	23,877792	24,597244	20,973204	20,584248	21,842215	21,973600	23,771618	20,389999	23,500000	25,869999	23,400000	20,049999	20,049999	19,879999	19,799999	19,760000	340282346638528860000000000000000000000,000000	0,023536	20,000000	100006,000000	22,799999
2337,000000	19,796207	0,000000	0,000000	0,000000	0,000000	24,512241	24,726162	23,476873	24,076391	23,742689	24,597244	20,958057	20,589294	21,847263	21,973600	23,761515	20,389999	23,480000	25,889999	23,389999	20,049999	20,049999	19,879999	19,799999	19,760000	340282346638528860000000000000000000000,000000	0,023371	20,000000	100006,000000	22,799999
2339,000000	19,811348	0,000000	0,000000	0,000000	0,000000	24,522346	24,736269	23,466751	24,081444	23,737637	24,597244	20,958057	20,579201	21,852314	21,983700	23,616285	20,389999	23,490000	25,849998	23,389999	20,049999	20,059999	19,869999	19,799999	19,760000	603,875000	0,023391	20,000000	100010,000000	22,799999
2341,000000	19,806299	0,000000	0,000000	0,000000	0,000000	24,527401	24,876451	23,481926	24,076391	23,722460	24,597244	20,952991	20,599411	21,867483	21,993799	23,751408	20,389999	23,480000	25,859999	23,379999	20,049999	20,049999	19,879999	19,809999	19,760000	340282346638528860000000000000000000000,000000	0,023272	20,000000	100010,000000	22,799999
2343,000000	19,691414	0,000000	0,000000	0,000000	0,000000	24,522346	24,746395	23,476873	24,076391	23,727510	24,607351	21,057798	20,614552	21,867483	21,963482	23,761515	20,389999	23,480000	25,869999	23,369999	20,049999	20,049999	19,879999	19,830000	19,760000	340282346638528860000000000000000000000,000000	0,023676	20,000000	100010,000000	22,799999
2345,000000	19,701506	0,000000	0,000000	0,000000	0,000000	24,532475	24,881504	23,476873	24,086498	23,737637	24,597244	20,942896	20,754715	22,007629	21,973600	23,776690	20,389999	23,539999	25,889999	23,379999	20,049999	20,049999	19,879999	19,850000	19,750000	340282346638528860000000000000000000000,000000	0,023581	20,000000	100010,000000	22,799999
2347,000000	19,711617	0,000000	0,000000	0,000000	0,000000	24,547634	24,876451	23,492048	24,086498	23,742689	24,617477	20,947943	20,764811	22,007629	21,968533	23,791847	20,389999	23,570000	25,910000	23,400000	20,049999	20,049999	19,879999	19,850000	19,760000	340282346638528860000000000000000000000,000000	0,023474	20,000000	100010,000000	22,799999
2349,000000	19,711617	0,000000	0,000000	0,000000	0,000000	24,547634	24,881504	23,627153	24,086498	23,882845	24,757639	20,947943	20,779972	21,872532	21,953382	23,732584	20,389999	23,570000	25,900000	23,430000	20,049999	20,059999	19,879999	19,850000	19,750000	340282346638528860000000000000000000000,000000	0,023461	20,000000	100010,000000	22,799999
2351,000000	19,731821	0,000000	0,000000	0,000000	0,000000	24,542582	24,741343	23,627153	24,086498	23,882845	24,767765	20,937847	20,790068	22,007629	21,958433	23,747740	20,389999	23,600000	25,920000	23,430000	20,049999	20,059999	19,879999	19,850000	19,760000	616,720032	0,023376	20,000000	100010,000000	22,799999
2353,000000	19,877026	0,000000	0,000000	0,000000	0,000000	24,547634	24,886578	23,486977	24,091570	23,747740	24,777874	20,937847	20,795116	22,017750	21,968533	23,908127	20,389999	23,639999	25,930000	23,420000	20,049999	20,059999	19,879999	19,850000	19,770000	593,353027	0,023360	20,000000	100010,000000	22,799999
2355,000000	19,877026	0,000000	0,000000	0,000000	0,000000	24,532475	24,886578	23,492048	24,091570	23,877792	24,777874	20,942896	20,779972	22,017750	21,943264	23,732584	20,389999	23,660000	25,920000	23,410000	20,059999	20,059999	19,879999	19,840000	19,770000	621,245056	0,023392	20,000000	100010,000000	22,799999
2357,000000	19,741913	0,000000	0,000000	0,000000	0,000000	24,542582	24,886578	23,486977	24,096622	23,887918	24,772818	20,947943	20,769857	22,007629	21,938215	23,732584	20,389999	23,580000	25,910000	23,420000	20,059999	20,059999	19,879999	19,840000	19,779999	340282346638528860000000000000000000000,000000	0,023394	20,000000	100010,000000	22,799999
2359,000000	19,726755	0,000000	0,000000	0,000000	0,000000	24,537527	24,881504	23,492048	24,096622	23,747740	24,752584	20,963106	20,759764	22,002581	22,058165	23,717407	20,389999	23,590000	25,920000	23,420000	20,059999	20,059999	19,879999	19,830000	19,779999	610,979004	0,023422	20,000000	100010,000000	22,799999
2361,000000	19,721710	0,000000	0,000000	0,000000	0,000000	24,542582	24,891630	23,486977	24,096622	23,732584	24,622532	20,963106	20,624647	22,002581	21,948332	23,712355	20,389999	23,580000	25,930000	23,400000	20,059999	20,059999	19,879999	19,840000	19,789999	340282346638528860000000000000000000000,000000	0,023359	20,000000	100010,000000	22,799999
2363,000000	19,711617	0,000000	0,000000	0,000000	0,000000	24,532475	24,881504	23,492048	24,096622	23,737637	24,622532	20,978251	20,609505	21,867483	21,953382	23,702232	20,389999	23,570000	25,900000	23,410000	20,059999	20,059999	19,879999	19,840000	19,789999	340282346638528860000000000000000000000,000000	0,023326	20,000000	100010,000000	22,799999
2365,000000	19,696459	0,000000	0,000000	0,000000	0,000000	24,517294	24,736269	23,481926	24,096622	23,737637	24,752584	20,988367	20,604458	21,867483	21,968533	23,786793	20,389999	23,529999	25,889999	23,410000	20,059999	20,059999	19,879999	19,840000	19,779999	620,799011	0,023479	20,000000	100010,000000	22,799999
2367,000000	19,811348	0,000000	0,000000	0,000000	0,000000	24,527401	24,741343	23,492048	24,101675	23,742689	24,622532	20,963106	20,584248	21,862413	21,993799	23,756460	20,389999	23,480000	25,900000	23,420000	20,059999	20,059999	19,879999	19,859999	19,779999	581,505005	0,023230	20,000000	100010,000000	22,700001
2369,000000	19,806299	0,000000	0,000000	0,000000	0,000000	24,537527	24,741343	23,492048	24,096622	23,747740	24,752584	20,973204	20,599411	21,857363	21,983700	23,616285	20,389999	23,459999	25,900000	23,439999	20,059999	20,070000	19,879999	19,869999	19,779999	340282346638528860000000000000000000000,000000	0,023337	20,000000	100006,000000	22,700001
2371,000000	19,691414	0,000000	0,000000	0,000000	0,000000	24,537527	24,881504	23,492048	24,096622	23,892971	24,757639	20,952991	20,604458	21,852314	21,953382	23,766565	20,389999	23,459999	25,889999	23,449999	20,059999	20,070000	19,879999	19,859999	19,770000	340282346638528860000000000000000000000,000000	0,023262	20,000000	100006,000000	22,700001
2373,000000	19,691414	0,000000	0,000000	0,000000	0,000000	24,522346	24,736269	23,492048	24,096622	23,913198	24,752584	20,952991	20,614552	21,847263	21,943264	23,766565	20,389999	23,480000	25,889999	23,459999	20,070000	20,070000	19,879999	19,859999	19,770000	614,890015	0,023605	20,000000	100006,000000	22,700001
2375,000000	19,701506	0,000000	0,000000	0,000000	0,000000	24,532475	24,741343	23,492048	24,101675	23,908127	24,757639	21,057798	20,614552	21,872532	21,978649	23,781740	20,389999	23,519999	25,920000	23,439999	20,070000	20,070000	19,879999	19,850000	19,770000	340282346638528860000000000000000000000,000000	0,023351	20,000000	100006,000000	22,700001
2377,000000	19,696459	0,000000	0,000000	0,000000	0,000000	24,527401	24,876451	23,497103	24,101675	23,908127	24,757639	21,042635	20,604458	21,862413	21,958433	23,771618	20,389999	23,529999	25,910000	23,449999	20,070000	20,070000	19,879999	19,840000	19,770000	340282346638528860000000000000000000000,000000	0,023298	20,000000	100006,000000	22,700001
2379,000000	19,701506	0,000000	0,000000	0,000000	0,000000	24,522346	24,736269	23,632206	24,101675	23,908127	24,762691	21,037588	20,604458	21,847263	22,012678	23,761515	20,389999	23,529999	25,910000	23,449999	20,070000	20,070000	19,879999	19,840000	19,770000	340282346638528860000000000000000000000,000000	0,023584	20,000000	100006,000000	22,700001
2381,000000	19,701506	0,000000	0,000000	0,000000	0,000000	24,522346	24,721107	23,497103	24,101675	23,913198	24,762691	20,937847	20,619600	21,832098	22,027847	23,796898	20,389999	23,529999	25,900000	23,480000	20,070000	20,070000	19,879999	19,830000	19,779999	340282346638528860000000000000000000000,000000	0,023584	20,000000	100006,000000	22,700001
2383,000000	19,691414	0,000000	0,000000	0,000000	0,000000	24,527401	24,736269	23,632206	24,101675	23,898022	24,762691	20,958057	20,619600	21,837166	21,958433	23,692125	20,389999	23,570000	25,889999	23,459999	20,070000	20,070000	19,879999	19,830000	19,770000	616,285034	0,023566	20,000000	100010,000000	22,700001
2385,000000	19,811348	0,000000	0,000000	0,000000	0,000000	24,532475	24,746395	23,492048	24,101675	23,887918	24,767765	20,952991	20,759764	21,852314	21,988749	23,712355	20,389999	23,590000	25,900000	23,439999	20,070000	20,070000	19,879999	19,859999	19,770000	340282346638528860000000000000000000000,000000	0,023689	20,000000	100010,000000	22,799999
2387,000000	19,811348	0,000000	0,000000	0,000000	0,000000	24,547634	24,876451	23,627153	24,106728	23,887918	24,772818	20,942896	20,759764	21,852314	22,037947	23,812075	20,389999	23,590000	25,900000	23,439999	20,070000	20,070000	19,879999	19,879999	19,770000	600,316040	0,023177	20,000000	100010,000000	22,799999
2389,000000	19,691414	0,000000	0,000000	0,000000	0,000000	24,547634	24,881504	23,497103	24,101675	23,892971	24,757639	21,042635	20,769857	21,867483	21,943264	23,722460	20,400000	23,570000	25,900000	23,459999	20,070000	20,070000	19,879999	19,889999	19,770000	587,791016	0,023537	20,000000	100010,000000	22,799999
2391,000000	19,706551	0,000000	0,000000	0,000000	0,000000	24,547634	24,896685	23,627153	24,106728	23,882845	24,752584	21,037588	20,774904	22,017750	21,968533	23,717407	20,400000	23,629999	25,939999	23,410000	20,070000	20,070000	19,889999	19,889999	19,770000	340282346638528860000000000000000000000,000000	0,023587	20,000000	100006,000000	22,799999
2393,000000	19,711617	0,000000	0,000000	0,000000	0,000000	24,552706	24,906813	23,632206	24,101675	23,742689	24,762691	20,937847	20,779972	22,032898	22,133968	23,761515	20,389999	23,580000	25,939999	23,410000	20,070000	20,080000	19,889999	19,889999	19,770000	615,281006	0,023689	20,000000	100006,000000	22,799999
2395,000000	19,721710	0,000000	0,000000	0,000000	0,000000	24,442867	24,911867	23,637276	24,111780	23,737637	24,752584	20,978251	20,769857	22,032898	22,159237	23,596077	20,389999	23,490000	25,939999	23,400000	20,070000	20,080000	19,889999	19,900000	19,760000	614,808044	0,023683	20,000000	100006,000000	22,799999
2397,000000	19,711617	0,000000	0,000000	0,000000	0,000000	24,447941	24,911867	23,632206	24,111780	23,742689	24,617477	20,998463	20,754715	22,032898	22,164286	23,665466	20,389999	23,410000	25,920000	23,410000	20,070000	20,080000	19,889999	19,889999	19,760000	617,576050	0,023275	20,000000	100006,000000	22,799999
2399,000000	19,701506	0,000000	0,000000	0,000000	0,000000	24,437815	24,901737	23,642328	24,111780	23,887918	24,757639	20,988367	20,619600	22,017750	22,133968	23,655342	20,389999	23,410000	25,879999	23,449999	20,070000	20,080000	19,889999	19,879999	19,760000	594,638000	0,023350	20,000000	100010,000000	22,799999
2401,000000	19,706551	0,000000	0,000000	0,000000	0,000000	24,552706	24,901737	23,637276	24,116835	23,892971	24,762691	20,973204	20,624647	22,012678	21,998850	23,635115	20,389999	23,379999	25,859999	23,449999	20,070000	20,080000	19,889999	19,879999	19,760000	340282346638528860000000000000000000000,000000	0,023596	20,000000	100010,000000	22,799999
2403,000000	19,706551	0,000000	0,000000	0,000000	0,000000	24,447941	24,906813	23,632206	24,111780	23,908127	24,757639	20,958057	20,624647	22,007629	21,968533	23,640186	20,389999	23,400000	25,879999	23,449999	20,070000	20,080000	19,889999	19,869999	19,760000	612,542053	0,023300	20,000000	100010,000000	22,799999
2405,000000	19,701506	0,000000	0,000000	0,000000	0,000000	24,557760	24,906813	23,627153	24,111780	23,908127	24,752584	20,947943	20,614552	22,022799	21,988749	23,670519	20,389999	23,449999	25,879999	23,449999	20,070000	20,080000	19,889999	19,859999	19,760000	340282346638528860000000000000000000000,000000	0,023543	20,000000	100010,000000	22,799999
2407,000000	19,706551	0,000000	0,000000	0,000000	0,000000	24,437815	24,891630	23,627153	24,121906	23,918249	24,622532	20,983299	20,624647	22,017750	21,988749	23,625010	20,389999	23,389999	25,889999	23,430000	20,070000	20,080000	19,889999	19,859999	19,750000	340282346638528860000000000000000000000,000000	0,023740	20,000000	100010,000000	22,799999
2409,000000	19,696459	0,000000	0,000000	0,000000	0,000000	24,447941	24,891630	23,497103	24,116835	23,908127	24,607351	21,184080	20,619600	22,012678	21,978649	23,444401	20,389999	23,359999	25,900000	23,420000	20,070000	20,080000	19,900000	19,850000	19,750000	340282346638528860000000000000000000000,000000	0,023735	20,000000	100006,000000	22,799999
2411,000000	19,806299	0,000000	0,000000	0,000000	0,000000	24,458046	24,881504	23,497103	24,111780	23,908127	24,602297	21,179031	20,754715	22,007629	21,983700	23,469679	20,389999	23,309999	25,889999	23,430000	20,070000	20,080000	19,889999	19,850000	19,750000	340282346638528860000000000000000000000,000000	0,023145	20,000000	100010,000000	22,799999
2413,000000	19,701506	0,000000	0,000000	0,000000	0,000000	24,447941	24,901737	23,627153	24,111780	23,903074	24,597244	21,163887	20,619600	22,007629	21,978649	23,625010	20,389999	23,359999	25,879999	23,410000	20,070000	20,080000	19,889999	19,850000	19,740000	597,421021	0,023270	20,000000	100010,000000	22,799999
2415,000000	19,806299	0,000000	0,000000	0,000000	0,000000	24,442867	24,886578	23,492048	24,111780	23,887918	24,597244	21,143675	20,604458	22,002581	21,963482	23,640186	20,389999	23,389999	25,889999	23,420000	20,070000	20,080000	19,889999	19,850000	19,740000	340282346638528860000000000000000000000,000000	0,023535	20,000000	100006,000000	22,900000
2417,000000	19,786097	0,000000	0,000000	0,000000	0,000000	24,557760	24,876451	23,492048	24,111780	23,877792	24,587135	20,988367	20,594343	22,007629	21,988749	23,565725	20,389999	23,430000	25,910000	23,420000	20,070000	20,070000	19,889999	19,850000	19,740000	604,621033	0,023566	20,000000	100006,000000	22,900000
2419,000000	19,796207	0,000000	0,000000	0,000000	0,000000	24,552706	24,876451	23,627153	24,106728	23,742689	24,587135	20,998463	20,594343	22,012678	21,993799	23,565725	20,389999	23,459999	25,900000	23,410000	20,070000	20,070000	19,889999	19,859999	19,740000	594,315002	0,023372	20,000000	100006,000000	22,900000
2421,000000	19,801254	0,000000	0,000000	0,000000	0,000000	24,557760	24,891630	23,492048	24,106728	23,747740	24,592190	20,958057	20,599411	22,022799	21,993799	23,660393	20,389999	23,400000	25,920000	23,400000	20,070000	20,070000	19,889999	19,859999	19,740000	616,191040	0,023553	20,000000	100006,000000	22,900000
2423,000000	19,796207	0,000000	0,000000	0,000000	0,000000	24,542582	24,891630	23,497103	24,106728	23,742689	24,607351	20,963106	20,609505	22,032898	21,983700	23,601128	20,389999	23,420000	25,920000	23,389999	20,070000	20,070000	19,889999	19,859999	19,740000	340282346638528860000000000000000000000,000000	0,023366	20,000000	100006,000000	22,900000
2425,000000	19,811348	0,000000	0,000000	0,000000	0,000000	24,537527	24,886578	23,627153	24,106728	23,737637	24,607351	20,983299	20,609505	22,032898	21,973600	23,761515	20,389999	23,519999	25,930000	23,389999	20,070000	20,059999	19,889999	19,869999	19,750000	601,919006	0,023644	20,000000	100010,000000	22,900000
2427,000000	19,806299	0,000000	0,000000	0,000000	0,000000	24,552706	24,886578	23,627153	24,106728	23,747740	24,617477	20,958057	20,599411	22,037947	21,968533	23,606182	20,389999	23,469999	25,920000	23,410000	20,070000	20,059999	19,889999	19,859999	19,750000	618,695007	0,023448	20,000000	100006,000000	22,900000
2429,000000	19,696459	0,000000	0,000000	0,000000	0,000000	24,552706	24,901737	23,627153	24,106728	23,892971	24,757639	21,052731	20,614552	22,032898	21,963482	23,580902	20,389999	23,459999	25,920000	23,420000	20,070000	20,070000	19,889999	19,859999	19,750000	617,263000	0,023714	20,000000	100006,000000	22,900000
2431,000000	19,696459	0,000000	0,000000	0,000000	0,000000	24,552706	24,891630	23,642328	24,116835	23,892971	24,767765	21,057798	20,609505	22,022799	21,953382	23,606182	20,389999	23,490000	25,930000	23,439999	20,070000	20,070000	19,900000	19,869999	19,750000	620,012024	0,023626	20,000000	100006,000000	22,900000
2433,000000	19,711617	0,000000	0,000000	0,000000	0,000000	24,557760	24,901737	23,642328	24,111780	23,887918	24,762691	20,937847	20,619600	22,022799	21,963482	23,580902	20,389999	23,480000	25,930000	23,439999	20,070000	20,070000	19,900000	19,879999	19,760000	611,308044	0,023448	20,000000	100006,000000	22,900000
2435,000000	19,711617	0,000000	0,000000	0,000000	0,000000	24,552706	24,906813	23,642328	24,111780	23,903074	24,767765	20,958057	20,759764	22,017750	21,948332	23,570799	20,389999	23,459999	25,900000	23,449999	20,080000	20,070000	19,900000	19,889999	19,760000	340282346638528860000000000000000000000,000000	0,023750	20,000000	100006,000000	22,900000
2437,000000	19,706551	0,000000	0,000000	0,000000	0,000000	24,552706	24,896685	23,642328	24,116835	23,903074	24,767765	20,942896	20,624647	22,012678	21,953382	23,601128	20,389999	23,469999	25,900000	23,439999	20,080000	20,070000	19,900000	19,879999	19,760000	340282346638528860000000000000000000000,000000	0,023277	20,000000	100006,000000	22,900000
2439,000000	19,701506	0,000000	0,000000	0,000000	0,000000	24,442867	24,901737	23,642328	24,111780	23,887918	24,757639	20,937847	20,604458	22,012678	21,978649	23,601128	20,389999	23,480000	25,910000	23,420000	20,080000	20,070000	19,900000	19,879999	19,770000	340282346638528860000000000000000000000,000000	0,023604	20,000000	100010,000000	22,900000
2441,000000	19,691414	0,000000	0,000000	0,000000	0,000000	24,437815	24,911867	23,637276	24,116835	23,882845	24,762691	20,968153	20,609505	22,017750	21,978649	23,570799	20,389999	23,500000	25,910000	23,410000	20,080000	20,059999	19,900000	19,869999	19,760000	340282346638528860000000000000000000000,000000	0,023356	20,000000	100010,000000	22,900000
2443,000000	19,806299	0,000000	0,000000	0,000000	0,000000	24,437815	24,901737	23,642328	24,116835	23,882845	24,622532	20,993414	20,604458	21,872532	21,968533	23,580902	20,389999	23,420000	25,889999	23,420000	20,080000	20,059999	19,900000	19,869999	19,770000	340282346638528860000000000000000000000,000000	0,023495	20,000000	100010,000000	22,900000
2445,000000	19,791143	0,000000	0,000000	0,000000	0,000000	24,542582	24,876451	23,642328	24,111780	23,887918	24,752584	20,968153	20,599411	21,862413	21,953382	23,591005	20,389999	23,430000	25,889999	23,430000	20,080000	20,059999	19,900000	19,859999	19,770000	617,888000	0,023480	20,000000	100010,000000	22,900000
2447,000000	19,781052	0,000000	0,000000	0,000000	0,000000	24,552706	24,876451	23,632206	24,116835	23,898022	24,752584	20,937847	20,594343	21,857363	21,943264	23,585953	20,389999	23,439999	25,879999	23,430000	20,080000	20,059999	19,900000	19,840000	19,760000	340282346638528860000000000000000000000,000000	0,023412	20,000000	100006,000000	22,900000
2449,000000	19,786097	0,000000	0,000000	0,000000	0,000000	24,537527	24,746395	23,627153	24,116835	23,898022	24,617477	20,942896	20,584248	21,852314	22,053116	23,601128	20,389999	23,459999	25,889999	23,439999	20,090000	20,059999	19,900000	19,830000	19,760000	340282346638528860000000000000000000000,000000	0,023515	20,000000	100006,000000	22,900000
2451,000000	19,786097	0,000000	0,000000	0,000000	0,000000	24,537527	24,876451	23,632206	24,111780	23,903074	24,752584	20,952991	20,604458	21,852314	22,037947	23,751408	20,389999	23,490000	25,879999	23,439999	20,090000	20,059999	19,889999	19,820000	19,779999	604,344055	0,023568	20,000000	100006,000000	22,900000
2453,000000	19,791143	0,000000	0,000000	0,000000	0,000000	24,542582	24,876451	23,627153	24,116835	23,898022	24,617477	20,993414	20,614552	21,842215	21,872532	23,761515	20,389999	23,510000	25,879999	23,459999	20,090000	20,059999	19,900000	19,820000	19,789999	340282346638528860000000000000000000000,000000	0,023367	20,000000	100006,000000	22,900000
2455,000000	19,806299	0,000000	0,000000	0,000000	0,000000	24,547634	24,886578	23,632206	24,111780	23,887918	24,752584	20,978251	20,624647	21,847263	22,037947	23,761515	20,389999	23,519999	25,889999	23,430000	20,080000	20,059999	19,900000	19,820000	19,789999	340282346638528860000000000000000000000,000000	0,023871	20,000000	100006,000000	22,799999
2457,000000	19,701506	0,000000	0,000000	0,000000	0,000000	24,542582	24,886578	23,497103	24,111780	23,747740	24,752584	20,973204	20,619600	21,857363	22,058165	23,751408	20,400000	23,500000	25,910000	23,430000	20,080000	20,059999	19,889999	19,809999	19,789999	622,875000	0,023432	20,000000	100006,000000	22,799999
2459,000000	19,711617	0,000000	0,000000	0,000000	0,000000	24,557760	24,891630	23,637276	24,106728	23,887918	24,757639	20,952991	20,624647	21,867483	21,953382	23,585953	20,400000	23,490000	25,900000	23,439999	20,080000	20,059999	19,889999	19,820000	19,789999	340282346638528860000000000000000000000,000000	0,023568	20,000000	100006,000000	22,799999
2461,000000	19,706551	0,000000	0,000000	0,000000	0,000000	24,557760	24,896685	23,647379	24,116835	23,908127	24,767765	20,973204	20,624647	21,862413	22,048065	23,685673	20,400000	23,459999	25,889999	23,459999	20,080000	20,059999	19,900000	19,830000	19,789999	340282346638528860000000000000000000000,000000	0,023119	20,000000	100006,000000	22,799999
2463,000000	19,691414	0,000000	0,000000	0,000000	0,000000	24,442867	24,886578	23,637276	24,111780	23,913198	24,767765	20,968153	20,614552	21,852314	22,053116	23,655342	20,400000	23,430000	25,879999	23,459999	20,080000	20,059999	19,900000	19,850000	19,789999	340282346638528860000000000000000000000,000000	0,023436	20,000000	100006,000000	22,799999
2465,000000	19,691414	0,000000	0,000000	0,000000	0,000000	24,447941	24,886578	23,647379	24,116835	23,918249	24,752584	20,963106	20,754715	21,872532	21,973600	23,665466	20,400000	23,430000	25,889999	23,439999	20,080000	20,059999	19,889999	19,850000	19,779999	340282346638528860000000000000000000000,000000	0,023393	20,000000	100006,000000	22,799999
2467,000000	19,711617	0,000000	0,000000	0,000000	0,000000	24,463120	24,901737	23,632206	24,111780	23,908127	24,757639	20,968153	20,754715	22,002581	21,973600	23,655342	20,389999	23,400000	25,879999	23,439999	20,080000	20,059999	19,889999	19,850000	19,779999	340282346638528860000000000000000000000,000000	0,023198	20,000000	100006,000000	22,799999
2469,000000	19,706551	0,000000	0,000000	0,000000	0,000000	24,458046	24,906813	23,647379	24,121906	23,908127	24,757639	20,993414	20,759764	22,002581	21,978649	23,459576	20,389999	23,350000	25,889999	23,449999	20,080000	20,059999	19,889999	19,840000	19,770000	340282346638528860000000000000000000000,000000	0,023587	20,000000	100006,000000	22,799999
2471,000000	19,711617	0,000000	0,000000	0,000000	0,000000	24,458046	24,921974	23,632206	24,111780	23,898022	24,762691	20,978251	20,764811	22,017750	21,988749	23,660393	20,389999	23,350000	25,900000	23,420000	20,070000	20,049999	19,889999	19,830000	19,770000	340282346638528860000000000000000000000,000000	0,023541	20,000000	100006,000000	22,799999
2473,000000	19,706551	0,000000	0,000000	0,000000	0,000000	24,463120	24,927048	23,627153	24,116835	23,747740	24,752584	20,978251	20,759764	22,043015	22,144066	23,680622	20,389999	23,420000	25,959999	23,410000	20,070000	20,059999	19,889999	19,820000	19,770000	619,886047	0,023156	20,000000	100006,000000	22,799999
2475,000000	19,701506	0,000000	0,000000	0,000000	0,000000	24,447941	24,921974	23,642328	24,116835	23,887918	24,622532	21,128510	20,759764	22,053116	22,154186	23,645239	20,400000	23,430000	25,930000	23,420000	20,070000	20,049999	19,889999	19,820000	19,770000	340282346638528860000000000000000000000,000000	0,023356	20,000000	100006,000000	22,799999
2477,000000	19,696459	0,000000	0,000000	0,000000	0,000000	24,447941	24,911867	23,642328	24,116835	23,882845	24,607351	20,983299	20,619600	21,948332	22,174385	23,645239	20,400000	23,400000	25,920000	23,389999	20,059999	20,049999	19,889999	19,809999	19,770000	340282346638528860000000000000000000000,000000	0,023547	20,000000	100006,000000	22,799999
2479,000000	19,701506	0,000000	0,000000	0,000000	0,000000	24,458046	24,911867	23,637276	24,251959	23,747740	24,612404	20,973204	20,594343	21,953382	22,079702	23,670519	20,400000	23,389999	25,930000	23,379999	20,059999	20,049999	19,889999	19,809999	19,760000	340282346638528860000000000000000000000,000000	0,023649	20,000000	100006,000000	22,799999
2481,000000	19,706551	0,000000	0,000000	0,000000	0,000000	24,458046	24,911867	23,642328	24,116835	23,747740	24,607351	20,988367	20,589294	21,963482	22,069603	23,685673	20,389999	23,430000	25,939999	23,410000	20,059999	20,049999	19,879999	19,809999	19,770000	620,809021	0,023203	20,000000	100002,000000	22,799999
2483,000000	19,691414	0,000000	0,000000	0,000000	0,000000	24,437815	24,901737	23,647379	24,111780	23,742689	24,622532	20,998463	20,584248	21,948332	22,069603	23,685673	20,389999	23,410000	25,920000	23,430000	20,059999	20,049999	19,879999	19,809999	19,779999	598,273010	0,022990	20,000000	100002,000000	22,799999
2485,000000	19,691414	0,000000	0,000000	0,000000	0,000000	24,547634	24,896685	23,647379	24,251959	23,877792	24,752584	21,128510	20,589294	22,048065	22,144066	23,575850	20,400000	23,420000	25,910000	23,459999	20,059999	20,049999	19,879999	19,820000	19,779999	623,107056	0,023162	20,000000	100006,000000	22,799999
2487,000000	19,811348	0,000000	0,000000	0,000000	0,000000	24,547634	24,886578	23,662556	24,116835	23,887918	24,622532	21,133560	20,594343	22,022799	21,963482	23,585953	20,389999	23,439999	25,879999	23,469999	20,059999	20,049999	19,879999	19,820000	19,789999	340282346638528860000000000000000000000,000000	0,023648	20,000000	100006,000000	22,799999
2489,000000	19,701506	0,000000	0,000000	0,000000	0,000000	24,532475	24,876451	23,652433	24,121906	23,892971	24,757639	21,148724	20,584248	22,012678	21,968533	23,570799	20,389999	23,430000	25,879999	23,480000	20,059999	20,049999	19,879999	19,830000	19,799999	601,229004	0,023571	20,000000	100006,000000	22,799999
2491,000000	19,706551	0,000000	0,000000	0,000000	0,000000	24,537527	24,876451	23,647379	24,111780	23,887918	24,757639	21,138628	20,589294	22,007629	21,973600	23,596077	20,389999	23,439999	25,889999	23,459999	20,059999	20,049999	19,879999	19,850000	19,799999	602,567017	0,023560	20,000000	100006,000000	22,799999
2493,000000	19,706551	0,000000	0,000000	0,000000	0,000000	24,542582	24,886578	23,647379	24,121906	23,898022	24,752584	21,133560	20,584248	22,002581	21,998850	23,585953	20,389999	23,449999	25,879999	23,459999	20,059999	20,049999	19,879999	19,859999	19,799999	340282346638528860000000000000000000000,000000	0,023359	20,000000	100006,000000	22,900000
2495,000000	19,706551	0,000000	0,000000	0,000000	0,000000	24,527401	24,746395	23,652433	24,116835	23,918249	24,622532	21,138628	20,584248	21,872532	21,983700	23,601128	20,389999	23,469999	25,879999	23,459999	20,059999	20,049999	19,879999	19,850000	19,799999	615,256042	0,023253	20,000000	100002,000000	22,900000
2497,000000	19,706551	0,000000	0,000000	0,000000	0,000000	24,542582	24,731215	23,637276	24,116835	23,908127	24,757639	20,993414	20,584248	22,002581	21,998850	23,591005	20,400000	23,480000	25,900000	23,439999	20,059999	20,049999	19,879999	19,850000	19,799999	340282346638528860000000000000000000000,000000	0,023465	20,000000	100002,000000	22,900000
2499,000000	19,706551	0,000000	0,000000	0,000000	0,000000	24,557760	24,876451	23,642328	24,116835	23,903074	24,622532	20,978251	20,604458	22,017750	22,154186	23,565725	20,389999	23,459999	25,900000	23,420000	20,059999	20,049999	19,879999	19,859999	19,799999	613,732056	0,023377	20,000000	100002,000000	22,900000
2501,000000	19,716661	0,000000	0,000000	0,000000	0,000000	24,437815	24,891630	23,652433	24,121906	23,903074	24,752584	20,973204	20,599411	22,022799	22,139017	23,675570	20,389999	23,420000	25,900000	23,420000	20,059999	20,049999	19,879999	19,869999	19,789999	340282346638528860000000000000000000000,000000	0,023574	20,000000	100002,000000	22,900000
2503,000000	19,721710	0,000000	0,000000	0,000000	0,000000	24,437815	24,891630	23,647379	24,121906	23,887918	24,622532	20,958057	20,614552	22,027847	22,139017	23,591005	20,400000	23,420000	25,920000	23,420000	20,059999	20,049999	19,879999	19,869999	19,789999	340282346638528860000000000000000000000,000000	0,023501	20,000000	100006,000000	22,900000
2505,000000	19,726755	0,000000	0,000000	0,000000	0,000000	24,557760	24,891630	23,642328	24,116835	23,898022	24,752584	20,963106	20,609505	22,027847	21,978649	23,606182	20,400000	23,480000	25,930000	23,430000	20,070000	20,049999	19,879999	19,879999	19,789999	340282346638528860000000000000000000000,000000	0,023711	20,000000	100006,000000	22,900000
2507,000000	19,716661	0,000000	0,000000	0,000000	0,000000	24,542582	24,891630	23,652433	24,116835	23,903074	24,752584	20,968153	20,599411	22,012678	21,993799	23,580902	20,389999	23,449999	25,900000	23,459999	20,070000	20,049999	19,879999	19,879999	19,799999	340282346638528860000000000000000000000,000000	0,023167	20,000000	100006,000000	22,900000
2509,000000	19,711617	0,000000	0,000000	0,000000	0,000000	24,547634	24,746395	23,657505	24,116835	23,918249	24,762691	21,133560	20,604458	22,012678	21,983700	23,601128	20,389999	23,459999	25,910000	23,459999	20,070000	20,049999	19,879999	19,879999	19,799999	615,069031	0,023433	20,000000	100002,000000	22,900000
2511,000000	19,716661	0,000000	0,000000	0,000000	0,000000	24,547634	24,881504	23,652433	24,116835	23,913198	24,752584	20,998463	20,599411	22,017750	21,998850	23,580902	20,400000	23,459999	25,879999	23,439999	20,070000	20,059999	19,889999	19,869999	19,799999	340282346638528860000000000000000000000,000000	0,023476	20,000000	100002,000000	22,900000
2513,000000	19,711617	0,000000	0,000000	0,000000	0,000000	24,547634	24,891630	23,637276	24,251959	23,908127	24,607351	20,963106	20,599411	22,048065	22,128918	23,650290	20,400000	23,449999	25,879999	23,400000	20,070000	20,049999	19,889999	19,869999	19,789999	340282346638528860000000000000000000000,000000	0,023596	20,000000	100002,000000	22,900000
2515,000000	19,711617	0,000000	0,000000	0,000000	0,000000	24,437815	24,911867	23,632206	24,251959	23,913198	24,597244	20,983299	20,599411	21,938215	22,128918	23,635115	20,389999	23,359999	25,889999	23,400000	20,070000	20,059999	19,889999	19,869999	19,799999	340282346638528860000000000000000000000,000000	0,023611	20,000000	100002,000000	22,900000
2517,000000	19,706551	0,000000	0,000000	0,000000	0,000000	24,442867	24,886578	23,627153	24,116835	23,908127	24,597244	20,983299	20,604458	22,058165	21,993799	23,484835	20,400000	23,379999	25,900000	23,400000	20,070000	20,059999	19,889999	19,859999	19,809999	340282346638528860000000000000000000000,000000	0,023407	20,000000	100002,000000	22,900000
2519,000000	19,811348	0,000000	0,000000	0,000000	0,000000	24,447941	24,881504	23,632206	24,121906	23,923304	24,612404	20,993414	20,614552	22,048065	22,133968	23,494959	20,389999	23,340000	25,900000	23,420000	20,070000	20,049999	19,889999	19,859999	19,820000	615,613037	0,023656	20,000000	100002,000000	22,900000
2521,000000	19,701506	0,000000	0,000000	0,000000	0,000000	24,557760	24,881504	23,632206	24,116835	23,918249	24,617477	20,978251	20,614552	22,048065	22,139017	23,630062	20,389999	23,379999	25,930000	23,420000	20,070000	20,059999	19,889999	19,840000	19,820000	604,399048	0,023519	20,000000	100002,000000	22,900000
2523,000000	19,691414	0,000000	0,000000	0,000000	0,000000	24,437815	24,876451	23,647379	24,121906	23,908127	24,607351	20,963106	20,599411	22,043015	22,133968	23,625010	20,389999	23,350000	25,910000	23,410000	20,070000	20,059999	19,879999	19,840000	19,809999	340282346638528860000000000000000000000,000000	0,023269	20,000000	100002,000000	22,900000
2525,000000	19,796207	0,000000	0,000000	0,000000	0,000000	24,557760	24,876451	23,642328	24,121906	23,913198	24,607351	20,968153	20,589294	22,032898	21,968533	23,635115	20,389999	23,379999	25,879999	23,420000	20,070000	20,049999	19,889999	19,850000	19,799999	340282346638528860000000000000000000000,000000	0,023554	20,000000	100002,000000	22,900000
2527,000000	19,791143	0,000000	0,000000	0,000000	0,000000	24,552706	24,741343	23,632206	24,121906	23,908127	24,597244	20,963106	20,574152	22,027847	21,948332	23,479784	20,400000	23,359999	25,889999	23,420000	20,070000	20,059999	19,879999	19,859999	19,789999	340282346638528860000000000000000000000,000000	0,023307	20,000000	100002,000000	22,900000
2529,000000	19,791143	0,000000	0,000000	0,000000	0,000000	24,547634	24,731215	23,497103	24,116835	23,908127	24,602297	20,973204	20,569086	22,017750	21,943264	23,459576	20,400000	23,340000	25,889999	23,430000	20,070000	20,049999	19,879999	19,869999	19,799999	607,270020	0,023105	20,000000	100002,000000	22,900000
2531,000000	19,781052	0,000000	0,000000	0,000000	0,000000	24,537527	24,741343	23,492048	24,111780	23,898022	24,612404	20,963106	20,574152	22,002581	21,953382	23,645239	20,400000	23,350000	25,879999	23,410000	20,080000	20,059999	19,889999	19,869999	19,809999	340282346638528860000000000000000000000,000000	0,023781	20,000000	100002,000000	22,900000
2533,000000	19,786097	0,000000	0,000000	0,000000	0,000000	24,552706	24,746395	23,627153	24,111780	23,882845	24,622532	20,958057	20,589294	22,002581	21,968533	23,575850	20,400000	23,420000	25,859999	23,420000	20,080000	20,059999	19,889999	19,869999	19,799999	340282346638528860000000000000000000000,000000	0,023559	20,000000	100002,000000	22,900000
2535,000000	19,786097	0,000000	0,000000	0,000000	0,000000	24,542582	24,746395	23,632206	24,111780	23,877792	24,752584	20,958057	20,579201	22,002581	21,938215	23,565725	20,400000	23,439999	25,879999	23,449999	20,080000	20,059999	19,889999	19,889999	19,799999	610,991028	0,023300	20,000000	100002,000000	22,900000
2537,000000	19,781052	0,000000	0,000000	0,000000	0,000000	24,537527	24,741343	23,642328	24,111780	23,903074	24,752584	20,963106	20,579201	21,862413	21,943264	23,570799	20,400000	23,420000	25,830000	23,449999	20,080000	20,059999	19,889999	19,889999	19,799999	340282346638528860000000000000000000000,000000	0,023625	20,000000	100002,000000	22,900000
2539,000000	19,796207	0,000000	0,000000	0,000000	0,000000	24,537527	24,876451	23,642328	24,111780	23,908127	24,617477	20,952991	20,584248	21,857363	22,037947	23,616285	20,400000	23,449999	25,830000	23,459999	20,080000	20,059999	19,889999	19,900000	19,799999	340282346638528860000000000000000000000,000000	0,023665	20,000000	100002,000000	22,900000
2541,000000	19,801254	0,000000	0,000000	0,000000	0,000000	24,527401	24,881504	23,632206	24,111780	23,892971	24,622532	20,937847	20,604458	21,867483	21,943264	23,751408	20,400000	23,510000	25,859999	23,439999	20,080000	20,059999	19,889999	19,900000	19,789999	616,968018	0,023311	20,000000	100002,000000	22,900000
2544,000000	19,691414	0,000000	0,000000	0,000000	0,000000	24,532475	24,891630	23,642328	24,116835	23,898022	24,752584	21,052731	20,624647	22,012678	21,958433	23,591005	20,400000	23,490000	25,889999	23,439999	20,080000	20,049999	19,889999	19,889999	19,789999	600,241028	0,023743	20,000000	100002,000000	22,900000
2546,000000	19,701506	0,000000	0,000000	0,000000	0,000000	24,547634	24,901737	23,647379	24,111780	23,892971	24,757639	20,963106	20,759764	22,017750	21,988749	23,580902	20,400000	23,459999	25,910000	23,439999	20,080000	20,059999	19,889999	19,900000	19,799999	340282346638528860000000000000000000000,000000	0,023631	20,000000	99998,000000	22,900000
2548,000000	19,701506	0,000000	0,000000	0,000000	0,000000	24,552706	24,886578	23,642328	24,121906	23,898022	24,767765	20,952991	20,774904	22,027847	21,998850	23,616285	20,400000	23,459999	25,910000	23,459999	20,080000	20,049999	19,889999	19,889999	19,789999	621,549011	0,023488	20,000000	99998,000000	22,900000
2550,000000	19,706551	0,000000	0,000000	0,000000	0,000000	24,442867	24,901737	23,657505	24,116835	23,892971	24,767765	21,052731	20,779972	22,037947	21,993799	23,771618	20,400000	23,510000	25,930000	23,430000	20,090000	20,049999	19,889999	19,879999	19,789999	340282346638528860000000000000000000000,000000	0,023665	20,000000	100002,000000	22,900000
2552,000000	19,716661	0,000000	0,000000	0,000000	0,000000	24,442867	24,906813	23,652433	24,116835	23,892971	24,767765	21,052731	20,769857	22,037947	21,988749	23,621338	20,400000	23,490000	25,920000	23,439999	20,080000	20,059999	19,889999	19,869999	19,789999	340282346638528860000000000000000000000,000000	0,023332	20,000000	100002,000000	22,900000
2554,000000	19,721710	0,000000	0,000000	0,000000	0,000000	24,437815	24,916920	23,662556	24,251959	23,913198	24,767765	21,057798	20,764811	22,032898	21,978649	23,685673	20,400000	23,469999	25,900000	23,459999	20,080000	20,049999	19,889999	19,859999	19,789999	340282346638528860000000000000000000000,000000	0,023676	20,000000	100002,000000	22,900000
2556,000000	19,716661	0,000000	0,000000	0,000000	0,000000	24,452993	24,916920	23,657505	24,251959	23,923304	24,782927	20,973204	20,759764	22,037947	21,988749	23,680622	20,400000	23,410000	25,889999	23,459999	20,080000	20,049999	19,889999	19,859999	19,779999	594,534058	0,023340	20,000000	100002,000000	22,900000
2558,000000	19,726755	0,000000	0,000000	0,000000	0,000000	24,463120	24,911867	23,662556	24,251959	23,918249	24,767765	20,963106	20,759764	22,048065	21,988749	23,675570	20,400000	23,420000	25,889999	23,449999	20,080000	20,049999	19,889999	19,859999	19,789999	340282346638528860000000000000000000000,000000	0,023307	20,000000	100002,000000	22,900000
2560,000000	19,731821	0,000000	0,000000	0,000000	0,000000	24,468172	24,921974	23,662556	24,251959	23,918249	24,772818	20,968153	20,754715	21,938215	22,149117	23,675570	20,400000	23,420000	25,900000	23,439999	20,080000	20,049999	19,889999	19,850000	19,779999	340282346638528860000000000000000000000,000000	0,023325	20,000000	100002,000000	22,900000
2562,000000	19,721710	0,000000	0,000000	0,000000	0,000000	24,473227	24,927048	23,662556	24,251959	23,892971	24,772818	20,963106	20,754715	21,988749	22,179434	23,670519	20,400000	23,420000	25,939999	23,400000	20,090000	20,049999	19,889999	19,850000	19,779999	603,441040	0,023210	20,000000	100002,000000	22,900000
2564,000000	19,731821	0,000000	0,000000	0,000000	0,000000	24,483353	24,927048	23,667608	24,262064	23,898022	24,767765	21,153770	20,754715	21,988749	22,064554	23,655342	20,400000	23,430000	25,939999	23,439999	20,080000	20,049999	19,889999	19,840000	19,779999	340282346638528860000000000000000000000,000000	0,023716	20,000000	100002,000000	22,900000
2566,000000	19,721710	0,000000	0,000000	0,000000	0,000000	24,458046	24,906813	23,682785	24,257011	23,918249	24,767765	21,094458	20,754715	21,958433	22,069603	23,680622	20,400000	23,410000	25,910000	23,469999	20,080000	20,049999	19,889999	19,840000	19,779999	340282346638528860000000000000000000000,000000	0,023209	20,000000	100002,000000	22,799999
2568,000000	19,706551	0,000000	0,000000	0,000000	0,000000	24,452993	24,916920	23,562836	24,257011	23,928356	24,757639	21,114651	20,754715	21,943264	22,079702	23,596077	20,400000	23,430000	25,900000	23,480000	20,080000	20,049999	19,889999	19,840000	19,779999	340282346638528860000000000000000000000,000000	0,023234	20,000000	100002,000000	22,799999
2570,000000	19,711617	0,000000	0,000000	0,000000	0,000000	24,452993	24,911867	23,682785	24,257011	23,913198	24,757639	21,089390	20,769857	21,948332	22,089821	23,596077	20,400000	23,439999	25,900000	23,469999	20,080000	20,049999	19,889999	19,840000	19,779999	607,332031	0,023544	20,000000	100002,000000	22,799999
2572,000000	19,706551	0,000000	0,000000	0,000000	0,000000	24,452993	24,921974	23,682785	24,257011	23,892971	24,752584	21,158819	20,774904	21,973600	22,089821	23,756460	20,400000	23,459999	25,930000	23,439999	20,080000	20,049999	19,889999	19,830000	19,779999	612,242004	0,023470	20,000000	100002,000000	22,700001
2574,000000	19,706551	0,000000	0,000000	0,000000	0,000000	24,458046	24,927048	23,677731	24,257011	23,898022	24,757639	21,143675	20,774904	21,978649	22,089821	23,616285	20,400000	23,500000	25,930000	23,430000	20,080000	20,049999	19,889999	19,830000	19,779999	340282346638528860000000000000000000000,000000	0,023357	20,000000	100002,000000	22,700001
2576,000000	19,701506	0,000000	0,000000	0,000000	0,000000	24,452993	24,932100	23,672659	24,257011	23,898022	24,752584	20,998463	20,764811	21,983700	22,184505	23,670519	20,400000	23,439999	25,939999	23,430000	20,080000	20,049999	19,889999	19,840000	19,779999	340282346638528860000000000000000000000,000000	0,023468	20,000000	100006,000000	22,700001
2578,000000	19,701506	0,000000	0,000000	0,000000	0,000000	24,468172	24,937157	23,672659	24,257011	23,898022	24,767765	20,978251	20,764811	21,983700	22,179434	23,650290	20,400000	23,410000	25,949999	23,420000	20,080000	20,049999	19,889999	19,840000	19,789999	340282346638528860000000000000000000000,000000	0,023271	20,000000	100006,000000	22,700001
2580,000000	19,696459	0,000000	0,000000	0,000000	0,000000	24,478281	24,817209	23,677731	24,267117	23,908127	24,762691	20,988367	20,764811	21,983700	22,179434	23,650290	20,400000	23,400000	25,930000	23,420000	20,080000	20,049999	19,889999	19,869999	19,799999	340282346638528860000000000000000000000,000000	0,023370	20,000000	100006,000000	22,700001
2582,000000	19,696459	0,000000	0,000000	0,000000	0,000000	24,478281	24,932100	23,672659	24,262064	23,908127	24,762691	20,988367	20,764811	21,978649	22,064554	23,680622	20,400000	23,410000	25,930000	23,420000	20,080000	20,039999	19,889999	19,889999	19,799999	613,690002	0,023585	20,000000	100006,000000	22,700001
2584,000000	19,691414	0,000000	0,000000	0,000000	0,000000	24,483353	24,937157	23,682785	24,262064	23,903074	24,772818	20,983299	20,769857	21,993799	22,084772	23,591005	20,400000	23,410000	25,930000	23,420000	20,080000	20,039999	19,889999	19,889999	19,809999	611,828003	0,023459	20,000000	100006,000000	22,700001
2586,000000	19,706551	0,000000	0,000000	0,000000	0,000000	24,483353	24,937157	23,682785	24,262064	23,908127	24,787981	20,978251	20,774904	21,993799	22,084772	23,585953	20,400000	23,459999	25,939999	23,439999	20,080000	20,039999	19,889999	19,900000	19,799999	340282346638528860000000000000000000000,000000	0,023267	20,000000	100002,000000	22,799999
2588,000000	19,711617	0,000000	0,000000	0,000000	0,000000	24,478281	24,932100	23,682785	24,272192	23,918249	24,793053	20,978251	20,759764	22,128918	22,094873	23,611233	20,400000	23,490000	25,949999	23,449999	20,080000	20,039999	19,889999	19,900000	19,799999	340282346638528860000000000000000000000,000000	0,023418	20,000000	100002,000000	22,799999
2590,000000	19,711617	0,000000	0,000000	0,000000	0,000000	24,463120	24,817209	23,677731	24,267117	23,918249	24,798107	20,978251	20,764811	21,993799	22,104971	23,591005	20,400000	23,480000	25,969999	23,439999	20,080000	20,049999	19,889999	19,910000	19,799999	340282346638528860000000000000000000000,000000	0,023390	20,000000	100002,000000	22,799999
2592,000000	19,721710	0,000000	0,000000	0,000000	0,000000	24,463120	24,817209	23,672659	24,267117	23,928356	24,793053	20,983299	20,624647	21,998850	22,104971	23,685673	20,400000	23,439999	25,949999	23,439999	20,080000	20,049999	19,889999	19,920000	19,799999	598,920044	0,023382	20,000000	100002,000000	22,900000
2594,000000	19,711617	0,000000	0,000000	0,000000	0,000000	24,473227	24,932100	23,667608	24,277245	23,918249	24,793053	20,973204	20,604458	21,993799	22,089821	23,665466	20,400000	23,420000	25,939999	23,439999	20,080000	20,049999	19,889999	19,910000	19,809999	340282346638528860000000000000000000000,000000	0,023576	20,000000	100002,000000	22,900000
2596,000000	19,701506	0,000000	0,000000	0,000000	0,000000	24,463120	24,932100	23,662556	24,277245	23,918249	24,793053	20,947943	20,604458	21,993799	22,084772	23,575850	20,400000	23,410000	25,930000	23,420000	20,080000	20,049999	19,889999	19,889999	19,799999	340282346638528860000000000000000000000,000000	0,023408	20,000000	100002,000000	22,900000
2598,000000	19,696459	0,000000	0,000000	0,000000	0,000000	24,463120	24,921974	23,667608	24,272192	23,923304	24,782927	21,057798	20,599411	21,978649	22,069603	23,575850	20,400000	23,449999	25,939999	23,420000	20,080000	20,059999	19,900000	19,879999	19,799999	340282346638528860000000000000000000000,000000	0,023533	20,000000	100002,000000	22,900000
2600,000000	19,806299	0,000000	0,000000	0,000000	0,000000	24,463120	24,921974	23,677731	24,267117	23,903074	24,772818	21,042635	20,604458	21,988749	22,079702	23,611233	20,400000	23,469999	25,949999	23,410000	20,090000	20,049999	19,889999	19,869999	19,799999	340282346638528860000000000000000000000,000000	0,023423	20,000000	100002,000000	22,900000
2602,000000	19,811348	0,000000	0,000000	0,000000	0,000000	24,458046	24,927048	23,667608	24,267117	23,898022	24,777874	21,042635	20,609505	21,993799	22,079702	23,776690	20,400000	23,519999	25,969999	23,410000	20,090000	20,059999	19,900000	19,859999	19,799999	340282346638528860000000000000000000000,000000	0,023504	20,000000	100002,000000	22,900000
2604,000000	19,691414	0,000000	0,000000	0,000000	0,000000	24,463120	24,822283	23,657505	24,267117	23,882845	24,793053	21,042635	20,614552	21,998850	22,074654	23,807022	20,400000	23,519999	25,969999	23,420000	20,090000	20,059999	19,900000	19,840000	19,789999	591,246033	0,023775	20,000000	100002,000000	22,900000
2606,000000	19,701506	0,000000	0,000000	0,000000	0,000000	24,463120	24,817209	23,667608	24,267117	23,877792	24,782927	21,032539	20,619600	22,144066	22,110022	23,702232	20,400000	23,549999	25,980000	23,420000	20,090000	20,059999	19,900000	19,830000	19,799999	340282346638528860000000000000000000000,000000	0,023463	20,000000	100002,000000	22,900000
2608,000000	19,721710	0,000000	0,000000	0,000000	0,000000	24,468172	24,822283	23,682785	24,267117	23,877792	24,787981	21,042635	20,764811	22,144066	22,104971	23,707304	20,400000	23,559999	26,000000	23,410000	20,080000	20,049999	19,900000	19,830000	19,799999	340282346638528860000000000000000000000,000000	0,023478	20,000000	100002,000000	22,900000
2610,000000	19,746960	0,000000	0,000000	0,000000	0,000000	24,468172	24,832390	23,677731	24,277245	23,877792	24,798107	21,047684	20,769857	22,154186	22,120140	23,692125	20,400000	23,570000	26,000000	23,410000	20,080000	20,059999	19,900000	19,820000	19,789999	340282346638528860000000000000000000000,000000	0,023487	20,000000	100002,000000	22,900000
2612,000000	19,882072	0,000000	0,000000	0,000000	0,000000	24,483353	24,842520	23,567888	24,272192	23,742689	24,803160	21,052731	20,769857	22,154186	22,110022	23,712355	20,400000	23,559999	25,980000	23,410000	20,080000	20,059999	19,889999	19,820000	19,779999	340282346638528860000000000000000000000,000000	0,023725	20,000000	100002,000000	22,900000
2614,000000	19,877026	0,000000	0,000000	0,000000	0,000000	24,483353	24,847572	23,572960	24,272192	23,877792	24,688269	20,942896	20,779972	22,144066	22,110022	23,702232	20,400000	23,570000	25,980000	23,439999	20,080000	20,059999	19,889999	19,830000	19,779999	598,523010	0,023595	20,000000	100002,000000	22,900000
2616,000000	19,882072	0,000000	0,000000	0,000000	0,000000	24,478281	24,842520	23,578011	24,272192	23,898022	24,808216	20,937847	20,785019	21,988749	22,074654	23,756460	20,410000	23,549999	25,959999	23,459999	20,080000	20,059999	19,889999	19,830000	19,779999	340282346638528860000000000000000000000,000000	0,023526	20,000000	100006,000000	22,900000
2618,000000	19,746960	0,000000	0,000000	0,000000	0,000000	24,483353	24,842520	23,572960	24,282297	23,903074	24,688269	21,057798	20,774904	21,993799	22,079702	23,606182	20,410000	23,469999	25,949999	23,459999	20,080000	20,059999	19,889999	19,830000	19,779999	611,798035	0,023465	20,000000	100006,000000	22,900000
2620,000000	19,877026	0,000000	0,000000	0,000000	0,000000	24,478281	24,842520	23,572960	24,277245	23,903074	24,808216	20,942896	20,764811	21,978649	22,074654	23,585953	20,410000	23,449999	25,959999	23,469999	20,080000	20,049999	19,889999	19,809999	19,779999	623,025024	0,023653	20,000000	100006,000000	22,900000
2622,000000	19,741913	0,000000	0,000000	0,000000	0,000000	24,463120	24,822283	23,572960	24,277245	23,913198	24,808216	20,947943	20,754715	21,973600	22,069603	23,670519	20,410000	23,430000	25,949999	23,459999	20,080000	20,059999	19,889999	19,799999	19,770000	340282346638528860000000000000000000000,000000	0,023696	20,000000	100002,000000	22,900000
2624,000000	19,731821	0,000000	0,000000	0,000000	0,000000	24,458046	24,937157	23,572960	24,287350	23,913198	24,787981	20,963106	20,759764	21,968533	22,094873	23,660393	20,410000	23,400000	25,949999	23,469999	20,070000	20,059999	19,900000	19,809999	19,779999	340282346638528860000000000000000000000,000000	0,023347	20,000000	100002,000000	22,900000
2626,000000	19,726755	0,000000	0,000000	0,000000	0,000000	24,458046	24,937157	23,572960	24,282297	23,923304	24,793053	20,968153	20,774904	21,958433	22,089821	23,650290	20,400000	23,420000	25,949999	23,480000	20,080000	20,059999	19,889999	19,799999	19,779999	340282346638528860000000000000000000000,000000	0,023419	20,000000	100002,000000	22,900000
2628,000000	19,721710	0,000000	0,000000	0,000000	0,000000	24,458046	24,921974	23,562836	24,277245	23,928356	24,793053	20,968153	20,774904	21,943264	22,069603	23,459576	20,400000	23,369999	25,949999	23,469999	20,070000	20,049999	19,889999	19,789999	19,779999	340282346638528860000000000000000000000,000000	0,023295	20,000000	100006,000000	22,900000
2630,000000	19,716661	0,000000	0,000000	0,000000	0,000000	24,473227	24,927048	23,562836	24,282297	23,933409	24,798107	20,963106	20,759764	21,943264	22,174385	23,444401	20,400000	23,320000	25,930000	23,449999	20,080000	20,059999	19,900000	19,789999	19,779999	340282346638528860000000000000000000000,000000	0,023185	20,000000	100006,000000	22,900000
2632,000000	19,711617	0,000000	0,000000	0,000000	0,000000	24,478281	24,927048	23,677731	24,277245	23,923304	24,772818	20,963106	20,624647	21,948332	22,074654	23,449453	20,400000	23,299999	25,910000	23,439999	20,070000	20,059999	19,889999	19,799999	19,770000	340282346638528860000000000000000000000,000000	0,023415	20,000000	100002,000000	22,900000
2634,000000	19,706551	0,000000	0,000000	0,000000	0,000000	24,488405	24,916920	23,562836	24,277245	23,913198	24,772818	21,133560	20,619600	21,953382	22,064554	23,670519	20,400000	23,369999	25,910000	23,430000	20,080000	20,059999	19,889999	19,789999	19,770000	580,048035	0,023513	20,000000	100006,000000	22,900000
2636,000000	19,811348	0,000000	0,000000	0,000000	0,000000	24,478281	24,927048	23,677731	24,282297	23,903074	24,782927	21,148724	20,614552	21,948332	22,164286	23,591005	20,400000	23,469999	25,910000	23,449999	20,080000	20,070000	19,889999	19,789999	19,760000	340282346638528860000000000000000000000,000000	0,023501	20,000000	100006,000000	22,900000
2638,000000	19,691414	0,000000	0,000000	0,000000	0,000000	24,478281	24,927048	23,672659	24,282297	23,908127	24,772818	21,148724	20,604458	21,968533	22,179434	23,680622	20,410000	23,439999	25,910000	23,449999	20,070000	20,059999	19,889999	19,799999	19,770000	340282346638528860000000000000000000000,000000	0,023368	20,000000	100006,000000	22,900000
2640,000000	19,701506	0,000000	0,000000	0,000000	0,000000	24,478281	24,937157	23,677731	24,282297	23,913198	24,782927	21,148724	20,614552	21,973600	22,064554	23,601128	20,410000	23,449999	25,900000	23,459999	20,080000	20,059999	19,889999	19,789999	19,770000	340282346638528860000000000000000000000,000000	0,023236	20,000000	100006,000000	22,900000
2642,000000	19,711617	0,000000	0,000000	0,000000	0,000000	24,458046	24,927048	23,567888	24,277245	23,813459	24,793053	20,988367	20,759764	21,968533	22,154186	23,751408	20,410000	23,490000	25,910000	23,490000	20,070000	20,059999	19,889999	19,789999	19,770000	340282346638528860000000000000000000000,000000	0,023235	20,000000	100006,000000	22,900000
2644,000000	19,716661	0,000000	0,000000	0,000000	0,000000	24,473227	24,932100	23,567888	24,282297	23,818531	24,808216	20,983299	20,769857	21,978649	22,174385	23,791847	20,400000	23,519999	25,930000	23,480000	20,070000	20,049999	19,889999	19,789999	19,779999	340282346638528860000000000000000000000,000000	0,023511	20,000000	100006,000000	22,900000
2646,000000	19,721710	0,000000	0,000000	0,000000	0,000000	24,468172	24,937157	23,562836	24,282297	23,823584	24,803160	20,973204	20,764811	21,978649	22,159237	23,812075	20,400000	23,549999	25,939999	23,480000	20,070000	20,059999	19,889999	19,789999	19,779999	340282346638528860000000000000000000000,000000	0,022951	20,000000	100006,000000	22,900000
2648,000000	19,721710	0,000000	0,000000	0,000000	0,000000	24,468172	24,822283	23,562836	24,282297	23,828638	24,798107	20,963106	20,774904	21,993799	22,169334	23,791847	20,400000	23,529999	25,949999	23,459999	20,070000	20,059999	19,879999	19,789999	19,770000	616,500000	0,023687	20,000000	100006,000000	22,900000
2650,000000	19,726755	0,000000	0,000000	0,000000	0,000000	24,488405	24,827337	23,567888	24,282297	23,833691	24,793053	20,973204	20,769857	21,993799	22,159237	23,616285	20,410000	23,529999	25,949999	23,469999	20,070000	20,059999	19,889999	19,789999	19,770000	617,409058	0,023500	20,000000	100006,000000	22,900000
2652,000000	19,716661	0,000000	0,000000	0,000000	0,000000	24,628588	24,937157	23,578011	24,282297	23,838743	24,782927	20,983299	20,779972	21,983700	22,154186	23,650290	20,410000	23,420000	25,939999	23,480000	20,070000	20,059999	19,889999	19,799999	19,770000	623,176025	0,023475	20,000000	100006,000000	22,900000
2654,000000	19,716661	0,000000	0,000000	0,000000	0,000000	24,493460	24,817209	23,567888	24,282297	23,843815	24,793053	20,998463	20,774904	21,983700	22,169334	23,479784	20,400000	23,369999	25,949999	23,449999	20,070000	20,059999	19,889999	19,799999	19,770000	592,423035	0,023509	20,000000	100002,000000	22,900000
2656,000000	19,721710	0,000000	0,000000	0,000000	0,000000	24,628588	24,827337	23,567888	24,287350	23,823584	24,782927	21,128510	20,779972	21,993799	22,074654	23,474731	20,410000	23,340000	25,949999	23,449999	20,070000	20,059999	19,889999	19,799999	19,770000	603,431030	0,023773	20,000000	100006,000000	22,900000
2658,000000	19,721710	0,000000	0,000000	0,000000	0,000000	24,493460	24,827337	23,572960	24,287350	23,838743	24,793053	20,998463	20,764811	21,983700	22,169334	23,665466	20,410000	23,340000	25,930000	23,459999	20,070000	20,059999	19,889999	19,789999	19,770000	604,091003	0,023096	20,000000	100006,000000	22,900000
2660,000000	19,716661	0,000000	0,000000	0,000000	0,000000	24,493460	24,822283	23,578011	24,287350	23,823584	24,798107	21,148724	20,769857	21,983700	22,149117	23,601128	20,410000	23,449999	25,939999	23,469999	20,070000	20,059999	19,879999	19,789999	19,770000	620,382019	0,023540	20,000000	100006,000000	22,900000
2662,000000	19,721710	0,000000	0,000000	0,000000	0,000000	24,488405	24,937157	23,572960	24,287350	23,818531	24,798107	21,158819	20,769857	21,983700	22,174385	23,776690	20,410000	23,549999	25,949999	23,459999	20,059999	20,059999	19,879999	19,789999	19,770000	340282346638528860000000000000000000000,000000	0,023669	20,000000	100006,000000	22,900000
2664,000000	19,726755	0,000000	0,000000	0,000000	0,000000	24,473227	24,837444	23,578011	24,287350	23,933409	24,787981	21,168936	20,764811	21,993799	22,079702	23,761515	20,400000	23,539999	25,930000	23,459999	20,070000	20,059999	19,879999	19,789999	19,770000	340282346638528860000000000000000000000,000000	0,023495	20,000000	100006,000000	22,900000
2666,000000	19,716661	0,000000	0,000000	0,000000	0,000000	24,493460	24,822283	23,572960	24,287350	23,818531	24,793053	21,153770	20,759764	21,983700	22,074654	23,591005	20,410000	23,490000	25,920000	23,480000	20,059999	20,049999	19,889999	19,789999	19,779999	592,668030	0,023381	20,000000	100006,000000	22,900000
2668,000000	19,706551	0,000000	0,000000	0,000000	0,000000	24,493460	24,822283	23,682785	24,287350	23,823584	24,787981	21,143675	20,619600	21,963482	22,159237	23,570799	20,410000	23,439999	25,920000	23,490000	20,059999	20,059999	19,879999	19,789999	19,779999	340282346638528860000000000000000000000,000000	0,023160	20,000000	100006,000000	22,900000
2670,000000	19,691414	0,000000	0,000000	0,000000	0,000000	24,478281	24,822283	23,562836	24,287350	23,818531	24,787981	21,173985	20,754715	21,953382	22,154186	23,630062	20,410000	23,420000	25,910000	23,490000	20,059999	20,049999	19,879999	19,789999	19,779999	340282346638528860000000000000000000000,000000	0,023454	20,000000	100006,000000	22,900000
2672,000000	19,691414	0,000000	0,000000	0,000000	0,000000	24,488405	24,822283	23,562836	24,287350	23,823584	24,772818	21,184080	20,779972	22,058165	22,139017	23,549173	20,410000	23,330000	25,900000	23,500000	20,059999	20,039999	19,879999	19,789999	19,770000	340282346638528860000000000000000000000,000000	0,023414	20,000000	100006,000000	22,900000
2674,000000	19,806299	0,000000	0,000000	0,000000	0,000000	24,488405	24,937157	23,567888	24,287350	23,828638	24,782927	21,069195	20,779972	22,043015	21,988749	23,474731	20,410000	23,309999	25,910000	23,529999	20,059999	20,049999	19,879999	19,789999	19,770000	340282346638528860000000000000000000000,000000	0,023584	20,000000	100006,000000	22,900000
2676,000000	19,696459	0,000000	0,000000	0,000000	0,000000	24,488405	24,937157	23,588114	24,287350	23,848866	24,787981	21,143675	20,779972	22,053116	22,133968	23,660393	20,410000	23,379999	25,920000	23,519999	20,059999	20,039999	19,879999	19,779999	19,770000	602,510010	0,023620	20,000000	100006,000000	22,900000
2678,000000	19,706551	0,000000	0,000000	0,000000	0,000000	24,633640	24,822283	23,567888	24,292402	23,838743	24,803160	21,148724	20,790068	21,953382	22,169334	23,585953	20,410000	23,439999	25,920000	23,490000	20,059999	20,039999	19,879999	19,779999	19,770000	619,887024	0,023286	20,000000	100006,000000	22,900000
2680,000000	19,701506	0,000000	0,000000	0,000000	0,000000	24,628588	24,827337	23,572960	24,287350	23,833691	24,803160	21,138628	20,779972	21,958433	22,064554	23,771618	20,410000	23,480000	25,930000	23,469999	20,059999	20,039999	19,879999	19,789999	19,770000	608,632019	0,023094	20,000000	100006,000000	22,900000
2682,000000	19,711617	0,000000	0,000000	0,000000	0,000000	24,498512	24,842520	23,578011	24,292402	23,813459	24,688269	20,993414	20,769857	21,988749	22,089821	23,771618	20,410000	23,529999	25,959999	23,449999	20,059999	20,029999	19,879999	19,799999	19,770000	340282346638528860000000000000000000000,000000	0,023485	20,000000	100002,000000	22,900000
2684,000000	19,701506	0,000000	0,000000	0,000000	0,000000	24,628588	24,847572	23,572960	24,292402	23,928356	24,698395	20,993414	20,759764	22,154186	22,255241	23,801950	20,410000	23,500000	25,969999	23,439999	20,059999	20,029999	19,879999	19,809999	19,770000	340282346638528860000000000000000000000,000000	0,023574	20,000000	100002,000000	22,900000
2686,000000	19,701506	0,000000	0,000000	0,000000	0,000000	24,488405	24,842520	23,588114	24,297455	23,928356	24,688269	20,998463	20,764811	22,159237	22,120140	23,807022	20,410000	23,529999	25,959999	23,439999	20,059999	20,029999	19,879999	19,799999	19,770000	340282346638528860000000000000000000000,000000	0,023602	20,000000	100002,000000	22,900000
2688,000000	19,696459	0,000000	0,000000	0,000000	0,000000	24,493460	24,842520	23,583063	24,297455	23,918249	24,798107	20,993414	20,759764	22,064554	22,110022	23,771618	20,410000	23,519999	25,969999	23,410000	20,059999	20,029999	19,879999	19,809999	19,770000	340282346638528860000000000000000000000,000000	0,023571	20,000000	100006,000000	22,900000
2690,000000	19,701506	0,000000	0,000000	0,000000	0,000000	24,478281	24,842520	23,583063	24,297455	23,918249	24,798107	21,133560	20,619600	22,069603	22,115089	23,781740	20,410000	23,510000	25,969999	23,420000	20,059999	20,029999	19,879999	19,809999	19,779999	620,715027	0,023403	20,000000	100002,000000	22,900000
2692,000000	19,711617	0,000000	0,000000	0,000000	0,000000	24,488405	24,842520	23,578011	24,297455	23,928356	24,787981	21,133560	20,614552	22,079702	22,250189	23,781740	20,410000	23,529999	25,969999	23,420000	20,059999	20,029999	19,879999	19,809999	19,789999	610,101013	0,023327	20,000000	100002,000000	22,900000
2694,000000	19,691414	0,000000	0,000000	0,000000	0,000000	24,478281	24,847572	23,583063	24,302526	23,928356	24,798107	21,138628	20,604458	22,069603	22,255241	23,756460	20,410000	23,510000	25,959999	23,439999	20,059999	20,029999	19,879999	19,830000	19,820000	340282346638528860000000000000000000000,000000	0,023486	20,000000	100002,000000	22,900000
2696,000000	19,701506	0,000000	0,000000	0,000000	0,000000	24,488405	24,847572	23,593187	24,292402	23,928356	24,808216	21,138628	20,594343	22,179434	22,120140	23,761515	20,400000	23,490000	25,939999	23,459999	20,059999	20,029999	19,879999	19,850000	19,840000	340282346638528860000000000000000000000,000000	0,023507	20,000000	100006,000000	22,900000
2698,000000	19,706551	0,000000	0,000000	0,000000	0,000000	24,488405	24,827337	23,583063	24,297455	23,918249	24,808216	21,128510	20,604458	22,174385	22,110022	23,616285	20,410000	23,510000	25,939999	23,459999	20,059999	20,039999	19,879999	19,859999	19,830000	618,240051	0,023534	20,000000	100006,000000	22,900000
2700,000000	19,691414	0,000000	0,000000	0,000000	0,000000	24,478281	24,817209	23,578011	24,292402	23,923304	24,803160	21,128510	20,609505	22,164286	22,110022	23,766565	20,410000	23,510000	25,939999	23,459999	20,059999	20,039999	19,879999	19,879999	19,820000	623,147034	0,023213	20,000000	100006,000000	22,900000
2702,000000	19,806299	0,000000	0,000000	0,000000	0,000000	24,458046	24,927048	23,583063	24,292402	23,923304	24,808216	21,128510	20,594343	22,139017	22,074654	23,791847	20,410000	23,529999	25,930000	23,469999	20,059999	20,039999	19,879999	19,889999	19,809999	618,587036	0,023301	20,000000	100006,000000	22,900000
2704,000000	19,791143	0,000000	0,000000	0,000000	0,000000	24,468172	24,921974	23,578011	24,292402	23,923304	24,793053	21,153770	20,604458	22,149117	22,084772	23,756460	20,410000	23,529999	25,930000	23,469999	20,059999	20,039999	19,879999	19,900000	19,799999	340282346638528860000000000000000000000,000000	0,023505	20,000000	100006,000000	22,900000
2706,000000	19,791143	0,000000	0,000000	0,000000	0,000000	24,468172	24,916920	23,572960	24,292402	23,928356	24,787981	21,163887	20,614552	22,133968	22,069603	23,565725	20,410000	23,459999	25,920000	23,480000	20,059999	20,039999	19,879999	19,920000	19,809999	340282346638528860000000000000000000000,000000	0,023391	20,000000	100006,000000	22,900000
2708,000000	19,801254	0,000000	0,000000	0,000000	0,000000	24,468172	24,921974	23,572960	24,297455	23,813459	24,793053	21,168936	20,614552	21,993799	22,069603	23,565725	20,410000	23,439999	25,900000	23,500000	20,059999	20,039999	19,879999	19,920000	19,809999	595,715027	0,023208	20,000000	100006,000000	22,900000
2710,000000	19,791143	0,000000	0,000000	0,000000	0,000000	24,458046	24,911867	23,578011	24,292402	23,818531	24,793053	21,074244	20,624647	21,983700	22,069603	23,596077	20,410000	23,439999	25,900000	23,510000	20,070000	20,039999	19,879999	19,910000	19,809999	611,763000	0,023299	20,000000	100006,000000	22,900000
2712,000000	19,786097	0,000000	0,000000	0,000000	0,000000	24,442867	24,911867	23,578011	24,292402	23,813459	24,793053	21,069195	20,624647	21,988749	22,079702	23,616285	20,410000	23,459999	25,910000	23,480000	20,070000	20,049999	19,889999	19,910000	19,809999	340282346638528860000000000000000000000,000000	0,023265	20,000000	100006,000000	22,900000
2714,000000	19,801254	0,000000	0,000000	0,000000	0,000000	24,452993	24,932100	23,583063	24,297455	23,818531	24,793053	21,173985	20,759764	21,983700	22,064554	23,776690	20,410000	23,480000	25,939999	23,480000	20,070000	20,049999	19,889999	19,900000	19,809999	610,973999	0,023376	20,000000	100006,000000	22,900000
2716,000000	19,696459	0,000000	0,000000	0,000000	0,000000	24,463120	24,937157	23,578011	24,302526	23,818531	24,793053	21,138628	20,774904	21,983700	22,184505	23,697178	20,400000	23,570000	25,969999	23,480000	20,059999	20,049999	19,889999	19,889999	19,809999	595,972046	0,023104	20,000000	100006,000000	22,900000
2718,000000	19,696459	0,000000	0,000000	0,000000	0,000000	24,458046	24,937157	23,578011	24,292402	23,828638	24,688269	20,998463	20,769857	21,988749	22,079702	23,781740	20,410000	23,529999	25,990000	23,490000	20,070000	20,049999	19,889999	19,900000	19,799999	604,362000	0,023644	20,000000	100006,000000	22,900000
2720,000000	19,711617	0,000000	0,000000	0,000000	0,000000	24,463120	24,822283	23,588114	24,292402	23,833691	24,703449	20,998463	20,785019	21,983700	22,074654	23,702232	20,400000	23,549999	25,969999	23,500000	20,059999	20,049999	19,889999	19,879999	19,799999	606,734009	0,023434	20,000000	100006,000000	22,900000
2722,000000	19,716661	0,000000	0,000000	0,000000	0,000000	24,473227	24,822283	23,598240	24,297455	23,818531	24,708502	20,988367	20,774904	21,998850	22,104971	23,697178	20,410000	23,580000	25,949999	23,490000	20,059999	20,059999	19,889999	19,869999	19,799999	340282346638528860000000000000000000000,000000	0,023704	20,000000	100006,000000	22,900000
2724,000000	19,726755	0,000000	0,000000	0,000000	0,000000	24,468172	24,817209	23,593187	24,297455	23,933409	24,708502	20,968153	20,764811	22,139017	22,089821	23,807022	20,410000	23,539999	25,949999	23,469999	20,070000	20,059999	19,889999	19,859999	19,799999	340282346638528860000000000000000000000,000000	0,023460	20,000000	100002,000000	22,900000
2726,000000	19,731821	0,000000	0,000000	0,000000	0,000000	24,473227	24,837444	23,598240	24,297455	23,933409	24,688269	20,963106	20,759764	22,144066	22,120140	23,692125	20,410000	23,539999	25,969999	23,469999	20,059999	20,059999	19,889999	19,869999	19,799999	610,272034	0,023421	20,000000	100002,000000	22,900000
2728,000000	19,721710	0,000000	0,000000	0,000000	0,000000	24,478281	24,847572	23,593187	24,302526	23,928356	24,698395	20,978251	20,764811	22,139017	22,104971	23,697178	20,400000	23,529999	25,980000	23,500000	20,059999	20,049999	19,889999	19,859999	19,799999	340282346638528860000000000000000000000,000000	0,023608	20,000000	100002,000000	22,900000
2730,000000	19,726755	0,000000	0,000000	0,000000	0,000000	24,473227	24,832390	23,598240	24,297455	23,823584	24,693323	20,988367	20,764811	22,139017	22,089821	23,812075	20,410000	23,549999	25,959999	23,490000	20,070000	20,049999	19,879999	19,850000	19,799999	618,606018	0,023434	20,000000	100002,000000	22,900000
2732,000000	19,726755	0,000000	0,000000	0,000000	0,000000	24,473227	24,827337	23,598240	24,297455	23,823584	24,698395	20,983299	20,774904	22,128918	22,089821	23,801950	20,410000	23,539999	25,949999	23,510000	20,059999	20,049999	19,889999	19,850000	19,799999	618,507019	0,023376	20,000000	100002,000000	22,900000
2734,000000	19,726755	0,000000	0,000000	0,000000	0,000000	24,468172	24,937157	23,593187	24,302526	23,833691	24,688269	21,133560	20,769857	22,133968	22,079702	23,616285	20,400000	23,549999	25,959999	23,500000	20,070000	20,049999	19,879999	19,840000	19,820000	595,532043	0,023512	20,000000	100002,000000	22,900000
2736,000000	19,721710	0,000000	0,000000	0,000000	0,000000	24,478281	24,927048	23,593187	24,302526	23,858971	24,693323	21,168936	20,759764	21,988749	22,164286	23,565725	20,410000	23,459999	25,980000	23,519999	20,059999	20,049999	19,889999	19,840000	19,809999	622,009033	0,023557	20,000000	100006,000000	22,900000
2738,000000	19,726755	0,000000	0,000000	0,000000	0,000000	24,483353	24,927048	23,593187	24,307581	23,874149	24,703449	21,158819	20,769857	21,973600	22,128918	23,570799	20,410000	23,430000	25,969999	23,549999	20,070000	20,049999	19,889999	19,840000	19,809999	340282346638528860000000000000000000000,000000	0,023532	20,000000	100006,000000	23,000000
2740,000000	19,731821	0,000000	0,000000	0,000000	0,000000	24,483353	24,937157	23,608343	24,307581	23,874149	24,698395	21,158819	20,769857	21,958433	22,154186	23,680622	20,400000	23,430000	25,949999	23,539999	20,070000	20,049999	19,889999	19,840000	19,809999	340282346638528860000000000000000000000,000000	0,023460	20,000000	100002,000000	23,000000
2742,000000	19,726755	0,000000	0,000000	0,000000	0,000000	24,628588	24,937157	23,598240	24,302526	23,864025	24,688269	21,158819	20,769857	21,948332	22,159237	23,670519	20,400000	23,410000	25,939999	23,539999	20,070000	20,039999	19,879999	19,830000	19,799999	617,734009	0,023411	20,000000	100002,000000	23,000000
2744,000000	19,721710	0,000000	0,000000	0,000000	0,000000	24,498512	24,927048	23,593187	24,187634	23,869078	24,698395	21,138628	20,764811	21,943264	22,133968	23,575850	20,400000	23,430000	25,939999	23,539999	20,070000	20,039999	19,879999	19,830000	19,799999	603,574036	0,023361	20,000000	100002,000000	23,000000
2746,000000	19,716661	0,000000	0,000000	0,000000	0,000000	24,498512	24,932100	23,583063	24,187634	23,874149	24,693323	21,148724	20,764811	22,058165	22,133968	23,771618	20,410000	23,469999	25,949999	23,539999	20,070000	20,039999	19,879999	19,820000	19,799999	340282346638528860000000000000000000000,000000	0,023655	20,000000	100002,000000	23,000000
2748,000000	19,721710	0,000000	0,000000	0,000000	0,000000	24,493460	24,822283	23,593187	24,187634	23,858971	24,693323	20,998463	20,759764	21,953382	22,169334	23,771618	20,410000	23,539999	25,959999	23,510000	20,070000	20,039999	19,879999	19,820000	19,799999	611,995056	0,023572	20,000000	100002,000000	23,000000
2750,000000	19,716661	0,000000	0,000000	0,000000	0,000000	24,498512	24,822283	23,583063	24,302526	23,838743	24,703449	20,988367	20,764811	21,963482	22,154186	23,611233	20,410000	23,510000	25,959999	23,510000	20,070000	20,049999	19,879999	19,809999	19,789999	621,643005	0,023494	20,000000	100002,000000	23,000000
2752,000000	19,711617	0,000000	0,000000	0,000000	0,000000	24,498512	24,827337	23,583063	24,307581	23,838743	24,698395	21,128510	20,759764	21,963482	22,144066	23,751408	20,400000	23,469999	25,939999	23,519999	20,070000	20,039999	19,879999	19,820000	19,789999	340282346638528860000000000000000000000,000000	0,023486	20,000000	100002,000000	23,000000
2754,000000	19,711617	0,000000	0,000000	0,000000	0,000000	24,483353	24,827337	23,593187	24,187634	23,853918	24,693323	20,988367	20,764811	21,963482	22,164286	23,761515	20,410000	23,480000	25,939999	23,490000	20,070000	20,049999	19,879999	19,820000	19,789999	340282346638528860000000000000000000000,000000	0,023729	20,000000	100002,000000	23,000000
2756,000000	19,731821	0,000000	0,000000	0,000000	0,000000	24,483353	24,832390	23,588114	24,307581	23,828638	24,693323	20,988367	20,764811	21,988749	22,174385	23,771618	20,400000	23,500000	25,949999	23,480000	20,070000	20,039999	19,879999	19,820000	19,789999	340282346638528860000000000000000000000,000000	0,023379	20,000000	100002,000000	23,000000
2758,000000	19,741913	0,000000	0,000000	0,000000	0,000000	24,483353	24,827337	23,583063	24,187634	23,828638	24,698395	21,133560	20,769857	21,983700	22,174385	23,692125	20,400000	23,559999	25,980000	23,500000	20,070000	20,039999	19,879999	19,820000	19,809999	340282346638528860000000000000000000000,000000	0,023594	20,000000	100002,000000	23,000000
2760,000000	19,736868	0,000000	0,000000	0,000000	0,000000	24,488405	24,832390	23,588114	24,307581	23,833691	24,703449	21,133560	20,790068	21,983700	22,154186	23,702232	20,400000	23,580000	25,959999	23,519999	20,070000	20,039999	19,879999	19,820000	19,820000	600,866028	0,023172	20,000000	100002,000000	23,000000
2762,000000	19,877026	0,000000	0,000000	0,000000	0,000000	24,488405	24,827337	23,593187	24,307581	23,833691	24,708502	20,983299	20,800163	21,988749	22,164286	23,707304	20,400000	23,580000	25,969999	23,500000	20,070000	20,039999	19,879999	19,820000	19,830000	340282346638528860000000000000000000000,000000	0,023226	20,000000	100002,000000	23,000000
2764,000000	19,882072	0,000000	0,000000	0,000000	0,000000	24,488405	24,832390	23,588114	24,307581	23,848866	24,713556	20,983299	20,795116	21,983700	22,154186	23,722460	20,410000	23,609999	26,000000	23,500000	20,080000	20,039999	19,879999	19,820000	19,820000	607,476013	0,023652	20,000000	100002,000000	22,900000
2766,000000	19,741913	0,000000	0,000000	0,000000	0,000000	24,488405	24,827337	23,598240	24,187634	23,848866	24,718611	20,988367	20,795116	21,983700	22,154186	23,717407	20,410000	23,600000	26,010000	23,500000	20,080000	20,039999	19,879999	19,820000	19,820000	340282346638528860000000000000000000000,000000	0,023565	20,000000	100002,000000	22,900000
2768,000000	19,746960	0,000000	0,000000	0,000000	0,000000	24,493460	24,837444	23,588114	24,187634	23,838743	24,713556	20,978251	20,800163	22,128918	22,169334	23,697178	20,400000	23,580000	26,019999	23,459999	20,080000	20,039999	19,879999	19,809999	19,820000	340282346638528860000000000000000000000,000000	0,023312	20,000000	100002,000000	22,900000
2770,000000	19,741913	0,000000	0,000000	0,000000	0,000000	24,498512	24,847572	23,603291	24,187634	23,833691	24,708502	21,143675	20,769857	22,133968	22,179434	23,771618	20,410000	23,539999	26,019999	23,480000	20,080000	20,039999	19,879999	19,820000	19,830000	340282346638528860000000000000000000000,000000	0,023247	20,000000	100002,000000	22,900000
2772,000000	19,877026	0,000000	0,000000	0,000000	0,000000	24,633640	24,847572	23,603291	24,187634	23,828638	24,713556	21,138628	20,774904	22,144066	22,089821	23,611233	20,400000	23,510000	25,990000	23,469999	20,080000	20,039999	19,879999	19,840000	19,830000	340282346638528860000000000000000000000,000000	0,023031	20,000000	100002,000000	22,799999
2774,000000	19,746960	0,000000	0,000000	0,000000	0,000000	24,638693	24,852627	23,613415	24,187634	23,823584	24,708502	21,138628	20,764811	22,159237	22,255241	23,575850	20,400000	23,459999	25,990000	23,449999	20,080000	20,039999	19,879999	19,859999	19,820000	340282346638528860000000000000000000000,000000	0,023213	20,000000	100002,000000	22,900000
2776,000000	19,746960	0,000000	0,000000	0,000000	0,000000	24,643747	24,857679	23,618465	24,187634	23,823584	24,703449	21,138628	20,764811	22,164286	22,255241	23,596077	20,410000	23,449999	25,980000	23,449999	20,080000	20,049999	19,889999	19,879999	19,809999	340282346638528860000000000000000000000,000000	0,023178	20,000000	100002,000000	22,900000
2778,000000	19,877026	0,000000	0,000000	0,000000	0,000000	24,648819	24,867807	23,608343	24,187634	23,818531	24,698395	20,993414	20,769857	22,174385	22,260290	23,616285	20,410000	23,469999	25,980000	23,459999	20,080000	20,049999	19,889999	19,900000	19,809999	340282346638528860000000000000000000000,000000	0,023334	20,000000	100002,000000	22,900000
2780,000000	19,746960	0,000000	0,000000	0,000000	0,000000	24,658928	24,867807	23,608343	24,197739	23,818531	24,708502	20,983299	20,764811	22,074654	22,265360	23,751408	20,410000	23,480000	26,000000	23,439999	20,090000	20,049999	19,889999	19,920000	19,809999	573,182007	0,023237	20,000000	100002,000000	22,900000
2782,000000	19,736868	0,000000	0,000000	0,000000	0,000000	24,658928	24,872864	23,608343	24,192686	23,933409	24,698395	20,988367	20,764811	22,074654	22,260290	23,591005	20,410000	23,459999	26,029999	23,459999	20,090000	20,059999	19,889999	19,920000	19,809999	577,134033	0,023686	20,000000	100002,000000	22,900000
2784,000000	19,741913	0,000000	0,000000	0,000000	0,000000	24,653872	25,002916	23,603291	24,197739	23,823584	24,698395	21,148724	20,754715	22,064554	22,250189	23,621338	20,410000	23,449999	26,019999	23,480000	20,090000	20,059999	19,889999	19,930000	19,809999	340282346638528860000000000000000000000,000000	0,023524	20,000000	100006,000000	22,900000
2786,000000	19,736868	0,000000	0,000000	0,000000	0,000000	24,658928	24,872864	23,608343	24,192686	23,818531	24,698395	20,993414	20,754715	22,069603	22,250189	23,761515	20,410000	23,490000	26,000000	23,459999	20,090000	20,059999	19,889999	19,949999	19,809999	340282346638528860000000000000000000000,000000	0,023579	20,000000	100006,000000	23,000000
2788,000000	19,736868	0,000000	0,000000	0,000000	0,000000	24,658928	25,007990	23,613415	24,192686	23,818531	24,693323	21,128510	20,624647	22,074654	22,255241	23,781740	20,410000	23,519999	25,980000	23,459999	20,090000	20,059999	19,889999	19,949999	19,809999	340282346638528860000000000000000000000,000000	0,023414	20,000000	100006,000000	23,000000
2790,000000	19,721710	0,000000	0,000000	0,000000	0,000000	24,648819	25,007990	23,608343	24,192686	23,818531	24,703449	21,128510	20,624647	22,069603	22,270409	23,766565	20,410000	23,539999	26,010000	23,459999	20,100000	20,070000	19,900000	19,969999	19,809999	592,543030	0,023252	20,000000	100002,000000	23,000000
2792,000000	19,721710	0,000000	0,000000	0,000000	0,000000	24,648819	24,867807	23,608343	24,197739	23,818531	24,703449	20,993414	20,619600	22,064554	22,120140	23,761515	20,410000	23,529999	25,990000	23,480000	20,100000	20,070000	19,900000	19,949999	19,809999	340282346638528860000000000000000000000,000000	0,023526	20,000000	100002,000000	23,000000
2794,000000	19,716661	0,000000	0,000000	0,000000	0,000000	24,638693	24,852627	23,603291	24,202812	23,838743	24,708502	20,983299	20,624647	22,169334	22,079702	23,756460	20,410000	23,490000	26,000000	23,469999	20,100000	20,070000	19,900000	19,930000	19,809999	340282346638528860000000000000000000000,000000	0,023704	20,000000	100002,000000	23,000000
2796,000000	19,716661	0,000000	0,000000	0,000000	0,000000	24,638693	24,847572	23,593187	24,197739	23,838743	24,713556	20,988367	20,759764	22,154186	22,084772	23,756460	20,410000	23,500000	25,990000	23,480000	20,100000	20,070000	19,900000	19,910000	19,809999	340282346638528860000000000000000000000,000000	0,023760	20,000000	100002,000000	23,000000
2798,000000	19,721710	0,000000	0,000000	0,000000	0,000000	24,638693	24,847572	23,603291	24,192686	23,818531	24,703449	20,998463	20,754715	22,149117	22,104971	23,601128	20,410000	23,480000	25,959999	23,469999	20,100000	20,070000	19,900000	19,900000	19,799999	588,013000	0,023188	20,000000	100002,000000	23,000000
2800,000000	19,711617	0,000000	0,000000	0,000000	0,000000	24,643747	24,857679	23,598240	24,192686	23,813459	24,693323	21,153770	20,614552	22,144066	22,084772	23,685673	20,410000	23,449999	25,969999	23,480000	20,109999	20,080000	19,900000	19,889999	19,799999	579,217041	0,023258	20,000000	99998,000000	23,000000
2802,000000	19,701506	0,000000	0,000000	0,000000	0,000000	24,628588	24,837444	23,603291	24,192686	23,823584	24,688269	21,163887	20,609505	21,988749	22,184505	23,585953	20,410000	23,420000	25,939999	23,490000	20,109999	20,080000	19,910000	19,879999	19,789999	618,403015	0,023068	20,000000	100002,000000	23,000000
2804,000000	19,806299	0,000000	0,000000	0,000000	0,000000	24,498512	24,832390	23,603291	24,192686	23,818531	24,803160	21,158819	20,594343	21,993799	22,064554	23,570799	20,410000	23,439999	25,949999	23,459999	20,109999	20,080000	19,910000	19,859999	19,789999	618,214050	0,023211	20,000000	100002,000000	23,000000
2806,000000	19,811348	0,000000	0,000000	0,000000	0,000000	24,633640	24,837444	23,598240	24,192686	23,823584	24,787981	21,158819	20,589294	22,128918	22,094873	23,675570	20,410000	23,430000	25,949999	23,480000	20,109999	20,080000	19,910000	19,859999	19,799999	340282346638528860000000000000000000000,000000	0,023264	20,000000	100002,000000	23,000000
2808,000000	19,691414	0,000000	0,000000	0,000000	0,000000	24,633640	24,842520	23,608343	24,187634	23,818531	24,803160	21,163887	20,584248	22,133968	22,089821	23,489906	20,410000	23,420000	25,949999	23,500000	20,109999	20,080000	19,910000	19,850000	19,799999	340282346638528860000000000000000000000,000000	0,023308	20,000000	100002,000000	23,000000
2810,000000	19,811348	0,000000	0,000000	0,000000	0,000000	24,633640	24,832390	23,598240	24,187634	23,833691	24,798107	21,074244	20,589294	21,978649	22,084772	23,479784	20,410000	23,320000	25,930000	23,519999	20,109999	20,080000	19,910000	19,850000	19,799999	340282346638528860000000000000000000000,000000	0,023248	20,000000	100002,000000	23,000000
2812,000000	19,691414	0,000000	0,000000	0,000000	0,000000	24,493460	24,827337	23,608343	24,187634	23,843815	24,808216	21,089390	20,599411	21,968533	22,174385	23,464626	20,410000	23,359999	25,910000	23,519999	20,109999	20,080000	19,910000	19,850000	19,799999	340282346638528860000000000000000000000,000000	0,023425	20,000000	100002,000000	23,000000
2814,000000	19,696459	0,000000	0,000000	0,000000	0,000000	24,488405	24,817209	23,603291	24,187634	23,858971	24,803160	21,079294	20,614552	21,953382	22,149117	23,494959	20,410000	23,369999	25,910000	23,529999	20,109999	20,080000	19,910000	19,850000	19,789999	618,755005	0,023333	20,000000	100002,000000	23,000000
2816,000000	19,811348	0,000000	0,000000	0,000000	0,000000	24,488405	24,827337	23,598240	24,187634	23,864025	24,793053	21,064129	20,614552	21,958433	22,154186	23,489906	20,410000	23,359999	25,910000	23,539999	20,100000	20,080000	19,910000	19,840000	19,789999	611,585022	0,023243	20,000000	100002,000000	23,000000
2818,000000	19,806299	0,000000	0,000000	0,000000	0,000000	24,498512	24,822283	23,598240	24,187634	23,874149	24,798107	21,064129	20,619600	21,943264	21,998850	23,625010	20,410000	23,340000	25,920000	23,559999	20,100000	20,080000	19,910000	19,840000	19,789999	340282346638528860000000000000000000000,000000	0,023472	20,000000	100002,000000	23,000000
2820,000000	19,811348	0,000000	0,000000	0,000000	0,000000	24,493460	24,817209	23,598240	24,187634	23,874149	24,798107	21,143675	20,754715	21,953382	22,128918	23,494959	20,410000	23,379999	25,930000	23,539999	20,100000	20,080000	19,910000	19,840000	19,789999	340282346638528860000000000000000000000,000000	0,023676	20,000000	100002,000000	23,000000
2822,000000	19,806299	0,000000	0,000000	0,000000	0,000000	24,498512	24,832390	23,603291	24,187634	23,858971	24,793053	20,998463	20,624647	21,973600	22,128918	23,655342	20,410000	23,369999	25,930000	23,510000	20,100000	20,080000	19,910000	19,840000	19,789999	340282346638528860000000000000000000000,000000	0,023437	20,000000	100002,000000	23,000000
2824,000000	19,796207	0,000000	0,000000	0,000000	0,000000	24,498512	24,832390	23,588114	24,187634	23,853918	24,798107	21,143675	20,759764	21,978649	22,144066	23,675570	20,410000	23,420000	25,939999	23,529999	20,100000	20,080000	19,910000	19,830000	19,789999	340282346638528860000000000000000000000,000000	0,023530	20,000000	100002,000000	23,000000
2826,000000	19,801254	0,000000	0,000000	0,000000	0,000000	24,648819	24,842520	23,608343	24,192686	23,848866	24,688269	21,064129	20,769857	21,988749	22,174385	23,585953	20,410000	23,430000	25,949999	23,529999	20,090000	20,080000	19,900000	19,820000	19,789999	603,555054	0,023635	20,000000	100002,000000	22,900000
2828,000000	19,696459	0,000000	0,000000	0,000000	0,000000	24,658928	24,847572	23,613415	24,187634	23,838743	24,703449	21,064129	20,785019	22,139017	22,074654	23,575850	20,410000	23,439999	25,969999	23,510000	20,090000	20,080000	19,900000	19,820000	19,789999	604,136047	0,023410	20,000000	100002,000000	22,900000
2830,000000	19,711617	0,000000	0,000000	0,000000	0,000000	24,669054	24,852627	23,613415	24,187634	23,833691	24,703449	21,109600	20,810278	21,998850	22,084772	23,685673	20,410000	23,430000	25,969999	23,529999	20,090000	20,080000	19,900000	19,820000	19,789999	614,748047	0,023392	20,000000	100002,000000	22,900000
2832,000000	19,711617	0,000000	0,000000	0,000000	0,000000	24,658928	24,857679	23,618465	24,197739	23,853918	24,703449	21,069195	20,690325	21,998850	22,064554	23,565725	20,410000	23,439999	25,959999	23,510000	20,090000	20,080000	19,900000	19,820000	19,799999	340282346638528860000000000000000000000,000000	0,023506	20,000000	100002,000000	22,799999
2834,000000	19,716661	0,000000	0,000000	0,000000	0,000000	24,684214	24,867807	23,613415	24,192686	23,848866	24,693323	21,158819	20,810278	22,133968	22,064554	23,665466	20,410000	23,420000	25,990000	23,500000	20,080000	20,080000	19,900000	19,820000	19,809999	610,114014	0,023716	20,000000	100002,000000	22,799999
2836,000000	19,736868	0,000000	0,000000	0,000000	0,000000	24,569342	24,867807	23,603291	24,197739	23,843815	24,698395	21,158819	20,805210	22,144066	22,074654	23,670519	20,410000	23,400000	25,990000	23,490000	20,080000	20,080000	19,900000	19,820000	19,809999	340282346638528860000000000000000000000,000000	0,023494	20,000000	100002,000000	22,799999
2838,000000	19,726755	0,000000	0,000000	0,000000	0,000000	24,679159	24,867807	23,618465	24,197739	23,858971	24,703449	21,074244	20,785019	22,133968	22,174385	23,645239	20,410000	23,389999	25,969999	23,539999	20,080000	20,080000	19,900000	19,820000	19,809999	340282346638528860000000000000000000000,000000	0,023853	20,000000	100002,000000	22,799999
2840,000000	19,711617	0,000000	0,000000	0,000000	0,000000	24,679159	24,852627	23,608343	24,197739	23,858971	24,698395	21,079294	20,790068	21,983700	22,159237	23,630062	20,410000	23,379999	25,930000	23,539999	20,080000	20,070000	19,900000	19,820000	19,820000	612,549011	0,023961	20,000000	100002,000000	22,799999
2842,000000	19,696459	0,000000	0,000000	0,000000	0,000000	24,674107	24,852627	23,603291	24,197739	23,848866	24,698395	21,064129	20,779972	21,983700	22,164286	23,660393	20,410000	23,389999	25,949999	23,519999	20,080000	20,070000	19,900000	19,820000	19,809999	605,507019	0,023716	20,000000	100002,000000	22,799999
2844,000000	19,696459	0,000000	0,000000	0,000000	0,000000	24,684214	24,867807	23,603291	24,202812	23,848866	24,693323	21,163887	20,764811	22,144066	22,084772	23,660393	20,410000	23,389999	25,959999	23,480000	20,080000	20,070000	19,900000	19,830000	19,809999	340282346638528860000000000000000000000,000000	0,023505	20,000000	100002,000000	22,799999
2846,000000	19,711617	0,000000	0,000000	0,000000	0,000000	24,679159	24,867807	23,613415	24,197739	23,838743	24,698395	21,184080	20,774904	22,149117	22,094873	23,570799	20,410000	23,420000	25,959999	23,490000	20,080000	20,070000	19,900000	19,850000	19,799999	617,794006	0,023092	20,000000	100002,000000	22,900000
2848,000000	19,711617	0,000000	0,000000	0,000000	0,000000	24,674107	24,867807	23,608343	24,197739	23,843815	24,708502	21,104553	20,769857	22,149117	22,099922	23,621338	20,410000	23,469999	25,949999	23,500000	20,080000	20,070000	19,900000	19,859999	19,799999	340282346638528860000000000000000000000,000000	0,023231	20,000000	100002,000000	22,900000
2850,000000	19,716661	0,000000	0,000000	0,000000	0,000000	24,674107	24,867807	23,623520	24,197739	23,838743	24,708502	21,114651	20,769857	22,149117	22,110022	23,781740	20,410000	23,490000	25,939999	23,500000	20,080000	20,070000	19,900000	19,859999	19,799999	617,371033	0,023307	20,000000	100002,000000	22,900000
2852,000000	19,706551	0,000000	0,000000	0,000000	0,000000	24,658928	24,852627	23,623520	24,207865	23,843815	24,708502	21,275028	20,779972	22,133968	22,179434	23,786793	20,410000	23,529999	25,959999	23,510000	20,080000	20,070000	19,900000	19,850000	19,809999	595,209045	0,023573	20,000000	100002,000000	22,900000
2854,000000	19,811348	0,000000	0,000000	0,000000	0,000000	24,653872	24,847572	23,618465	24,197739	23,853918	24,713556	21,089390	20,779972	21,988749	22,174385	23,812075	20,410000	23,559999	25,949999	23,549999	20,080000	20,070000	19,900000	19,840000	19,809999	618,032043	0,023727	20,000000	100002,000000	22,900000
2856,000000	19,691414	0,000000	0,000000	0,000000	0,000000	24,638693	24,837444	23,623520	24,197739	23,858971	24,713556	21,168936	20,779972	21,978649	22,139017	23,807022	20,410000	23,559999	25,939999	23,549999	20,080000	20,070000	19,900000	19,840000	19,809999	610,750000	0,023890	20,000000	100002,000000	22,900000
2858,000000	19,716661	0,000000	0,000000	0,000000	0,000000	24,643747	24,837444	23,618465	24,207865	24,004200	24,708502	21,128510	20,779972	21,973600	22,139017	23,807022	20,410000	23,549999	25,969999	23,539999	20,080000	20,070000	19,900000	19,830000	19,809999	340282346638528860000000000000000000000,000000	0,023294	20,000000	100002,000000	22,900000
2860,000000	19,726755	0,000000	0,000000	0,000000	0,000000	24,638693	24,837444	23,618465	24,202812	24,009253	24,718611	20,993414	20,790068	21,978649	22,139017	23,796898	20,410000	23,570000	25,980000	23,539999	20,070000	20,070000	19,900000	19,840000	19,809999	340282346638528860000000000000000000000,000000	0,023938	20,000000	100006,000000	22,900000
2862,000000	19,721710	0,000000	0,000000	0,000000	0,000000	24,633640	24,832390	23,618465	24,207865	23,874149	24,703449	20,998463	20,790068	21,988749	22,169334	23,761515	20,410000	23,519999	25,980000	23,519999	20,070000	20,070000	19,900000	19,840000	19,809999	622,944031	0,023774	20,000000	100002,000000	22,900000
2864,000000	19,731821	0,000000	0,000000	0,000000	0,000000	24,648819	24,852627	23,618465	24,202812	23,869078	24,693323	20,993414	20,795116	21,993799	22,149117	23,611233	20,410000	23,510000	25,980000	23,519999	20,070000	20,070000	19,889999	19,840000	19,809999	340282346638528860000000000000000000000,000000	0,023405	20,000000	100002,000000	22,900000
2866,000000	19,726755	0,000000	0,000000	0,000000	0,000000	24,643747	24,852627	23,623520	24,202812	23,874149	24,708502	21,133560	20,785019	21,998850	22,154186	23,611233	20,410000	23,490000	25,969999	23,510000	20,070000	20,070000	19,889999	19,830000	19,809999	602,864014	0,023335	20,000000	100002,000000	22,900000
2868,000000	19,736868	0,000000	0,000000	0,000000	0,000000	24,653872	24,852627	23,603291	24,207865	24,004200	24,708502	20,988367	20,779972	22,133968	22,164286	23,611233	20,410000	23,510000	25,969999	23,500000	20,070000	20,070000	19,889999	19,840000	19,809999	340282346638528860000000000000000000000,000000	0,023536	20,000000	100002,000000	23,000000
2870,000000	19,731821	0,000000	0,000000	0,000000	0,000000	24,663980	24,872864	23,608343	24,207865	23,874149	24,698395	20,988367	20,785019	22,164286	22,084772	23,756460	20,410000	23,500000	25,980000	23,480000	20,070000	20,059999	19,889999	19,840000	19,809999	617,795044	0,023389	20,000000	100006,000000	23,000000
2872,000000	19,741913	0,000000	0,000000	0,000000	0,000000	24,653872	24,872864	23,618465	24,202812	23,853918	24,708502	20,998463	20,790068	22,084772	22,260290	23,781740	20,410000	23,519999	26,010000	23,459999	20,070000	20,070000	19,889999	19,840000	19,809999	603,507019	0,023445	20,000000	100002,000000	23,000000
2874,000000	19,887119	0,000000	0,000000	0,000000	0,000000	24,658928	24,872864	23,618465	24,207865	23,833691	24,713556	21,138628	20,800163	22,104971	22,295679	23,796898	20,410000	23,539999	26,029999	23,469999	20,070000	20,070000	19,889999	19,840000	19,820000	615,123047	0,023196	20,000000	100006,000000	23,000000
2876,000000	19,887119	0,000000	0,000000	0,000000	0,000000	24,653872	24,867807	23,618465	24,207865	23,838743	24,718611	21,128510	20,790068	22,099922	22,280508	23,801950	20,410000	23,519999	26,029999	23,490000	20,070000	20,070000	19,889999	19,850000	19,809999	596,747009	0,023127	20,000000	100006,000000	23,000000
2878,000000	19,892164	0,000000	0,000000	0,000000	0,000000	24,663980	24,872864	23,758644	24,207865	23,853918	24,713556	20,998463	20,805210	22,099922	22,110022	23,712355	20,410000	23,529999	26,029999	23,510000	20,070000	20,070000	19,889999	19,840000	19,820000	615,192017	0,023287	20,000000	100006,000000	23,000000
2880,000000	19,882072	0,000000	0,000000	0,000000	0,000000	24,658928	24,867807	23,753572	24,207865	23,864025	24,718611	20,993414	20,790068	22,084772	22,084772	23,712355	20,410000	23,580000	26,000000	23,510000	20,070000	20,070000	19,889999	19,850000	19,820000	340282346638528860000000000000000000000,000000	0,023408	20,000000	100002,000000	23,000000
2882,000000	19,882072	0,000000	0,000000	0,000000	0,000000	24,653872	24,867807	23,763695	24,207865	23,864025	24,723684	20,998463	20,779972	22,074654	22,094873	23,796898	20,410000	23,570000	26,000000	23,510000	20,070000	20,070000	19,889999	19,850000	19,820000	603,710022	0,023422	20,000000	100002,000000	23,000000
2884,000000	19,736868	0,000000	0,000000	0,000000	0,000000	24,653872	24,852627	23,623520	24,217972	23,869078	24,728737	21,133560	20,764811	22,169334	22,069603	23,771618	20,410000	23,519999	25,980000	23,510000	20,070000	20,070000	19,889999	19,850000	19,820000	340282346638528860000000000000000000000,000000	0,023532	20,000000	100002,000000	23,000000
2886,000000	19,726755	0,000000	0,000000	0,000000	0,000000	24,628588	24,857679	23,613415	24,212919	23,853918	24,723684	21,138628	20,759764	22,164286	22,174385	23,791847	20,410000	23,549999	25,980000	23,510000	20,070000	20,070000	19,889999	19,850000	19,820000	340282346638528860000000000000000000000,000000	0,023478	20,000000	100002,000000	23,000000
2888,000000	19,706551	0,000000	0,000000	0,000000	0,000000	24,643747	24,847572	23,618465	24,212919	23,858971	24,723684	21,168936	20,764811	22,144066	22,169334	23,737637	20,410000	23,570000	25,959999	23,519999	20,070000	20,070000	19,889999	19,850000	19,820000	623,235046	0,023186	20,000000	100002,000000	23,000000
2890,000000	19,701506	0,000000	0,000000	0,000000	0,000000	24,638693	24,852627	23,623520	24,212919	23,853918	24,728737	21,158819	20,785019	22,128918	22,169334	23,697178	20,400000	23,600000	25,949999	23,529999	20,070000	20,070000	19,889999	19,850000	19,820000	340282346638528860000000000000000000000,000000	0,023442	20,000000	100002,000000	23,000000
2892,000000	19,711617	0,000000	0,000000	0,000000	0,000000	24,648819	24,857679	23,768747	24,212919	23,848866	24,723684	21,133560	20,795116	22,149117	22,079702	23,812075	20,400000	23,559999	25,969999	23,500000	20,070000	20,070000	19,889999	19,850000	19,820000	340282346638528860000000000000000000000,000000	0,023674	20,000000	100002,000000	23,000000
2894,000000	19,721710	0,000000	0,000000	0,000000	0,000000	24,669054	25,007990	23,768747	24,223024	23,843815	24,713556	20,998463	20,795116	22,179434	22,104971	23,796898	20,400000	23,559999	25,969999	23,500000	20,070000	20,070000	19,889999	19,859999	19,809999	340282346638528860000000000000000000000,000000	0,023474	20,000000	100002,000000	23,000000
2896,000000	19,731821	0,000000	0,000000	0,000000	0,000000	24,674107	25,013042	23,753572	24,217972	23,828638	24,723684	21,128510	20,779972	22,074654	22,089821	23,801950	20,400000	23,549999	25,990000	23,469999	20,070000	20,070000	19,889999	19,859999	19,809999	600,593018	0,023412	20,000000	100002,000000	23,000000
2898,000000	19,741913	0,000000	0,000000	0,000000	0,000000	24,684214	25,018097	23,623520	24,217972	23,833691	24,718611	21,128510	20,790068	22,084772	22,079702	23,692125	20,400000	23,590000	25,990000	23,469999	20,059999	20,070000	19,889999	19,859999	19,799999	616,369019	0,023472	20,000000	100002,000000	23,000000
2900,000000	19,746960	0,000000	0,000000	0,000000	0,000000	24,669054	25,007990	23,623520	24,217972	23,853918	24,713556	20,998463	20,795116	22,074654	22,079702	23,727510	20,400000	23,600000	26,000000	23,480000	20,070000	20,070000	19,889999	19,850000	19,799999	593,451050	0,023313	20,000000	100002,000000	23,000000
2902,000000	19,882072	0,000000	0,000000	0,000000	0,000000	24,669054	25,023151	23,758644	24,212919	23,848866	24,723684	20,993414	20,810278	22,074654	22,099922	23,737637	20,400000	23,609999	26,010000	23,490000	20,070000	20,080000	19,889999	19,869999	19,799999	340282346638528860000000000000000000000,000000	0,023504	20,000000	100002,000000	23,000000
2904,000000	19,882072	0,000000	0,000000	0,000000	0,000000	24,658928	25,013042	23,623520	24,217972	23,858971	24,743898	20,998463	20,690325	22,069603	22,099922	23,898022	20,400000	23,609999	26,010000	23,500000	20,070000	20,080000	19,889999	19,859999	19,799999	604,220032	0,023777	20,000000	100006,000000	23,000000
2906,000000	19,892164	0,000000	0,000000	0,000000	0,000000	24,653872	24,872864	23,773798	24,217972	23,864025	24,743898	21,133560	20,805210	22,184505	22,094873	23,903074	20,400000	23,650000	26,019999	23,519999	20,070000	20,080000	19,889999	19,859999	19,799999	340282346638528860000000000000000000000,000000	0,023351	20,000000	100006,000000	23,000000
2908,000000	19,882072	0,000000	0,000000	0,000000	0,000000	24,658928	24,867807	23,773798	24,217972	23,864025	24,748953	21,133560	20,805210	22,174385	22,104971	23,742689	20,400000	23,629999	26,029999	23,529999	20,059999	20,080000	19,889999	19,859999	19,799999	591,916016	0,023291	20,000000	100002,000000	23,000000
2910,000000	19,741913	0,000000	0,000000	0,000000	0,000000	24,658928	24,862753	23,773798	24,217972	23,853918	24,879026	20,993414	20,790068	22,179434	22,099922	23,737637	20,400000	23,629999	26,029999	23,529999	20,059999	20,080000	19,889999	19,869999	19,799999	340282346638528860000000000000000000000,000000	0,023419	20,000000	100002,000000	23,000000
2912,000000	19,877026	0,000000	0,000000	0,000000	0,000000	24,648819	24,867807	23,768747	24,223024	23,853918	24,748953	20,983299	20,795116	22,184505	22,255241	23,742689	20,400000	23,600000	26,039999	23,519999	20,059999	20,080000	19,889999	19,910000	19,809999	608,334045	0,023294	20,000000	100006,000000	23,000000
2914,000000	19,887119	0,000000	0,000000	0,000000	0,000000	24,643747	24,867807	23,778872	24,223024	23,864025	24,884081	20,978251	20,800163	22,079702	22,265360	23,877792	20,400000	23,629999	26,039999	23,519999	20,059999	20,080000	19,889999	19,920000	19,820000	616,496033	0,023573	20,000000	100006,000000	23,000000
2916,000000	19,912388	0,000000	0,000000	0,000000	0,000000	24,648819	25,002916	23,768747	24,223024	23,858971	24,879026	20,988367	20,810278	22,110022	22,275459	23,877792	20,400000	23,609999	26,059999	23,490000	20,059999	20,080000	19,889999	19,910000	19,820000	340282346638528860000000000000000000000,000000	0,023218	20,000000	100006,000000	23,000000
2918,000000	19,897230	0,000000	0,000000	0,000000	0,000000	24,658928	24,872864	23,768747	24,228096	23,874149	24,879026	21,128510	20,695372	22,104971	22,270409	23,732584	20,400000	23,629999	26,080000	23,500000	20,059999	20,080000	19,889999	19,889999	19,820000	573,471008	0,023490	20,000000	100006,000000	22,900000
2920,000000	19,892164	0,000000	0,000000	0,000000	0,000000	24,674107	25,007990	23,788977	24,228096	23,864025	24,889133	21,133560	20,710535	22,089821	22,285561	23,887918	20,400000	23,619999	26,070000	23,519999	20,059999	20,090000	19,889999	19,879999	19,820000	340282346638528860000000000000000000000,000000	0,023560	20,000000	100006,000000	22,900000
2922,000000	19,882072	0,000000	0,000000	0,000000	0,000000	24,674107	25,013042	23,783924	24,228096	23,874149	24,889133	21,133560	20,695372	22,094873	22,270409	23,732584	20,400000	23,609999	26,049999	23,519999	20,070000	20,090000	19,889999	19,869999	19,820000	616,630005	0,023463	20,000000	100006,000000	22,900000
2924,000000	19,746960	0,000000	0,000000	0,000000	0,000000	24,674107	25,007990	23,778872	24,228096	23,874149	24,879026	21,143675	20,810278	22,074654	22,110022	23,732584	20,400000	23,590000	26,039999	23,529999	20,059999	20,090000	19,889999	19,869999	19,820000	340282346638528860000000000000000000000,000000	0,023761	20,000000	100006,000000	22,900000
2926,000000	19,731821	0,000000	0,000000	0,000000	0,000000	24,679159	24,872864	23,773798	24,238201	24,009253	24,879026	21,138628	20,795116	22,179434	22,089821	23,722460	20,400000	23,590000	26,019999	23,529999	20,059999	20,090000	19,889999	19,859999	19,830000	340282346638528860000000000000000000000,000000	0,023605	20,000000	100002,000000	22,900000
2928,000000	19,731821	0,000000	0,000000	0,000000	0,000000	24,679159	25,002916	23,778872	24,238201	23,869078	24,743898	21,153770	20,785019	22,174385	22,079702	23,807022	20,400000	23,570000	26,019999	23,519999	20,070000	20,090000	19,889999	19,869999	19,830000	340282346638528860000000000000000000000,000000	0,023573	20,000000	100002,000000	22,900000
2930,000000	19,721710	0,000000	0,000000	0,000000	0,000000	24,684214	25,002916	23,768747	24,233149	23,864025	24,743898	21,168936	20,790068	22,169334	22,079702	23,807022	20,400000	23,519999	25,980000	23,519999	20,070000	20,080000	19,889999	19,879999	19,830000	340282346638528860000000000000000000000,000000	0,023180	20,000000	100002,000000	22,900000
2932,000000	19,716661	0,000000	0,000000	0,000000	0,000000	24,658928	24,872864	23,763695	24,228096	23,858971	24,743898	21,158819	20,790068	22,154186	22,179434	23,692125	20,400000	23,539999	25,980000	23,529999	20,070000	20,080000	19,900000	19,879999	19,830000	620,179016	0,023440	20,000000	100002,000000	22,900000
2934,000000	19,711617	0,000000	0,000000	0,000000	0,000000	24,663980	24,867807	23,763695	24,233149	23,869078	24,738844	21,158819	20,785019	22,128918	22,169334	23,707304	20,400000	23,590000	25,969999	23,559999	20,080000	20,080000	19,900000	19,889999	19,830000	340282346638528860000000000000000000000,000000	0,023360	20,000000	100002,000000	22,900000
2936,000000	19,706551	0,000000	0,000000	0,000000	0,000000	24,643747	24,857679	23,758644	24,228096	24,004200	24,723684	21,064129	20,779972	22,128918	22,074654	23,776690	20,400000	23,570000	25,969999	23,570000	20,080000	20,080000	19,900000	19,920000	19,830000	618,925049	0,023606	20,000000	100002,000000	22,900000
2938,000000	19,716661	0,000000	0,000000	0,000000	0,000000	24,658928	24,867807	23,768747	24,228096	24,004200	24,713556	21,099504	20,759764	22,128918	22,084772	23,585953	20,400000	23,500000	25,969999	23,549999	20,080000	20,080000	19,900000	19,939999	19,830000	596,811035	0,023666	20,000000	100006,000000	23,000000
2940,000000	19,706551	0,000000	0,000000	0,000000	0,000000	24,638693	24,857679	23,763695	24,223024	24,004200	24,708502	21,094458	20,759764	21,993799	22,094873	23,606182	20,400000	23,439999	25,939999	23,559999	20,080000	20,090000	19,900000	19,959999	19,830000	340282346638528860000000000000000000000,000000	0,023190	20,000000	100002,000000	23,000000
2942,000000	19,706551	0,000000	0,000000	0,000000	0,000000	24,648819	24,852627	23,773798	24,228096	23,874149	24,718611	21,163887	20,754715	22,128918	22,104971	23,606182	20,400000	23,469999	25,949999	23,559999	20,080000	20,090000	19,900000	19,969999	19,830000	340282346638528860000000000000000000000,000000	0,023487	20,000000	100006,000000	23,000000
2944,000000	19,706551	0,000000	0,000000	0,000000	0,000000	24,658928	24,857679	23,758644	24,223024	23,864025	24,728737	21,138628	20,769857	22,149117	22,110022	23,771618	20,400000	23,500000	25,980000	23,529999	20,090000	20,090000	19,900000	19,980000	19,830000	340282346638528860000000000000000000000,000000	0,023532	20,000000	100002,000000	23,000000
2946,000000	19,706551	0,000000	0,000000	0,000000	0,000000	24,653872	24,862753	23,758644	24,228096	23,869078	24,718611	21,143675	20,754715	22,149117	22,094873	23,606182	20,400000	23,500000	25,969999	23,529999	20,090000	20,090000	19,910000	19,990000	19,830000	596,284058	0,023578	20,000000	100006,000000	23,000000
2948,000000	19,716661	0,000000	0,000000	0,000000	0,000000	24,658928	24,862753	23,768747	24,223024	24,019360	24,728737	21,158819	20,759764	22,139017	22,074654	23,575850	20,400000	23,449999	25,980000	23,539999	20,090000	20,090000	19,910000	19,990000	19,830000	604,751038	0,023314	20,000000	100006,000000	23,000000
2950,000000	19,711617	0,000000	0,000000	0,000000	0,000000	24,648819	24,852627	23,763695	24,223024	24,034536	24,728737	21,148724	20,769857	22,128918	22,154186	23,616285	20,400000	23,439999	25,959999	23,570000	20,090000	20,090000	19,910000	19,990000	19,830000	340282346638528860000000000000000000000,000000	0,023107	20,000000	100006,000000	23,000000
2952,000000	19,716661	0,000000	0,000000	0,000000	0,000000	24,638693	24,837444	23,763695	24,228096	24,044640	24,733791	21,148724	20,774904	21,978649	21,983700	23,776690	20,400000	23,510000	25,949999	23,600000	20,100000	20,100000	19,910000	19,980000	19,820000	617,925049	0,023485	20,000000	100006,000000	23,000000
2954,000000	19,711617	0,000000	0,000000	0,000000	0,000000	24,633640	24,817209	23,758644	24,228096	23,944923	24,723684	21,079294	20,764811	21,958433	21,968533	23,801950	20,400000	23,549999	25,939999	23,629999	20,100000	20,100000	19,910000	19,969999	19,820000	340282346638528860000000000000000000000,000000	0,023551	20,000000	100006,000000	23,000000
2956,000000	19,711617	0,000000	0,000000	0,000000	0,000000	24,498512	24,822283	23,758644	24,233149	24,044640	24,723684	21,173985	20,764811	21,973600	22,149117	23,801950	20,400000	23,559999	25,939999	23,590000	20,100000	20,100000	19,920000	19,969999	19,809999	340282346638528860000000000000000000000,000000	0,023362	20,000000	100006,000000	23,000000
2958,000000	19,711617	0,000000	0,000000	0,000000	0,000000	24,638693	24,827337	23,758644	24,228096	24,009253	24,723684	21,133560	20,774904	21,988749	22,179434	23,791847	20,400000	23,549999	25,959999	23,549999	20,100000	20,100000	19,920000	19,980000	19,809999	340282346638528860000000000000000000000,000000	0,023325	20,000000	100006,000000	23,000000
2960,000000	19,721710	0,000000	0,000000	0,000000	0,000000	24,628588	24,847572	23,758644	24,223024	23,874149	24,733791	21,143675	20,785019	22,128918	22,089821	23,796898	20,400000	23,559999	25,969999	23,539999	20,100000	20,100000	19,920000	19,980000	19,820000	340282346638528860000000000000000000000,000000	0,023702	20,000000	100006,000000	23,000000
2962,000000	19,731821	0,000000	0,000000	0,000000	0,000000	24,643747	24,847572	23,753572	24,223024	23,869078	24,743898	21,128510	20,779972	22,159237	22,089821	23,751408	20,400000	23,519999	26,010000	23,539999	20,100000	20,100000	19,920000	19,980000	19,820000	340282346638528860000000000000000000000,000000	0,023381	20,000000	100006,000000	23,000000
2964,000000	19,736868	0,000000	0,000000	0,000000	0,000000	24,658928	24,857679	23,763695	24,223024	23,869078	24,738844	21,128510	20,769857	22,164286	22,094873	23,616285	20,400000	23,480000	26,010000	23,519999	20,109999	20,109999	19,920000	19,969999	19,820000	606,141052	0,023332	20,000000	100006,000000	23,000000
2966,000000	19,741913	0,000000	0,000000	0,000000	0,000000	24,658928	24,872864	23,768747	24,223024	23,869078	24,738844	20,998463	20,774904	22,169334	22,115089	23,781740	20,400000	23,490000	26,000000	23,519999	20,100000	20,109999	19,930000	20,010000	19,820000	607,748047	0,023026	20,000000	100006,000000	23,000000
2968,000000	19,746960	0,000000	0,000000	0,000000	0,000000	24,648819	24,867807	23,763695	24,223024	23,874149	24,879026	21,133560	20,795116	22,169334	22,084772	23,786793	20,400000	23,519999	26,000000	23,529999	20,109999	20,109999	19,930000	20,000000	19,830000	340282346638528860000000000000000000000,000000	0,023562	20,000000	100006,000000	22,900000
2970,000000	19,746960	0,000000	0,000000	0,000000	0,000000	24,658928	24,857679	23,768747	24,223024	24,019360	24,738844	21,143675	20,779972	22,159237	22,064554	23,756460	20,400000	23,519999	26,010000	23,570000	20,109999	20,109999	19,930000	20,029999	19,820000	580,888000	0,023131	20,000000	100006,000000	22,900000
2972,000000	19,882072	0,000000	0,000000	0,000000	0,000000	24,658928	24,857679	23,763695	24,233149	24,019360	24,738844	21,143675	20,779972	22,174385	22,084772	23,786793	20,400000	23,510000	26,000000	23,549999	20,109999	20,119999	19,930000	20,059999	19,820000	340282346638528860000000000000000000000,000000	0,023290	20,000000	100006,000000	22,900000
2974,000000	19,882072	0,000000	0,000000	0,000000	0,000000	24,658928	24,857679	23,778872	24,228096	24,024431	24,743898	21,148724	20,790068	22,169334	22,089821	23,697178	20,400000	23,549999	26,010000	23,559999	20,109999	20,109999	19,930000	20,059999	19,809999	340282346638528860000000000000000000000,000000	0,023435	20,000000	100006,000000	22,900000
2976,000000	19,877026	0,000000	0,000000	0,000000	0,000000	24,648819	24,867807	23,778872	24,228096	24,034536	24,743898	21,143675	20,805210	22,164286	22,079702	23,781740	20,400000	23,580000	26,010000	23,570000	20,109999	20,119999	19,930000	20,080000	19,809999	340282346638528860000000000000000000000,000000	0,023254	20,000000	100002,000000	22,900000
2978,000000	19,741913	0,000000	0,000000	0,000000	0,000000	24,653872	24,852627	23,778872	24,233149	24,039587	24,748953	21,143675	20,805210	22,149117	22,159237	23,756460	20,400000	23,510000	25,990000	23,590000	20,109999	20,109999	19,939999	20,070000	19,820000	340282346638528860000000000000000000000,000000	0,023537	20,000000	100002,000000	22,900000
2980,000000	19,877026	0,000000	0,000000	0,000000	0,000000	24,658928	24,862753	23,783924	24,228096	24,039587	24,748953	21,153770	20,810278	22,149117	22,169334	23,702232	20,400000	23,559999	25,990000	23,570000	20,109999	20,119999	19,939999	20,049999	19,820000	594,290039	0,023579	20,000000	100002,000000	22,900000
2983,000000	19,902277	0,000000	0,000000	0,000000	0,000000	24,658928	24,867807	23,773798	24,228096	24,029484	24,879026	21,163887	20,710535	22,159237	22,064554	23,812075	20,400000	23,570000	26,010000	23,559999	20,109999	20,119999	19,939999	20,020000	19,820000	622,972046	0,023544	20,000000	100006,000000	22,900000
2985,000000	19,892164	0,000000	0,000000	0,000000	0,000000	24,669054	24,867807	23,778872	24,233149	24,019360	24,748953	21,153770	20,700422	22,164286	22,079702	23,776690	20,400000	23,549999	26,029999	23,570000	20,109999	20,119999	19,930000	20,000000	19,820000	340282346638528860000000000000000000000,000000	0,023450	20,000000	100006,000000	23,000000
2987,000000	19,902277	0,000000	0,000000	0,000000	0,000000	24,674107	24,867807	23,783924	24,233149	24,024431	24,748953	21,173985	20,695372	22,149117	22,179434	23,801950	20,389999	23,519999	26,019999	23,549999	20,109999	20,119999	19,939999	19,990000	19,809999	620,465027	0,023765	20,000000	100002,000000	23,000000
2989,000000	19,897230	0,000000	0,000000	0,000000	0,000000	24,658928	24,867807	23,788977	24,238201	24,024431	24,743898	21,089390	20,690325	22,144066	22,154186	23,707304	20,389999	23,559999	26,010000	23,590000	20,109999	20,119999	19,939999	19,980000	19,809999	340282346638528860000000000000000000000,000000	0,023592	20,000000	100002,000000	23,000000
2991,000000	19,887119	0,000000	0,000000	0,000000	0,000000	24,653872	24,842520	23,783924	24,233149	24,029484	24,879026	21,109600	20,800163	21,988749	22,144066	23,801950	20,389999	23,570000	25,990000	23,619999	20,119999	20,119999	19,939999	19,969999	19,809999	579,022034	0,023703	20,000000	100002,000000	23,000000
2993,000000	19,892164	0,000000	0,000000	0,000000	0,000000	24,653872	24,837444	23,778872	24,238201	24,029484	24,738844	21,264912	20,785019	21,983700	21,998850	23,616285	20,389999	23,519999	25,980000	23,619999	20,119999	20,119999	19,939999	19,969999	19,809999	600,781006	0,023501	20,000000	100002,000000	23,000000
2995,000000	19,882072	0,000000	0,000000	0,000000	0,000000	24,653872	24,822283	23,773798	24,233149	24,029484	24,728737	21,295221	20,774904	21,973600	22,154186	23,601128	20,389999	23,459999	25,980000	23,600000	20,109999	20,119999	19,939999	19,949999	19,809999	340282346638528860000000000000000000000,000000	0,023673	20,000000	100002,000000	23,000000
2997,000000	19,892164	0,000000	0,000000	0,000000	0,000000	24,648819	24,817209	23,768747	24,238201	24,024431	24,723684	21,295221	20,759764	21,963482	22,154186	23,616285	20,389999	23,459999	25,959999	23,600000	20,119999	20,119999	19,939999	19,949999	19,809999	340282346638528860000000000000000000000,000000	0,023727	20,000000	100002,000000	23,000000
2999,000000	19,892164	0,000000	0,000000	0,000000	0,000000	24,643747	24,822283	23,773798	24,233149	24,029484	24,718611	21,269960	20,769857	21,963482	22,149117	23,570799	20,389999	23,480000	25,969999	23,600000	20,119999	20,119999	19,939999	19,949999	19,809999	620,265015	0,023748	20,000000	100002,000000	23,000000
3001,000000	19,887119	0,000000	0,000000	0,000000	0,000000	24,658928	24,822283	23,768747	24,238201	24,029484	24,723684	21,094458	20,759764	21,973600	22,164286	23,670519	20,389999	23,430000	25,949999	23,590000	20,119999	20,119999	19,939999	19,949999	19,809999	340282346638528860000000000000000000000,000000	0,023339	20,000000	100002,000000	23,000000
3003,000000	19,877026	0,000000	0,000000	0,000000	0,000000	24,658928	24,832390	23,758644	24,233149	24,039587	24,723684	21,069195	20,754715	21,978649	22,159237	23,635115	20,400000	23,379999	25,959999	23,570000	20,119999	20,119999	19,939999	19,949999	19,809999	611,365051	0,023176	20,000000	100002,000000	23,000000
3005,000000	19,746960	0,000000	0,000000	0,000000	0,000000	24,658928	24,837444	23,763695	24,233149	24,029484	24,718611	21,089390	20,764811	21,988749	22,164286	23,585953	20,389999	23,410000	25,959999	23,559999	20,119999	20,109999	19,939999	19,949999	19,809999	340282346638528860000000000000000000000,000000	0,023484	20,000000	100002,000000	23,000000
3007,000000	19,731821	0,000000	0,000000	0,000000	0,000000	24,628588	24,832390	23,768747	24,238201	24,044640	24,718611	21,069195	20,769857	21,993799	22,179434	23,751408	20,389999	23,459999	25,959999	23,580000	20,119999	20,119999	19,939999	19,939999	19,809999	598,463013	0,023457	20,000000	100002,000000	23,000000
3009,000000	19,731821	0,000000	0,000000	0,000000	0,000000	24,628588	24,837444	23,773798	24,228096	24,024431	24,718611	21,168936	20,779972	22,149117	22,089821	23,776690	20,389999	23,500000	25,990000	23,539999	20,129999	20,119999	19,939999	19,939999	19,809999	568,206055	0,023668	20,000000	100002,000000	23,000000
3011,000000	19,716661	0,000000	0,000000	0,000000	0,000000	24,643747	24,852627	23,768747	24,228096	24,024431	24,713556	21,064129	20,795116	22,149117	22,079702	23,692125	20,389999	23,549999	26,000000	23,559999	20,129999	20,119999	19,949999	19,939999	19,809999	622,586060	0,023520	20,000000	100002,000000	23,000000
3013,000000	19,731821	0,000000	0,000000	0,000000	0,000000	24,633640	24,857679	23,768747	24,228096	24,019360	24,723684	21,173985	20,800163	22,144066	22,079702	23,692125	20,389999	23,580000	26,000000	23,570000	20,129999	20,119999	19,949999	19,939999	19,809999	595,470032	0,023385	20,000000	100006,000000	23,000000
3015,000000	19,736868	0,000000	0,000000	0,000000	0,000000	24,653872	24,847572	23,768747	24,228096	24,019360	24,723684	21,079294	20,695372	22,144066	22,104971	23,807022	20,389999	23,549999	26,010000	23,559999	20,129999	20,119999	19,939999	19,949999	19,809999	340282346638528860000000000000000000000,000000	0,023686	20,000000	100002,000000	23,000000
3017,000000	19,736868	0,000000	0,000000	0,000000	0,000000	24,658928	24,857679	23,788977	24,233149	24,014305	24,728737	21,089390	20,695372	22,144066	22,250189	23,812075	20,389999	23,559999	26,029999	23,559999	20,129999	20,119999	19,939999	19,949999	19,809999	340282346638528860000000000000000000000,000000	0,023827	20,000000	100002,000000	23,000000
3019,000000	19,877026	0,000000	0,000000	0,000000	0,000000	24,658928	24,862753	23,788977	24,233149	24,014305	24,743898	21,114651	20,700422	22,159237	22,104971	23,727510	20,389999	23,580000	26,029999	23,570000	20,129999	20,109999	19,949999	19,949999	19,809999	616,757019	0,023789	20,000000	100006,000000	23,000000
3021,000000	19,887119	0,000000	0,000000	0,000000	0,000000	24,663980	24,872864	23,794027	24,238201	24,024431	24,879026	21,094458	20,700422	22,154186	22,094873	23,712355	20,389999	23,619999	26,039999	23,580000	20,129999	20,109999	19,949999	19,980000	19,799999	340282346638528860000000000000000000000,000000	0,023698	20,000000	100006,000000	23,000000
3023,000000	19,882072	0,000000	0,000000	0,000000	0,000000	24,574394	25,002916	23,788977	24,233149	24,014305	24,748953	21,074244	20,700422	22,169334	22,120140	23,737637	20,389999	23,590000	26,019999	23,559999	20,129999	20,109999	19,939999	19,969999	19,809999	340282346638528860000000000000000000000,000000	0,023292	20,000000	100002,000000	23,000000
3025,000000	19,887119	0,000000	0,000000	0,000000	0,000000	24,564287	25,007990	23,799099	24,243258	24,009253	24,733791	21,079294	20,700422	22,174385	22,104971	23,707304	20,389999	23,660000	26,019999	23,559999	20,139999	20,109999	19,949999	19,959999	19,809999	340282346638528860000000000000000000000,000000	0,023389	20,000000	100002,000000	23,000000
3027,000000	19,892164	0,000000	0,000000	0,000000	0,000000	24,569342	25,007990	23,794027	24,243258	23,869078	24,723684	21,173985	20,810278	22,069603	22,250189	23,591005	20,389999	23,549999	26,019999	23,539999	20,129999	20,109999	19,949999	19,959999	19,809999	340282346638528860000000000000000000000,000000	0,023386	20,000000	100002,000000	23,000000
3029,000000	19,882072	0,000000	0,000000	0,000000	0,000000	24,569342	25,018097	23,783924	24,238201	23,843815	24,723684	21,089390	20,805210	22,079702	22,270409	23,565725	20,389999	23,459999	26,019999	23,510000	20,139999	20,109999	19,949999	19,949999	19,809999	340282346638528860000000000000000000000,000000	0,023899	20,000000	100006,000000	23,000000
3031,000000	19,877026	0,000000	0,000000	0,000000	0,000000	24,574394	25,033279	23,783924	24,238201	23,853918	24,723684	21,084341	20,690325	22,174385	22,064554	23,585953	20,389999	23,439999	25,990000	23,539999	20,139999	20,109999	19,939999	19,930000	19,809999	609,545044	0,023543	20,000000	100006,000000	23,000000
3033,000000	19,746960	0,000000	0,000000	0,000000	0,000000	24,564287	25,013042	23,773798	24,238201	23,874149	24,728737	21,179031	20,810278	22,159237	22,174385	23,565725	20,389999	23,439999	25,980000	23,570000	20,139999	20,109999	19,949999	19,930000	19,809999	340282346638528860000000000000000000000,000000	0,023712	20,000000	100006,000000	23,000000
3035,000000	19,736868	0,000000	0,000000	0,000000	0,000000	24,579447	25,007990	23,778872	24,238201	24,004200	24,718611	21,084341	20,790068	22,149117	22,074654	23,675570	20,389999	23,420000	25,969999	23,570000	20,139999	20,109999	19,949999	19,939999	19,809999	340282346638528860000000000000000000000,000000	0,023820	20,000000	100006,000000	23,000000
3037,000000	19,736868	0,000000	0,000000	0,000000	0,000000	24,564287	25,007990	23,773798	24,238201	24,004200	24,718611	21,109600	20,774904	22,149117	22,099922	23,570799	20,389999	23,430000	25,980000	23,549999	20,139999	20,109999	19,949999	19,930000	19,799999	340282346638528860000000000000000000000,000000	0,023769	20,000000	100006,000000	23,000000
3039,000000	19,731821	0,000000	0,000000	0,000000	0,000000	24,674107	24,862753	23,788977	24,243258	24,014305	24,713556	21,114651	20,785019	22,139017	22,084772	23,606182	20,389999	23,420000	25,959999	23,570000	20,150000	20,100000	19,949999	19,959999	19,809999	594,231018	0,023618	20,000000	100006,000000	23,000000
3041,000000	19,721710	0,000000	0,000000	0,000000	0,000000	24,674107	24,867807	23,773798	24,238201	24,004200	24,713556	21,079294	20,779972	22,144066	22,089821	23,771618	20,389999	23,459999	25,959999	23,539999	20,150000	20,109999	19,949999	19,969999	19,809999	579,832031	0,023500	20,000000	100006,000000	23,000000
3043,000000	19,716661	0,000000	0,000000	0,000000	0,000000	24,669054	24,867807	23,768747	24,238201	24,004200	24,718611	21,173985	20,785019	22,139017	22,179434	23,692125	20,389999	23,529999	25,969999	23,539999	20,150000	20,109999	19,949999	19,980000	19,809999	340282346638528860000000000000000000000,000000	0,023491	20,000000	100006,000000	23,000000
3045,000000	19,711617	0,000000	0,000000	0,000000	0,000000	24,653872	24,867807	23,778872	24,243258	24,004200	24,723684	21,179031	20,785019	22,154186	22,094873	23,712355	20,389999	23,580000	26,000000	23,539999	20,150000	20,109999	19,949999	19,990000	19,809999	606,202026	0,023460	20,000000	100006,000000	23,000000
3047,000000	19,716661	0,000000	0,000000	0,000000	0,000000	24,648819	24,867807	23,768747	24,238201	23,874149	24,733791	21,184080	20,785019	22,169334	22,104971	23,732584	20,389999	23,600000	26,019999	23,529999	20,150000	20,109999	19,949999	19,990000	19,820000	340282346638528860000000000000000000000,000000	0,023449	20,000000	100006,000000	23,000000
3049,000000	19,726755	0,000000	0,000000	0,000000	0,000000	24,653872	24,867807	23,768747	24,233149	24,019360	24,733791	21,163887	20,779972	22,174385	22,115089	23,807022	20,389999	23,570000	26,010000	23,549999	20,150000	20,109999	19,959999	20,000000	19,820000	576,568054	0,023174	20,000000	100006,000000	23,000000
3051,000000	19,716661	0,000000	0,000000	0,000000	0,000000	24,658928	25,002916	23,783924	24,243258	24,014305	24,728737	21,184080	20,790068	22,179434	22,255241	23,761515	20,389999	23,529999	26,019999	23,539999	20,150000	20,119999	19,949999	19,990000	19,820000	340282346638528860000000000000000000000,000000	0,023387	20,000000	100006,000000	23,000000
3053,000000	19,716661	0,000000	0,000000	0,000000	0,000000	24,663980	24,867807	23,778872	24,233149	23,869078	24,723684	21,184080	20,790068	22,069603	22,265360	23,621338	20,389999	23,510000	26,019999	23,529999	20,150000	20,109999	19,959999	19,990000	19,820000	616,223022	0,023433	20,000000	100006,000000	22,900000
3055,000000	19,726755	0,000000	0,000000	0,000000	0,000000	24,669054	25,013042	23,773798	24,243258	24,009253	24,723684	21,184080	20,795116	22,184505	22,250189	23,611233	20,389999	23,459999	26,000000	23,529999	20,150000	20,119999	19,949999	20,010000	19,820000	340282346638528860000000000000000000000,000000	0,023443	20,000000	100002,000000	23,000000
3057,000000	19,721710	0,000000	0,000000	0,000000	0,000000	24,658928	24,872864	23,768747	24,238201	24,019360	24,728737	21,168936	20,785019	22,184505	22,089821	23,616285	20,389999	23,459999	25,980000	23,539999	20,150000	20,119999	19,959999	20,029999	19,809999	340282346638528860000000000000000000000,000000	0,023636	20,000000	100002,000000	23,000000
3059,000000	19,726755	0,000000	0,000000	0,000000	0,000000	24,658928	24,872864	23,763695	24,238201	24,014305	24,728737	21,138628	20,790068	22,184505	22,079702	23,616285	20,389999	23,500000	26,000000	23,529999	20,150000	20,119999	19,959999	20,029999	19,820000	340282346638528860000000000000000000000,000000	0,023458	20,000000	100002,000000	23,000000
3061,000000	19,721710	0,000000	0,000000	0,000000	0,000000	24,674107	24,867807	23,763695	24,238201	23,874149	24,718611	21,138628	20,785019	22,174385	22,079702	23,596077	20,389999	23,459999	25,980000	23,510000	20,150000	20,119999	19,959999	20,010000	19,809999	340282346638528860000000000000000000000,000000	0,023341	20,000000	100002,000000	23,000000
3063,000000	19,706551	0,000000	0,000000	0,000000	0,000000	24,669054	24,867807	23,763695	24,233149	24,004200	24,723684	21,138628	20,769857	22,169334	22,069603	23,570799	20,389999	23,430000	25,969999	23,529999	20,150000	20,119999	19,959999	19,990000	19,820000	619,700012	0,023450	20,000000	100002,000000	23,000000
3065,000000	19,711617	0,000000	0,000000	0,000000	0,000000	24,674107	24,862753	23,763695	24,233149	24,004200	24,733791	21,153770	20,774904	22,164286	22,074654	23,761515	20,389999	23,459999	25,980000	23,529999	20,150000	20,119999	19,959999	19,969999	19,809999	340282346638528860000000000000000000000,000000	0,023407	20,000000	100002,000000	23,000000
3067,000000	19,706551	0,000000	0,000000	0,000000	0,000000	24,663980	24,857679	23,773798	24,243258	24,009253	24,743898	21,158819	20,774904	22,159237	22,084772	23,812075	20,389999	23,539999	26,000000	23,549999	20,150000	20,119999	19,959999	19,959999	19,799999	340282346638528860000000000000000000000,000000	0,023698	20,000000	100002,000000	23,000000
3069,000000	19,711617	0,000000	0,000000	0,000000	0,000000	24,658928	24,852627	23,794027	24,233149	24,024431	24,748953	21,128510	20,795116	22,144066	22,159237	23,717407	20,389999	23,590000	25,990000	23,570000	20,160000	20,119999	19,959999	19,959999	19,799999	340282346638528860000000000000000000000,000000	0,023874	20,000000	100002,000000	23,000000
3071,000000	19,721710	0,000000	0,000000	0,000000	0,000000	24,658928	24,842520	23,783924	24,233149	24,039587	24,748953	20,993414	20,795116	22,128918	22,144066	23,727510	20,389999	23,619999	25,980000	23,609999	20,160000	20,109999	19,959999	19,939999	19,789999	340282346638528860000000000000000000000,000000	0,023561	20,000000	100002,000000	23,000000
3073,000000	19,726755	0,000000	0,000000	0,000000	0,000000	24,643747	24,862753	23,788977	24,233149	24,034536	24,879026	21,133560	20,795116	22,139017	22,074654	23,727510	20,389999	23,609999	25,990000	23,600000	20,160000	20,109999	19,959999	19,930000	19,789999	610,612000	0,023412	20,000000	100002,000000	23,000000
3075,000000	19,721710	0,000000	0,000000	0,000000	0,000000	24,663980	24,867807	23,788977	24,233149	24,019360	24,748953	20,998463	20,795116	22,164286	22,110022	23,712355	20,389999	23,600000	26,019999	23,559999	20,160000	20,109999	19,959999	19,930000	19,779999	340282346638528860000000000000000000000,000000	0,023355	20,000000	100002,000000	23,000000
3077,000000	19,721710	0,000000	0,000000	0,000000	0,000000	24,663980	25,018097	23,788977	24,238201	24,014305	24,743898	21,158819	20,805210	22,164286	22,099922	23,697178	20,389999	23,539999	26,019999	23,539999	20,160000	20,109999	19,959999	19,920000	19,779999	340282346638528860000000000000000000000,000000	0,023606	20,000000	100002,000000	23,000000
3079,000000	19,716661	0,000000	0,000000	0,000000	0,000000	24,674107	25,013042	23,804152	24,238201	24,019360	24,879026	21,153770	20,800163	22,169334	22,084772	23,697178	20,389999	23,539999	26,000000	23,570000	20,150000	20,109999	19,959999	19,910000	19,770000	608,003052	0,023545	20,000000	100002,000000	22,900000
3081,000000	19,736868	0,000000	0,000000	0,000000	0,000000	24,684214	25,028227	23,794027	24,243258	24,019360	24,894188	21,148724	20,810278	22,179434	22,115089	23,722460	20,389999	23,580000	26,010000	23,559999	20,150000	20,109999	19,959999	19,900000	19,770000	617,334045	0,023441	20,000000	100002,000000	22,900000
3083,000000	19,731821	0,000000	0,000000	0,000000	0,000000	24,569342	25,028227	23,804152	24,243258	24,019360	24,884081	21,143675	20,810278	22,069603	22,104971	23,742689	20,389999	23,580000	26,000000	23,549999	20,150000	20,109999	19,959999	19,900000	19,770000	602,180054	0,023083	20,000000	100002,000000	22,900000
3085,000000	19,736868	0,000000	0,000000	0,000000	0,000000	24,564287	25,013042	23,804152	24,243258	24,029484	24,884081	21,143675	20,795116	22,079702	22,120140	23,717407	20,389999	23,609999	26,019999	23,539999	20,160000	20,109999	19,959999	19,900000	19,770000	340282346638528860000000000000000000000,000000	0,023313	20,000000	100002,000000	22,900000
3087,000000	19,741913	0,000000	0,000000	0,000000	0,000000	24,574394	25,023151	23,804152	24,378363	24,019360	24,894188	21,128510	20,795116	22,089821	22,250189	23,722460	20,389999	23,570000	26,019999	23,519999	20,160000	20,109999	19,959999	19,910000	19,779999	611,001038	0,023559	20,000000	100002,000000	22,900000
3089,000000	19,741913	0,000000	0,000000	0,000000	0,000000	24,574394	25,028227	23,804152	24,378363	24,004200	24,879026	21,128510	20,795116	22,094873	22,255241	23,702232	20,389999	23,580000	26,029999	23,510000	20,160000	20,109999	19,959999	19,920000	19,779999	619,574036	0,023356	20,000000	100002,000000	22,900000
3091,000000	19,736868	0,000000	0,000000	0,000000	0,000000	24,589573	25,028227	23,799099	24,243258	23,874149	24,879026	20,983299	20,800163	22,089821	22,084772	23,707304	20,389999	23,570000	26,019999	23,500000	20,160000	20,109999	19,959999	19,910000	19,779999	619,690002	0,023436	20,000000	100002,000000	22,900000
3093,000000	19,731821	0,000000	0,000000	0,000000	0,000000	24,574394	25,023151	23,778872	24,248310	23,858971	24,879026	20,958057	20,810278	22,099922	22,110022	23,702232	20,389999	23,609999	26,019999	23,469999	20,160000	20,119999	19,959999	19,920000	19,789999	600,846008	0,023353	20,000000	100002,000000	23,000000
3095,000000	19,736868	0,000000	0,000000	0,000000	0,000000	24,594629	25,033279	23,773798	24,378363	23,869078	24,748953	20,978251	20,690325	22,099922	22,255241	23,692125	20,389999	23,580000	26,019999	23,480000	20,160000	20,119999	19,959999	19,930000	19,789999	340282346638528860000000000000000000000,000000	0,023168	20,000000	100002,000000	23,000000
3097,000000	19,741913	0,000000	0,000000	0,000000	0,000000	24,584520	25,058571	23,788977	24,248310	23,858971	24,884081	20,978251	20,695372	22,110022	22,250189	23,697178	20,389999	23,570000	26,029999	23,480000	20,160000	20,119999	19,949999	19,949999	19,789999	340282346638528860000000000000000000000,000000	0,023315	20,000000	100002,000000	22,900000
3099,000000	19,882072	0,000000	0,000000	0,000000	0,000000	24,589573	25,053514	23,794027	24,248310	23,848866	24,894188	20,983299	20,700422	22,110022	22,265360	23,737637	20,389999	23,600000	26,019999	23,490000	20,160000	20,119999	19,959999	19,959999	19,799999	612,350037	0,023408	20,000000	100002,000000	22,900000
3101,000000	19,887119	0,000000	0,000000	0,000000	0,000000	24,584520	25,058571	23,788977	24,383434	23,853918	24,894188	20,983299	20,710535	22,099922	22,104971	23,898022	20,389999	23,650000	26,019999	23,500000	20,160000	20,119999	19,959999	19,969999	19,799999	340282346638528860000000000000000000000,000000	0,023425	20,000000	100002,000000	22,900000
3103,000000	19,887119	0,000000	0,000000	0,000000	0,000000	24,579447	25,033279	23,794027	24,248310	23,874149	24,894188	20,998463	20,700422	22,069603	22,174385	23,747740	20,400000	23,619999	26,010000	23,549999	20,160000	20,119999	19,959999	19,980000	19,809999	608,226013	0,023569	20,000000	100002,000000	22,900000
3105,000000	19,877026	0,000000	0,000000	0,000000	0,000000	24,569342	25,018097	23,794027	24,378363	24,004200	24,889133	21,153770	20,690325	22,174385	22,179434	23,737637	20,400000	23,619999	26,000000	23,580000	20,160000	20,109999	19,959999	19,980000	19,809999	340282346638528860000000000000000000000,000000	0,023387	20,000000	100002,000000	22,900000
3107,000000	19,882072	0,000000	0,000000	0,000000	0,000000	24,569342	25,023151	23,794027	24,248310	23,869078	24,889133	21,158819	20,695372	22,174385	22,094873	23,747740	20,400000	23,609999	26,010000	23,559999	20,160000	20,119999	19,959999	19,980000	19,799999	340282346638528860000000000000000000000,000000	0,023662	20,000000	100002,000000	22,900000
3109,000000	19,882072	0,000000	0,000000	0,000000	0,000000	24,574394	25,018097	23,788977	24,248310	23,864025	24,889133	21,109600	20,690325	22,169334	22,115089	23,737637	20,400000	23,639999	26,029999	23,549999	20,160000	20,109999	19,959999	19,969999	19,799999	340282346638528860000000000000000000000,000000	0,023586	20,000000	100002,000000	22,900000
3111,000000	19,731821	0,000000	0,000000	0,000000	0,000000	24,564287	25,028227	23,794027	24,378363	23,864025	24,884081	21,089390	20,785019	22,174385	22,110022	23,702232	20,400000	23,590000	26,019999	23,559999	20,160000	20,109999	19,959999	19,959999	19,789999	340282346638528860000000000000000000000,000000	0,023465	20,000000	100002,000000	22,900000
3113,000000	19,711617	0,000000	0,000000	0,000000	0,000000	24,564287	25,023151	23,788977	24,383434	23,869078	24,743898	21,173985	20,785019	22,179434	22,104971	23,776690	20,400000	23,549999	26,010000	23,539999	20,160000	20,109999	19,959999	19,939999	19,799999	340282346638528860000000000000000000000,000000	0,023297	20,000000	100002,000000	22,900000
3115,000000	19,706551	0,000000	0,000000	0,000000	0,000000	24,679159	25,028227	23,788977	24,378363	23,858971	24,733791	21,179031	20,764811	22,074654	22,115089	23,776690	20,400000	23,490000	26,000000	23,519999	20,160000	20,119999	19,959999	19,930000	19,809999	340282346638528860000000000000000000000,000000	0,023528	20,000000	100002,000000	22,900000
3117,000000	19,701506	0,000000	0,000000	0,000000	0,000000	24,679159	25,023151	23,778872	24,248310	23,869078	24,738844	21,094458	20,764811	22,069603	22,094873	23,781740	20,400000	23,519999	26,000000	23,519999	20,160000	20,119999	19,959999	19,920000	19,809999	616,460022	0,023829	20,000000	100002,000000	22,900000
3119,000000	19,711617	0,000000	0,000000	0,000000	0,000000	24,679159	25,007990	23,788977	24,248310	24,009253	24,738844	21,079294	20,779972	22,184505	22,084772	23,702232	20,400000	23,570000	25,980000	23,570000	20,160000	20,119999	19,959999	19,910000	19,820000	597,101013	0,023463	20,000000	100002,000000	22,900000
3121,000000	19,721710	0,000000	0,000000	0,000000	0,000000	24,684214	25,013042	23,788977	24,248310	24,024431	24,743898	21,084341	20,779972	22,064554	22,099922	23,712355	20,400000	23,570000	26,000000	23,559999	20,160000	20,109999	19,959999	19,900000	19,820000	605,286011	0,023364	20,000000	100002,000000	22,900000
3123,000000	19,726755	0,000000	0,000000	0,000000	0,000000	24,679159	25,018097	23,804152	24,248310	24,024431	24,879026	21,099504	20,800163	22,069603	22,260290	23,742689	20,400000	23,609999	26,010000	23,580000	20,160000	20,119999	19,959999	19,910000	19,809999	340282346638528860000000000000000000000,000000	0,023460	20,000000	100002,000000	22,900000
3125,000000	19,877026	0,000000	0,000000	0,000000	0,000000	24,569342	25,018097	23,799099	24,383434	24,029484	24,884081	21,099504	20,810278	22,089821	22,285561	23,697178	20,400000	23,590000	26,049999	23,559999	20,150000	20,109999	19,959999	19,910000	19,809999	340282346638528860000000000000000000000,000000	0,023392	20,000000	100002,000000	22,900000
3127,000000	19,892164	0,000000	0,000000	0,000000	0,000000	24,574394	25,038334	23,809206	24,378363	24,019360	24,889133	21,094458	20,700422	22,104971	22,190878	23,712355	20,400000	23,580000	26,049999	23,549999	20,150000	20,109999	19,949999	19,930000	19,799999	340282346638528860000000000000000000000,000000	0,023505	20,000000	100002,000000	22,900000
3129,000000	19,887119	0,000000	0,000000	0,000000	0,000000	24,584520	25,043386	23,804152	24,383434	24,014305	24,884081	21,089390	20,705469	22,255241	22,221216	23,732584	20,400000	23,590000	26,070000	23,539999	20,150000	20,109999	19,959999	19,920000	19,799999	602,691040	0,023265	20,000000	100002,000000	22,900000
3131,000000	19,887119	0,000000	0,000000	0,000000	0,000000	24,574394	25,048460	23,689257	24,383434	24,004200	24,894188	21,074244	20,720631	22,275459	22,226269	23,892971	20,400000	23,629999	26,070000	23,539999	20,150000	20,109999	19,959999	19,930000	19,799999	340282346638528860000000000000000000000,000000	0,023403	20,000000	100002,000000	22,900000
3133,000000	19,907322	0,000000	0,000000	0,000000	0,000000	24,584520	25,058571	23,694328	24,383434	24,004200	24,904316	21,074244	20,720631	22,285561	22,216146	23,933409	20,400000	23,670000	26,070000	23,539999	20,150000	20,109999	19,949999	19,930000	19,799999	340282346638528860000000000000000000000,000000	0,023391	20,000000	100002,000000	22,900000
3135,000000	19,922482	0,000000	0,000000	0,000000	0,000000	24,589573	24,938623	23,699381	24,388487	24,009253	24,904316	21,074244	20,720631	22,280508	22,211098	23,823584	20,400000	23,670000	26,080000	23,549999	20,150000	20,109999	19,949999	19,920000	19,799999	622,958008	0,023258	20,000000	100002,000000	22,900000
3137,000000	19,922482	0,000000	0,000000	0,000000	0,000000	24,579447	25,053514	23,704432	24,383434	24,009253	24,904316	21,064129	20,730728	22,275459	22,211098	23,818531	20,400000	23,689999	26,070000	23,559999	20,150000	20,119999	19,949999	19,930000	19,799999	574,776001	0,023362	20,000000	100002,000000	22,900000
3139,000000	19,922482	0,000000	0,000000	0,000000	0,000000	24,574394	25,048460	23,709484	24,393539	24,019360	24,899240	21,084341	20,725677	22,265360	22,200998	23,892971	20,400000	23,699999	26,080000	23,570000	20,150000	20,109999	19,959999	19,939999	19,809999	340282346638528860000000000000000000000,000000	0,023292	20,000000	100002,000000	23,000000
3141,000000	19,927528	0,000000	0,000000	0,000000	0,000000	24,579447	24,938623	23,714556	24,388487	24,029484	24,914423	21,079294	20,730728	22,270409	22,211098	23,887918	20,400000	23,619999	26,080000	23,570000	20,150000	20,109999	19,959999	19,939999	19,809999	613,035034	0,023343	20,000000	99998,000000	23,000000
3143,000000	19,812639	0,000000	0,000000	0,000000	0,000000	24,589573	24,943697	23,704432	24,393539	24,034536	24,914423	21,094458	20,740843	22,280508	22,226269	23,923304	20,400000	23,639999	26,090000	23,570000	20,150000	20,109999	19,949999	19,939999	19,820000	620,131042	0,023436	20,000000	99998,000000	23,000000
3145,000000	19,927528	0,000000	0,000000	0,000000	0,000000	24,574394	24,943697	23,709484	24,393539	24,034536	24,914423	21,084341	20,715584	22,275459	22,231318	23,892971	20,400000	23,650000	26,099998	23,580000	20,150000	20,119999	19,949999	19,939999	19,820000	615,131042	0,023360	20,000000	100002,000000	23,000000
3147,000000	19,817686	0,000000	0,000000	0,000000	0,000000	24,589573	24,938623	23,719610	24,403648	24,044640	24,919476	21,084341	20,715584	22,280508	22,221216	23,908127	20,400000	23,619999	26,099998	23,570000	20,150000	20,109999	19,949999	19,949999	19,830000	614,909058	0,023413	20,000000	100002,000000	23,000000
3149,000000	19,922482	0,000000	0,000000	0,000000	0,000000	24,584520	24,938623	23,719610	24,398596	24,049694	24,914423	21,094458	20,735775	22,265360	22,200998	23,913198	20,400000	23,660000	26,109999	23,580000	20,150000	20,109999	19,949999	19,949999	19,840000	340282346638528860000000000000000000000,000000	0,023553	20,000000	100002,000000	23,000000
3151,000000	19,917437	0,000000	0,000000	0,000000	0,000000	24,574394	24,938623	23,714556	24,408720	24,044640	24,919476	21,084341	20,725677	22,255241	22,310827	23,898022	20,400000	23,650000	26,109999	23,559999	20,139999	20,109999	19,959999	19,949999	19,850000	340282346638528860000000000000000000000,000000	0,023515	20,000000	100002,000000	23,000000
3153,000000	19,917437	0,000000	0,000000	0,000000	0,000000	24,574394	25,058571	23,714556	24,398596	24,039587	24,919476	21,089390	20,710535	22,120140	22,305779	23,877792	20,400000	23,629999	26,090000	23,580000	20,139999	20,109999	19,949999	19,949999	19,850000	597,195007	0,023044	20,000000	100002,000000	23,000000
3155,000000	19,907322	0,000000	0,000000	0,000000	0,000000	24,569342	25,058571	23,709484	24,403648	24,029484	24,919476	21,084341	20,710535	22,255241	22,200998	23,918249	20,400000	23,660000	26,090000	23,570000	20,150000	20,100000	19,959999	19,969999	19,859999	619,730042	0,023234	20,000000	100002,000000	23,000000
3157,000000	19,902277	0,000000	0,000000	0,000000	0,000000	24,564287	25,058571	23,699381	24,408720	24,029484	24,919476	21,074244	20,710535	22,250189	22,195948	23,898022	20,400000	23,680000	26,080000	23,559999	20,139999	20,100000	19,949999	19,959999	19,859999	340282346638528860000000000000000000000,000000	0,023505	20,000000	100002,000000	23,000000
3159,000000	19,907322	0,000000	0,000000	0,000000	0,000000	24,589573	25,048460	23,694328	24,403648	24,024431	24,904316	21,084341	20,715584	22,260290	22,211098	23,722460	20,400000	23,609999	26,080000	23,539999	20,150000	20,100000	19,949999	19,959999	19,859999	340282346638528860000000000000000000000,000000	0,023775	20,000000	100002,000000	23,000000
3161,000000	19,897230	0,000000	0,000000	0,000000	0,000000	24,579447	25,053514	23,699381	24,403648	24,014305	24,899240	21,094458	20,710535	22,260290	22,200998	23,727510	20,400000	23,600000	26,070000	23,559999	20,150000	20,100000	19,949999	19,959999	19,850000	604,634033	0,023322	20,000000	100002,000000	22,900000
3163,000000	19,897230	0,000000	0,000000	0,000000	0,000000	24,584520	24,938623	23,694328	24,403648	24,009253	24,894188	21,074244	20,710535	22,250189	22,295679	23,697178	20,400000	23,570000	26,070000	23,539999	20,150000	20,109999	19,949999	19,949999	19,859999	340282346638528860000000000000000000000,000000	0,023195	20,000000	100002,000000	22,900000
3165,000000	19,897230	0,000000	0,000000	0,000000	0,000000	24,589573	24,943697	23,699381	24,398596	24,009253	24,894188	21,089390	20,810278	22,120140	22,275459	23,786793	20,400000	23,519999	26,049999	23,539999	20,150000	20,100000	19,949999	19,939999	19,859999	340282346638528860000000000000000000000,000000	0,023393	20,000000	100002,000000	22,900000
3167,000000	19,877026	0,000000	0,000000	0,000000	0,000000	24,594629	25,053514	23,809206	24,408720	24,009253	24,899240	21,099504	20,805210	22,115089	22,300728	23,766565	20,400000	23,480000	26,039999	23,529999	20,150000	20,109999	19,949999	19,939999	19,859999	599,600037	0,023909	20,000000	100002,000000	22,900000
3169,000000	19,882072	0,000000	0,000000	0,000000	0,000000	24,589573	25,058571	23,809206	24,398596	24,009253	24,894188	21,109600	20,795116	22,104971	22,285561	23,621338	20,400000	23,490000	26,039999	23,529999	20,150000	20,109999	19,959999	19,939999	19,850000	340282346638528860000000000000000000000,000000	0,023668	20,000000	100002,000000	23,000000
3171,000000	19,746960	0,000000	0,000000	0,000000	0,000000	24,574394	25,053514	23,809206	24,403648	24,009253	24,904316	21,280077	20,800163	22,094873	22,270409	23,766565	20,400000	23,469999	26,019999	23,549999	20,150000	20,119999	19,949999	19,930000	19,850000	340282346638528860000000000000000000000,000000	0,023055	20,000000	100002,000000	23,000000
3173,000000	19,741913	0,000000	0,000000	0,000000	0,000000	24,589573	25,043386	23,809206	24,398596	24,004200	24,889133	21,275028	20,800163	22,084772	22,265360	23,807022	20,400000	23,510000	26,029999	23,549999	20,160000	20,109999	19,949999	19,939999	19,840000	340282346638528860000000000000000000000,000000	0,023066	20,000000	100002,000000	23,000000
3175,000000	19,731821	0,000000	0,000000	0,000000	0,000000	24,584520	25,048460	23,804152	24,403648	24,009253	24,884081	21,275028	20,785019	22,089821	22,260290	23,796898	20,400000	23,529999	26,019999	23,549999	20,150000	20,119999	19,959999	19,939999	19,840000	340282346638528860000000000000000000000,000000	0,023731	20,000000	99998,000000	23,000000
3177,000000	19,726755	0,000000	0,000000	0,000000	0,000000	24,579447	25,038334	23,799099	24,393539	24,014305	24,884081	21,264912	20,779972	22,084772	22,099922	23,812075	20,400000	23,549999	26,019999	23,549999	20,150000	20,109999	19,959999	19,930000	19,840000	340282346638528860000000000000000000000,000000	0,023412	20,000000	99998,000000	23,000000
3179,000000	19,716661	0,000000	0,000000	0,000000	0,000000	24,584520	25,028227	23,794027	24,393539	24,024431	24,894188	21,119699	20,779972	22,074654	22,074654	23,702232	20,400000	23,559999	26,019999	23,539999	20,160000	20,119999	19,949999	19,930000	19,830000	615,477051	0,023389	20,000000	99998,000000	23,000000
3181,000000	19,721710	0,000000	0,000000	0,000000	0,000000	24,579447	25,038334	23,794027	24,393539	24,024431	24,889133	21,104553	20,790068	22,079702	22,104971	23,697178	20,400000	23,600000	26,010000	23,539999	20,160000	20,119999	19,959999	19,920000	19,820000	340282346638528860000000000000000000000,000000	0,023544	20,000000	99998,000000	23,000000
3183,000000	19,716661	0,000000	0,000000	0,000000	0,000000	24,564287	25,033279	23,799099	24,388487	24,014305	24,894188	21,184080	20,800163	22,084772	22,104971	23,702232	20,400000	23,570000	26,039999	23,549999	20,160000	20,119999	19,959999	19,920000	19,820000	609,847046	0,023655	20,000000	99998,000000	23,000000
3185,000000	19,731821	0,000000	0,000000	0,000000	0,000000	24,574394	25,043386	23,804152	24,388487	24,004200	24,899240	21,179031	20,695372	22,104971	22,265360	23,727510	20,400000	23,570000	26,049999	23,529999	20,160000	20,119999	19,959999	19,939999	19,830000	340282346638528860000000000000000000000,000000	0,023486	20,000000	99998,000000	23,000000
3187,000000	19,731821	0,000000	0,000000	0,000000	0,000000	24,569342	25,028227	23,804152	24,393539	24,019360	24,904316	21,179031	20,695372	22,094873	22,250189	23,882845	20,400000	23,609999	26,049999	23,559999	20,160000	20,119999	19,959999	19,949999	19,830000	618,154053	0,023616	20,000000	99994,000000	23,000000
3189,000000	19,736868	0,000000	0,000000	0,000000	0,000000	24,684214	25,023151	23,689257	24,388487	24,029484	24,904316	21,184080	20,700422	22,089821	22,104971	23,887918	20,400000	23,629999	26,049999	23,580000	20,160000	20,119999	19,959999	19,949999	19,830000	340282346638528860000000000000000000000,000000	0,023595	20,000000	99994,000000	23,000000
3191,000000	19,741913	0,000000	0,000000	0,000000	0,000000	24,569342	25,018097	23,809206	24,388487	24,039587	24,914423	21,184080	20,695372	22,084772	22,120140	23,732584	20,400000	23,629999	26,039999	23,590000	20,160000	20,119999	19,959999	19,949999	19,830000	340282346638528860000000000000000000000,000000	0,023599	20,000000	99994,000000	23,000000
3193,000000	19,741913	0,000000	0,000000	0,000000	0,000000	24,574394	25,023151	23,689257	24,393539	24,049694	24,919476	21,184080	20,700422	22,084772	22,120140	23,742689	20,400000	23,590000	26,049999	23,580000	20,160000	20,129999	19,959999	19,959999	19,840000	340282346638528860000000000000000000000,000000	0,023485	20,000000	99998,000000	23,000000
3195,000000	19,882072	0,000000	0,000000	0,000000	0,000000	24,579447	25,033279	23,694328	24,398596	24,039587	24,919476	21,168936	20,705469	22,084772	22,255241	23,877792	20,400000	23,619999	26,039999	23,590000	20,160000	20,129999	19,959999	19,949999	19,840000	581,508057	0,023668	20,000000	99998,000000	23,100000
3197,000000	19,746960	0,000000	0,000000	0,000000	0,000000	24,589573	25,043386	23,704432	24,393539	24,039587	24,924530	21,168936	20,715584	22,104971	22,290628	23,903074	20,400000	23,619999	26,049999	23,570000	20,160000	20,119999	19,959999	19,969999	19,840000	618,217041	0,023539	20,000000	99998,000000	23,100000
3199,000000	19,746960	0,000000	0,000000	0,000000	0,000000	24,589573	25,053514	23,709484	24,403648	24,024431	24,929583	21,158819	20,710535	22,115089	22,295679	23,903074	20,400000	23,660000	26,059999	23,559999	20,160000	20,129999	19,959999	19,969999	19,840000	340282346638528860000000000000000000000,000000	0,023403	20,000000	99998,000000	23,100000
3201,000000	19,887119	0,000000	0,000000	0,000000	0,000000	24,594629	25,058571	23,699381	24,398596	24,039587	24,934658	21,173985	20,700422	22,094873	22,089821	23,747740	20,400000	23,629999	26,059999	23,590000	20,160000	20,129999	19,959999	19,990000	19,850000	607,257019	0,023607	20,000000	99998,000000	23,100000
3203,000000	19,897230	0,000000	0,000000	0,000000	0,000000	24,594629	25,053514	23,704432	24,398596	24,049694	24,929583	21,173985	20,705469	22,079702	22,110022	23,742689	20,400000	23,609999	26,049999	23,600000	20,160000	20,129999	19,959999	20,000000	19,850000	340282346638528860000000000000000000000,000000	0,023274	20,000000	99998,000000	23,100000
3205,000000	19,897230	0,000000	0,000000	0,000000	0,000000	24,584520	25,038334	23,699381	24,398596	24,044640	24,929583	21,168936	20,710535	22,074654	22,089821	23,791847	20,400000	23,590000	26,039999	23,609999	20,160000	20,129999	19,969999	20,000000	19,840000	340282346638528860000000000000000000000,000000	0,023672	20,000000	99998,000000	23,100000
3207,000000	19,887119	0,000000	0,000000	0,000000	0,000000	24,574394	25,028227	23,699381	24,398596	24,039587	24,914423	21,158819	20,700422	22,074654	22,104971	23,791847	20,400000	23,519999	26,059999	23,609999	20,160000	20,129999	19,969999	20,000000	19,830000	593,196045	0,023614	20,000000	99998,000000	23,100000
3209,000000	19,882072	0,000000	0,000000	0,000000	0,000000	24,584520	25,033279	23,694328	24,398596	24,029484	24,909369	21,158819	20,810278	22,089821	22,260290	23,776690	20,400000	23,510000	26,070000	23,570000	20,170000	20,129999	19,959999	20,000000	19,820000	340282346638528860000000000000000000000,000000	0,023349	20,000000	99998,000000	23,100000
3211,000000	19,882072	0,000000	0,000000	0,000000	0,000000	24,584520	25,028227	23,689257	24,398596	24,034536	24,899240	21,069195	20,790068	22,094873	22,275459	23,791847	20,400000	23,500000	26,049999	23,570000	20,170000	20,129999	19,959999	19,969999	19,809999	340282346638528860000000000000000000000,000000	0,023537	20,000000	99998,000000	23,100000
3213,000000	19,877026	0,000000	0,000000	0,000000	0,000000	24,579447	25,033279	23,694328	24,398596	24,039587	24,899240	21,074244	20,785019	22,099922	22,275459	23,781740	20,400000	23,529999	26,019999	23,580000	20,170000	20,129999	19,969999	19,959999	19,809999	587,716003	0,023645	20,000000	99998,000000	23,100000
3215,000000	19,741913	0,000000	0,000000	0,000000	0,000000	24,574394	25,033279	23,694328	24,398596	24,039587	24,894188	21,079294	20,779972	22,079702	22,265360	23,786793	20,400000	23,519999	26,000000	23,570000	20,170000	20,129999	19,969999	19,939999	19,820000	593,318054	0,023720	20,000000	99998,000000	23,100000
3217,000000	19,731821	0,000000	0,000000	0,000000	0,000000	24,574394	25,018097	23,704432	24,403648	24,039587	24,894188	21,099504	20,774904	22,074654	22,120140	23,692125	20,400000	23,529999	25,990000	23,580000	20,170000	20,129999	19,969999	19,930000	19,820000	603,492004	0,023619	20,000000	99994,000000	23,000000
3219,000000	19,716661	0,000000	0,000000	0,000000	0,000000	24,684214	25,018097	23,699381	24,398596	24,039587	24,899240	21,109600	20,785019	22,064554	22,120140	23,801950	20,400000	23,570000	25,990000	23,600000	20,170000	20,129999	19,969999	19,920000	19,809999	587,335999	0,023564	20,000000	99994,000000	23,000000
3221,000000	19,721710	0,000000	0,000000	0,000000	0,000000	24,564287	25,013042	23,689257	24,398596	24,044640	24,889133	21,094458	20,774904	22,179434	22,104971	23,621338	20,400000	23,519999	25,990000	23,580000	20,170000	20,129999	19,959999	19,920000	19,809999	602,485046	0,023357	20,000000	99998,000000	23,000000
3223,000000	19,726755	0,000000	0,000000	0,000000	0,000000	24,579447	25,018097	23,694328	24,403648	24,044640	24,889133	21,114651	20,774904	22,169334	22,079702	23,585953	20,400000	23,480000	25,990000	23,590000	20,170000	20,119999	19,959999	19,920000	19,809999	602,305054	0,023507	20,000000	99998,000000	23,000000
3225,000000	19,721710	0,000000	0,000000	0,000000	0,000000	24,564287	25,002916	23,809206	24,393539	24,049694	24,879026	21,300268	20,785019	22,159237	22,064554	23,580902	20,400000	23,439999	25,980000	23,609999	20,170000	20,129999	19,959999	19,910000	19,809999	340282346638528860000000000000000000000,000000	0,023565	20,000000	99998,000000	23,000000
3227,000000	19,726755	0,000000	0,000000	0,000000	0,000000	24,574394	25,007990	23,699381	24,393539	24,054766	24,894188	21,295221	20,805210	22,159237	22,074654	23,601128	20,400000	23,500000	25,990000	23,609999	20,170000	20,119999	19,959999	19,900000	19,809999	340282346638528860000000000000000000000,000000	0,023476	20,000000	99998,000000	22,900000
3229,000000	19,877026	0,000000	0,000000	0,000000	0,000000	24,594629	25,028227	23,809206	24,393539	24,054766	24,889133	21,269960	20,690325	22,169334	22,104971	23,650290	20,400000	23,430000	26,010000	23,600000	20,170000	20,119999	19,959999	19,900000	19,809999	340282346638528860000000000000000000000,000000	0,023406	20,000000	99998,000000	22,900000
3231,000000	19,746960	0,000000	0,000000	0,000000	0,000000	24,589573	25,033279	23,689257	24,398596	24,044640	24,884081	21,099504	20,810278	22,184505	22,104971	23,665466	20,400000	23,410000	26,019999	23,580000	20,170000	20,119999	19,949999	19,889999	19,809999	340282346638528860000000000000000000000,000000	0,023432	20,000000	99998,000000	22,900000
3233,000000	19,741913	0,000000	0,000000	0,000000	0,000000	24,594629	25,043386	23,689257	24,393539	24,039587	24,899240	21,094458	20,810278	22,064554	22,099922	23,591005	20,400000	23,430000	25,990000	23,580000	20,160000	20,109999	19,959999	19,900000	19,809999	340282346638528860000000000000000000000,000000	0,023502	20,000000	99998,000000	22,900000
3235,000000	19,736868	0,000000	0,000000	0,000000	0,000000	24,594629	25,028227	23,699381	24,393539	24,039587	24,894188	21,269960	20,695372	22,064554	22,260290	23,616285	20,400000	23,469999	26,000000	23,590000	20,160000	20,119999	19,949999	19,900000	19,809999	340282346638528860000000000000000000000,000000	0,023651	20,000000	99998,000000	22,900000
3237,000000	19,736868	0,000000	0,000000	0,000000	0,000000	24,594629	25,023151	23,699381	24,403648	24,039587	24,884081	21,269960	20,695372	22,064554	22,270409	23,606182	20,400000	23,459999	26,000000	23,590000	20,160000	20,109999	19,949999	19,900000	19,799999	599,155029	0,023585	20,000000	99998,000000	22,900000
3239,000000	19,736868	0,000000	0,000000	0,000000	0,000000	24,599682	25,038334	23,694328	24,398596	24,024431	24,884081	21,094458	20,810278	22,079702	22,285561	23,756460	20,400000	23,490000	26,000000	23,559999	20,160000	20,109999	19,949999	19,889999	19,809999	340282346638528860000000000000000000000,000000	0,023346	20,000000	99998,000000	22,900000
3241,000000	19,716661	0,000000	0,000000	0,000000	0,000000	24,594629	25,038334	23,694328	24,398596	24,019360	24,879026	21,074244	20,810278	22,099922	22,270409	23,801950	20,400000	23,519999	25,990000	23,549999	20,160000	20,109999	19,949999	19,889999	19,799999	340282346638528860000000000000000000000,000000	0,023305	20,000000	99998,000000	22,900000
3243,000000	19,701506	0,000000	0,000000	0,000000	0,000000	24,594629	25,028227	23,704432	24,393539	24,024431	24,879026	21,074244	20,800163	22,104971	22,275459	23,812075	20,400000	23,539999	26,010000	23,539999	20,150000	20,109999	19,949999	19,879999	19,809999	618,400024	0,023687	20,000000	99998,000000	22,900000
3245,000000	19,701506	0,000000	0,000000	0,000000	0,000000	24,589573	25,038334	23,694328	24,403648	24,019360	24,879026	21,184080	20,800163	22,110022	22,290628	23,702232	20,400000	23,559999	26,019999	23,549999	20,150000	20,100000	19,949999	19,879999	19,809999	340282346638528860000000000000000000000,000000	0,023191	20,000000	99998,000000	22,900000
3247,000000	19,706551	0,000000	0,000000	0,000000	0,000000	24,584520	25,033279	23,689257	24,398596	24,024431	24,879026	21,173985	20,795116	22,250189	22,300728	23,697178	20,400000	23,580000	26,019999	23,529999	20,150000	20,100000	19,949999	19,889999	19,809999	340282346638528860000000000000000000000,000000	0,023413	20,000000	99998,000000	22,900000
3249,000000	19,721710	0,000000	0,000000	0,000000	0,000000	24,579447	25,033279	23,809206	24,398596	24,024431	24,884081	21,163887	20,790068	22,255241	22,290628	23,801950	20,400000	23,559999	26,019999	23,539999	20,150000	20,100000	19,949999	19,879999	19,820000	340282346638528860000000000000000000000,000000	0,023230	20,000000	99998,000000	23,000000
3251,000000	19,721710	0,000000	0,000000	0,000000	0,000000	24,584520	25,043386	23,809206	24,403648	24,024431	24,884081	21,168936	20,785019	22,115089	22,250189	23,801950	20,400000	23,529999	25,990000	23,539999	20,150000	20,100000	19,949999	19,879999	19,820000	340282346638528860000000000000000000000,000000	0,023700	20,000000	99998,000000	23,000000
3253,000000	19,726755	0,000000	0,000000	0,000000	0,000000	24,574394	25,033279	23,689257	24,393539	24,034536	24,884081	21,163887	20,795116	22,250189	22,255241	23,742689	20,400000	23,570000	26,010000	23,539999	20,150000	20,100000	19,939999	19,879999	19,820000	604,982056	0,023588	20,000000	99998,000000	23,000000
3255,000000	19,721710	0,000000	0,000000	0,000000	0,000000	24,579447	25,048460	23,809206	24,398596	24,034536	24,889133	21,163887	20,810278	22,115089	22,110022	23,882845	20,400000	23,639999	26,019999	23,559999	20,150000	20,100000	19,939999	19,879999	19,820000	607,882019	0,023368	20,000000	99998,000000	23,000000
3257,000000	19,711617	0,000000	0,000000	0,000000	0,000000	24,584520	25,033279	23,809206	24,398596	24,024431	24,899240	21,184080	20,805210	22,110022	22,115089	23,898022	20,410000	23,639999	26,039999	23,549999	20,150000	20,100000	19,939999	19,879999	19,809999	617,400024	0,023581	20,000000	99998,000000	23,000000
3259,000000	19,716661	0,000000	0,000000	0,000000	0,000000	24,584520	25,033279	23,689257	24,398596	24,019360	24,889133	21,168936	20,690325	22,115089	22,110022	23,737637	20,400000	23,619999	26,059999	23,549999	20,139999	20,100000	19,939999	19,879999	19,809999	609,256042	0,023633	20,000000	99998,000000	23,000000
3261,000000	19,731821	0,000000	0,000000	0,000000	0,000000	24,599682	25,058571	23,689257	24,393539	24,014305	24,889133	21,168936	20,705469	22,104971	22,110022	23,882845	20,410000	23,629999	26,049999	23,529999	20,139999	20,100000	19,939999	19,859999	19,809999	601,153015	0,023566	20,000000	99998,000000	23,000000
3263,000000	19,731821	0,000000	0,000000	0,000000	0,000000	24,579447	25,053514	23,809206	24,393539	24,014305	24,889133	21,163887	20,715584	22,115089	22,104971	23,742689	20,410000	23,650000	26,059999	23,529999	20,139999	20,100000	19,939999	19,869999	19,809999	340282346638528860000000000000000000000,000000	0,023260	20,000000	99998,000000	23,000000
3265,000000	19,726755	0,000000	0,000000	0,000000	0,000000	24,574394	25,038334	23,699381	24,393539	24,039587	24,894188	21,173985	20,715584	22,099922	22,079702	23,747740	20,410000	23,609999	26,029999	23,559999	20,129999	20,100000	19,939999	19,869999	19,799999	340282346638528860000000000000000000000,000000	0,023543	20,000000	99998,000000	23,000000
3267,000000	19,746960	0,000000	0,000000	0,000000	0,000000	24,579447	25,048460	23,694328	24,398596	24,044640	24,894188	21,184080	20,705469	22,089821	22,069603	23,882845	20,410000	23,619999	26,029999	23,570000	20,129999	20,100000	19,939999	19,859999	19,799999	609,684021	0,023759	20,000000	99998,000000	23,000000
3269,000000	19,877026	0,000000	0,000000	0,000000	0,000000	24,594629	25,028227	23,704432	24,398596	24,059818	24,894188	21,074244	20,700422	22,089821	22,074654	23,877792	20,400000	23,619999	26,010000	23,600000	20,129999	20,100000	19,939999	19,859999	19,799999	340282346638528860000000000000000000000,000000	0,023560	20,000000	99998,000000	23,000000
3271,000000	19,877026	0,000000	0,000000	0,000000	0,000000	24,584520	25,028227	23,699381	24,398596	24,059818	24,909369	21,069195	20,695372	22,084772	22,184505	23,898022	20,410000	23,650000	26,019999	23,609999	20,129999	20,100000	19,939999	19,859999	19,789999	340282346638528860000000000000000000000,000000	0,023103	20,000000	99998,000000	23,000000
3273,000000	19,746960	0,000000	0,000000	0,000000	0,000000	24,589573	25,028227	23,699381	24,398596	23,939871	24,899240	21,179031	20,810278	22,079702	22,084772	23,892971	20,400000	23,660000	26,019999	23,600000	20,129999	20,100000	19,939999	19,859999	19,779999	588,750000	0,023494	20,000000	99998,000000	23,000000
3275,000000	19,877026	0,000000	0,000000	0,000000	0,000000	24,574394	25,038334	23,699381	24,398596	23,939871	24,899240	21,163887	20,810278	22,079702	22,104971	23,908127	20,410000	23,660000	26,010000	23,580000	20,129999	20,100000	19,930000	19,859999	19,779999	596,513000	0,023156	20,000000	99998,000000	23,000000
3277,000000	19,877026	0,000000	0,000000	0,000000	0,000000	24,579447	25,048460	23,689257	24,398596	24,034536	24,904316	21,148724	20,805210	22,089821	22,250189	23,892971	20,400000	23,639999	26,019999	23,549999	20,129999	20,100000	19,930000	19,859999	19,779999	340282346638528860000000000000000000000,000000	0,023250	20,000000	99998,000000	23,000000
3279,000000	19,746960	0,000000	0,000000	0,000000	0,000000	24,579447	25,048460	23,699381	24,403648	24,039587	24,904316	21,168936	20,810278	22,094873	22,255241	23,898022	20,400000	23,639999	26,029999	23,539999	20,129999	20,100000	19,930000	19,859999	19,779999	340282346638528860000000000000000000000,000000	0,023249	20,000000	99998,000000	23,000000
3281,000000	19,746960	0,000000	0,000000	0,000000	0,000000	24,579447	25,028227	23,689257	24,398596	24,034536	24,899240	21,168936	20,810278	22,094873	22,270409	23,747740	20,400000	23,639999	26,070000	23,549999	20,129999	20,100000	19,930000	19,859999	19,779999	340282346638528860000000000000000000000,000000	0,023594	20,000000	99998,000000	23,100000
3283,000000	19,882072	0,000000	0,000000	0,000000	0,000000	24,584520	25,033279	23,699381	24,403648	24,029484	24,899240	21,173985	20,805210	22,094873	22,110022	23,712355	20,400000	23,580000	26,039999	23,549999	20,129999	20,100000	19,930000	19,869999	19,779999	340282346638528860000000000000000000000,000000	0,023686	20,000000	99998,000000	23,100000
3285,000000	19,741913	0,000000	0,000000	0,000000	0,000000	24,584520	25,038334	23,689257	24,403648	24,039587	24,899240	21,173985	20,800163	22,084772	22,250189	23,796898	20,400000	23,549999	26,039999	23,559999	20,129999	20,090000	19,930000	19,869999	19,789999	340282346638528860000000000000000000000,000000	0,023419	20,000000	99998,000000	23,100000
3287,000000	19,736868	0,000000	0,000000	0,000000	0,000000	24,584520	25,028227	23,704432	24,403648	24,024431	24,904316	21,104553	20,790068	22,074654	22,115089	23,807022	20,400000	23,529999	26,029999	23,570000	20,129999	20,090000	19,930000	19,879999	19,789999	340282346638528860000000000000000000000,000000	0,023270	20,000000	99998,000000	23,100000
3289,000000	19,746960	0,000000	0,000000	0,000000	0,000000	24,584520	25,033279	23,704432	24,398596	24,029484	24,894188	21,275028	20,795116	22,069603	22,260290	23,812075	20,400000	23,529999	26,010000	23,590000	20,129999	20,090000	19,930000	19,889999	19,789999	595,190002	0,023710	20,000000	99998,000000	23,100000
3291,000000	19,741913	0,000000	0,000000	0,000000	0,000000	24,569342	25,028227	23,699381	24,398596	24,029484	24,899240	21,259863	20,795116	22,069603	22,104971	23,722460	20,400000	23,559999	26,010000	23,600000	20,119999	20,090000	19,930000	19,889999	19,789999	340282346638528860000000000000000000000,000000	0,023547	20,000000	99998,000000	23,100000
3293,000000	19,741913	0,000000	0,000000	0,000000	0,000000	24,684214	25,018097	23,714556	24,403648	24,054766	24,899240	21,114651	20,800163	22,174385	22,179434	23,877792	20,400000	23,600000	26,000000	23,639999	20,119999	20,090000	19,930000	19,889999	19,789999	340282346638528860000000000000000000000,000000	0,023485	20,000000	99994,000000	23,100000
3295,000000	19,741913	0,000000	0,000000	0,000000	0,000000	24,564287	25,013042	23,699381	24,403648	23,949976	24,894188	21,074244	20,795116	22,169334	22,164286	23,717407	20,400000	23,600000	25,990000	23,639999	20,119999	20,090000	19,930000	19,889999	19,789999	340282346638528860000000000000000000000,000000	0,023192	20,000000	99998,000000	23,100000
3297,000000	19,736868	0,000000	0,000000	0,000000	0,000000	24,564287	25,028227	23,694328	24,408720	23,949976	24,889133	21,064129	20,790068	22,169334	22,064554	23,771618	20,400000	23,549999	25,980000	23,619999	20,119999	20,090000	19,930000	19,879999	19,799999	340282346638528860000000000000000000000,000000	0,023205	20,000000	99994,000000	23,100000
3299,000000	19,736868	0,000000	0,000000	0,000000	0,000000	24,589573	25,023151	23,694328	24,408720	23,955050	24,889133	21,064129	20,795116	22,159237	22,069603	23,596077	20,400000	23,469999	25,980000	23,609999	20,129999	20,090000	19,930000	19,889999	19,799999	605,262024	0,023406	20,000000	99998,000000	23,100000
3301,000000	19,731821	0,000000	0,000000	0,000000	0,000000	24,584520	25,023151	23,699381	24,403648	23,939871	24,889133	21,079294	20,790068	22,164286	22,074654	23,601128	20,400000	23,439999	25,980000	23,600000	20,119999	20,090000	19,930000	19,900000	19,799999	340282346638528860000000000000000000000,000000	0,023336	20,000000	99998,000000	23,100000
3303,000000	19,736868	0,000000	0,000000	0,000000	0,000000	24,599682	25,018097	23,694328	24,398596	23,949976	24,894188	21,094458	20,800163	22,169334	22,079702	23,796898	20,400000	23,510000	25,969999	23,600000	20,129999	20,090000	19,930000	19,910000	19,799999	340282346638528860000000000000000000000,000000	0,023181	20,000000	99998,000000	23,100000
3305,000000	19,726755	0,000000	0,000000	0,000000	0,000000	24,574394	25,013042	23,694328	24,398596	24,049694	24,899240	21,310387	20,795116	22,169334	22,079702	23,707304	20,400000	23,580000	25,990000	23,600000	20,129999	20,090000	19,930000	19,910000	19,809999	606,094055	0,023326	20,000000	99998,000000	23,100000
3307,000000	19,731821	0,000000	0,000000	0,000000	0,000000	24,564287	25,007990	23,704432	24,398596	24,049694	24,904316	21,205599	20,805210	22,154186	22,169334	23,697178	20,400000	23,600000	26,029999	23,629999	20,129999	20,090000	19,930000	19,920000	19,809999	340282346638528860000000000000000000000,000000	0,023430	20,000000	99998,000000	23,000000
3309,000000	19,726755	0,000000	0,000000	0,000000	0,000000	24,564287	25,007990	23,704432	24,403648	24,054766	24,904316	21,300268	20,690325	22,169334	22,064554	23,702232	20,400000	23,570000	26,029999	23,629999	20,129999	20,090000	19,930000	19,930000	19,820000	340282346638528860000000000000000000000,000000	0,023232	20,000000	99994,000000	23,000000
3311,000000	19,741913	0,000000	0,000000	0,000000	0,000000	24,579447	25,013042	23,714556	24,403648	24,059818	24,914423	21,269960	20,695372	22,174385	22,069603	23,781740	20,400000	23,529999	26,029999	23,600000	20,119999	20,090000	19,930000	19,930000	19,820000	592,866028	0,023443	20,000000	99994,000000	23,000000
3313,000000	19,897230	0,000000	0,000000	0,000000	0,000000	24,594629	25,028227	23,704432	24,403648	24,054766	24,904316	21,094458	20,715584	22,074654	22,120140	23,786793	20,400000	23,510000	26,049999	23,580000	20,119999	20,090000	19,930000	19,920000	19,820000	340282346638528860000000000000000000000,000000	0,023777	20,000000	99994,000000	23,000000
3315,000000	19,907322	0,000000	0,000000	0,000000	0,000000	24,609808	25,053514	23,709484	24,408720	24,039587	24,909369	21,069195	20,715584	22,099922	22,260290	23,707304	20,400000	23,539999	26,049999	23,559999	20,129999	20,090000	19,930000	19,910000	19,840000	340282346638528860000000000000000000000,000000	0,023506	20,000000	99994,000000	23,000000
3317,000000	19,912388	0,000000	0,000000	0,000000	0,000000	24,614862	25,058571	23,704432	24,413773	24,034536	24,909369	21,069195	20,730728	22,115089	22,275459	23,712355	20,400000	23,600000	26,039999	23,559999	20,129999	20,090000	19,930000	19,900000	19,840000	618,617004	0,023619	20,000000	99994,000000	22,900000
3319,000000	19,912388	0,000000	0,000000	0,000000	0,000000	24,755043	24,948751	23,714556	24,408720	24,029484	24,909369	21,079294	20,730728	22,265360	22,300728	23,702232	20,400000	23,570000	26,049999	23,549999	20,129999	20,090000	19,930000	19,900000	19,840000	614,935059	0,023370	20,000000	99994,000000	22,900000
3321,000000	19,912388	0,000000	0,000000	0,000000	0,000000	24,614862	24,963934	23,719610	24,408720	24,034536	24,909369	21,259863	20,730728	22,260290	22,200998	23,712355	20,400000	23,570000	26,049999	23,580000	20,129999	20,090000	19,939999	19,889999	19,830000	598,516052	0,023607	20,000000	99994,000000	22,900000
3323,000000	19,902277	0,000000	0,000000	0,000000	0,000000	24,609808	24,943697	23,729733	24,413773	23,939871	24,909369	21,264912	20,735775	22,115089	22,300728	23,812075	20,400000	23,570000	26,059999	23,619999	20,129999	20,090000	19,939999	19,889999	19,820000	340282346638528860000000000000000000000,000000	0,023712	20,000000	99994,000000	22,900000
3325,000000	19,907322	0,000000	0,000000	0,000000	0,000000	24,614862	25,048460	23,724661	24,418825	24,059818	24,914423	21,290173	20,725677	22,099922	22,290628	23,781740	20,400000	23,519999	26,059999	23,619999	20,129999	20,090000	19,930000	19,879999	19,809999	340282346638528860000000000000000000000,000000	0,023484	20,000000	99994,000000	22,900000
3327,000000	19,897230	0,000000	0,000000	0,000000	0,000000	24,609808	25,048460	23,729733	24,413773	23,955050	24,919476	21,295221	20,720631	22,084772	22,260290	23,776690	20,400000	23,510000	26,039999	23,650000	20,129999	20,090000	19,930000	19,889999	19,809999	340282346638528860000000000000000000000,000000	0,023340	20,000000	99994,000000	23,000000
3329,000000	19,892164	0,000000	0,000000	0,000000	0,000000	24,604755	25,048460	23,734785	24,423878	23,955050	24,929583	21,290173	20,710535	22,079702	22,265360	23,621338	20,400000	23,519999	26,039999	23,619999	20,129999	20,090000	19,930000	19,889999	19,799999	620,358032	0,023486	20,000000	99994,000000	23,000000
3331,000000	19,882072	0,000000	0,000000	0,000000	0,000000	24,599682	25,053514	23,734785	24,423878	23,955050	24,924530	21,109600	20,695372	22,089821	22,270409	23,776690	20,400000	23,500000	26,029999	23,609999	20,129999	20,090000	19,930000	19,889999	19,799999	614,739014	0,023451	20,000000	99994,000000	23,000000
3333,000000	19,741913	0,000000	0,000000	0,000000	0,000000	24,594629	25,053514	23,719610	24,418825	23,949976	24,914423	21,104553	20,805210	22,110022	22,295679	23,796898	20,400000	23,539999	26,029999	23,600000	20,119999	20,090000	19,930000	19,889999	19,809999	340282346638528860000000000000000000000,000000	0,023288	20,000000	99994,000000	23,000000
3335,000000	19,882072	0,000000	0,000000	0,000000	0,000000	24,604755	24,943697	23,724661	24,418825	23,949976	24,919476	21,084341	20,700422	22,255241	22,290628	23,791847	20,400000	23,549999	26,029999	23,580000	20,129999	20,080000	19,930000	19,889999	19,809999	340282346638528860000000000000000000000,000000	0,023259	20,000000	99994,000000	23,000000
3337,000000	19,741913	0,000000	0,000000	0,000000	0,000000	24,604755	24,938623	23,719610	24,418825	24,059818	24,924530	21,109600	20,810278	22,255241	22,290628	23,756460	20,400000	23,519999	26,019999	23,580000	20,119999	20,080000	19,930000	19,900000	19,830000	619,760010	0,023238	20,000000	99994,000000	23,000000
3339,000000	19,746960	0,000000	0,000000	0,000000	0,000000	24,604755	24,943697	23,709484	24,418825	24,049694	24,909369	21,104553	20,800163	22,265360	22,195948	23,781740	20,400000	23,490000	26,019999	23,580000	20,119999	20,080000	19,930000	19,889999	19,840000	605,642029	0,023459	20,000000	99994,000000	23,000000
3341,000000	19,716661	0,000000	0,000000	0,000000	0,000000	24,594629	24,938623	23,714556	24,423878	24,034536	24,919476	21,295221	20,790068	22,270409	22,206047	23,692125	20,400000	23,519999	26,010000	23,609999	20,119999	20,080000	19,939999	19,900000	19,840000	340282346638528860000000000000000000000,000000	0,023425	20,000000	99994,000000	23,000000
3343,000000	19,706551	0,000000	0,000000	0,000000	0,000000	24,594629	25,053514	23,724661	24,418825	24,034536	24,899240	21,310387	20,795116	22,260290	22,211098	23,791847	20,400000	23,549999	26,019999	23,600000	20,119999	20,080000	19,939999	19,889999	19,840000	340282346638528860000000000000000000000,000000	0,023488	20,000000	99994,000000	23,000000
3345,000000	19,706551	0,000000	0,000000	0,000000	0,000000	24,594629	25,048460	23,714556	24,418825	24,039587	24,904316	21,280077	20,800163	22,255241	22,305779	23,751408	20,400000	23,500000	26,029999	23,600000	20,119999	20,080000	19,939999	19,889999	19,830000	340282346638528860000000000000000000000,000000	0,023360	20,000000	99994,000000	23,000000
3347,000000	19,716661	0,000000	0,000000	0,000000	0,000000	24,599682	25,038334	23,714556	24,418825	24,049694	24,909369	21,305338	20,690325	22,104971	22,265360	23,771618	20,400000	23,490000	26,010000	23,639999	20,119999	20,080000	19,939999	19,879999	19,820000	620,035034	0,023491	20,000000	99994,000000	23,000000
3349,000000	19,716661	0,000000	0,000000	0,000000	0,000000	24,609808	25,033279	23,719610	24,413773	23,944923	24,904316	21,305338	20,695372	22,089821	22,260290	23,761515	20,400000	23,519999	26,039999	23,629999	20,119999	20,080000	19,939999	19,889999	19,820000	599,505005	0,023567	20,000000	99994,000000	23,000000
3351,000000	19,746960	0,000000	0,000000	0,000000	0,000000	24,599682	25,033279	23,714556	24,423878	24,059818	24,904316	21,200531	20,690325	22,084772	22,285561	23,761515	20,400000	23,519999	26,039999	23,609999	20,119999	20,080000	19,930000	19,900000	19,809999	340282346638528860000000000000000000000,000000	0,023381	20,000000	99994,000000	23,000000
3353,000000	19,741913	0,000000	0,000000	0,000000	0,000000	24,594629	25,028227	23,719610	24,418825	24,054766	24,909369	21,190435	20,690325	22,089821	22,260290	23,801950	20,400000	23,519999	26,029999	23,609999	20,119999	20,080000	19,939999	19,900000	19,809999	605,828003	0,023478	20,000000	99998,000000	23,000000
3355,000000	19,741913	0,000000	0,000000	0,000000	0,000000	24,589573	25,038334	23,714556	24,418825	24,059818	24,919476	21,295221	20,700422	22,074654	22,089821	23,712355	20,400000	23,559999	26,019999	23,619999	20,119999	20,080000	19,939999	19,910000	19,799999	619,149048	0,023496	20,000000	99998,000000	23,000000
3357,000000	19,882072	0,000000	0,000000	0,000000	0,000000	24,584520	25,043386	23,719610	24,418825	23,939871	24,909369	21,285124	20,690325	22,064554	22,089821	23,722460	20,410000	23,590000	26,010000	23,609999	20,119999	20,080000	19,939999	19,910000	19,799999	609,231018	0,023762	20,000000	99998,000000	23,100000
3359,000000	19,741913	0,000000	0,000000	0,000000	0,000000	24,569342	25,048460	23,714556	24,418825	23,944923	24,904316	21,275028	20,810278	22,179434	22,079702	23,692125	20,410000	23,559999	26,000000	23,609999	20,119999	20,080000	19,939999	19,900000	19,799999	340282346638528860000000000000000000000,000000	0,023631	20,000000	99994,000000	23,100000
3361,000000	19,741913	0,000000	0,000000	0,000000	0,000000	24,569342	25,033279	23,709484	24,413773	23,944923	24,899240	21,269960	20,805210	22,179434	22,084772	23,812075	20,410000	23,559999	26,000000	23,600000	20,119999	20,080000	19,939999	19,889999	19,799999	622,795044	0,023615	20,000000	99998,000000	23,100000
3363,000000	19,741913	0,000000	0,000000	0,000000	0,000000	24,594629	25,053514	23,719610	24,413773	23,944923	24,884081	21,109600	20,805210	22,079702	22,265360	23,707304	20,400000	23,549999	26,010000	23,580000	20,119999	20,080000	19,939999	19,900000	19,799999	613,785034	0,023868	20,000000	99994,000000	23,100000
3365,000000	19,882072	0,000000	0,000000	0,000000	0,000000	24,604755	25,058571	23,714556	24,418825	24,059818	24,743898	21,084341	20,805210	22,115089	22,300728	23,707304	20,400000	23,570000	26,029999	23,559999	20,119999	20,080000	19,939999	19,920000	19,809999	604,819031	0,023506	20,000000	99994,000000	23,100000
3367,000000	19,882072	0,000000	0,000000	0,000000	0,000000	24,614862	24,943697	23,714556	24,413773	24,049694	24,879026	21,114651	20,690325	22,260290	22,190878	23,697178	20,400000	23,580000	26,039999	23,570000	20,119999	20,080000	19,939999	19,930000	19,799999	584,607056	0,023600	20,000000	99994,000000	23,100000
3369,000000	19,882072	0,000000	0,000000	0,000000	0,000000	24,614862	24,938623	23,724661	24,418825	24,054766	24,889133	21,200531	20,710535	22,120140	22,260290	23,747740	20,400000	23,580000	26,029999	23,609999	20,129999	20,080000	19,939999	19,920000	19,799999	620,637024	0,023499	20,000000	99994,000000	23,000000
3371,000000	19,892164	0,000000	0,000000	0,000000	0,000000	24,609808	25,048460	23,724661	24,418825	23,944923	24,904316	21,220745	20,715584	22,094873	22,084772	23,877792	20,400000	23,619999	26,010000	23,650000	20,119999	20,080000	19,939999	19,930000	19,799999	616,662048	0,023418	20,000000	99994,000000	23,000000
3373,000000	19,887119	0,000000	0,000000	0,000000	0,000000	24,604755	25,048460	23,724661	24,418825	23,960102	24,899240	21,215696	20,725677	22,079702	22,184505	23,737637	20,400000	23,619999	26,010000	23,680000	20,129999	20,080000	19,939999	19,930000	19,799999	340282346638528860000000000000000000000,000000	0,023085	20,000000	99994,000000	23,000000
3375,000000	19,902277	0,000000	0,000000	0,000000	0,000000	24,599682	25,053514	23,734785	24,418825	23,970205	24,924530	21,300268	20,720631	22,069603	22,184505	23,877792	20,400000	23,609999	26,019999	23,709999	20,119999	20,080000	19,939999	19,959999	19,799999	340282346638528860000000000000000000000,000000	0,023263	20,000000	99998,000000	23,000000
3377,000000	19,907322	0,000000	0,000000	0,000000	0,000000	24,604755	25,033279	23,729733	24,428932	23,990437	24,929583	21,264912	20,725677	22,064554	22,184505	23,727510	20,400000	23,619999	26,049999	23,689999	20,129999	20,080000	19,930000	19,969999	19,799999	340282346638528860000000000000000000000,000000	0,023365	20,000000	99998,000000	23,000000
3379,000000	19,912388	0,000000	0,000000	0,000000	0,000000	24,609808	25,043386	23,729733	24,423878	23,990437	24,814713	21,104553	20,730728	22,074654	22,079702	23,712355	20,400000	23,609999	26,049999	23,670000	20,129999	20,080000	19,939999	19,969999	19,799999	340282346638528860000000000000000000000,000000	0,023427	20,000000	99998,000000	23,000000
3381,000000	19,907322	0,000000	0,000000	0,000000	0,000000	24,614862	25,053514	23,734785	24,423878	23,970205	24,919476	21,084341	20,730728	22,094873	22,260290	23,717407	20,400000	23,570000	26,049999	23,619999	20,129999	20,080000	19,939999	19,959999	19,789999	340282346638528860000000000000000000000,000000	0,023697	20,000000	99998,000000	23,100000
3383,000000	19,907322	0,000000	0,000000	0,000000	0,000000	24,614862	24,953806	23,729733	24,423878	23,949976	24,909369	21,074244	20,720631	22,110022	22,275459	23,737637	20,410000	23,590000	26,049999	23,590000	20,129999	20,090000	19,930000	19,949999	19,789999	615,319031	0,023385	20,000000	99998,000000	23,100000
3385,000000	19,902277	0,000000	0,000000	0,000000	0,000000	24,619915	24,943697	23,729733	24,428932	24,049694	24,904316	21,064129	20,715584	22,250189	22,300728	23,747740	20,410000	23,600000	26,090000	23,570000	20,129999	20,080000	19,930000	19,939999	19,789999	340282346638528860000000000000000000000,000000	0,023576	20,000000	99994,000000	23,100000
3387,000000	19,887119	0,000000	0,000000	0,000000	0,000000	24,609808	24,953806	23,729733	24,428932	24,039587	24,904316	21,084341	20,715584	22,250189	22,280508	23,737637	20,400000	23,600000	26,039999	23,570000	20,129999	20,090000	19,939999	19,939999	19,789999	611,685059	0,023130	20,000000	99998,000000	23,100000
3389,000000	19,877026	0,000000	0,000000	0,000000	0,000000	24,619915	24,958878	23,724661	24,423878	24,049694	24,909369	21,084341	20,710535	22,115089	22,270409	23,747740	20,400000	23,600000	26,029999	23,590000	20,139999	20,090000	19,930000	19,949999	19,789999	340282346638528860000000000000000000000,000000	0,023747	20,000000	99998,000000	23,100000
3391,000000	19,882072	0,000000	0,000000	0,000000	0,000000	24,619915	24,948751	23,719610	24,423878	24,059818	24,914423	21,069195	20,700422	22,099922	22,250189	23,732584	20,400000	23,629999	26,029999	23,609999	20,129999	20,100000	19,930000	19,949999	19,789999	340282346638528860000000000000000000000,000000	0,023411	20,000000	99998,000000	23,000000
3393,000000	19,877026	0,000000	0,000000	0,000000	0,000000	24,599682	24,938623	23,724661	24,423878	23,939871	24,909369	21,084341	20,695372	22,084772	22,115089	23,722460	20,400000	23,570000	26,019999	23,590000	20,139999	20,100000	19,930000	19,939999	19,789999	340282346638528860000000000000000000000,000000	0,023542	20,000000	99998,000000	23,000000
3395,000000	19,746960	0,000000	0,000000	0,000000	0,000000	24,594629	24,943697	23,724661	24,428932	24,059818	24,919476	21,074244	20,810278	22,084772	22,099922	23,747740	20,400000	23,580000	26,029999	23,609999	20,139999	20,090000	19,930000	19,969999	19,789999	609,835999	0,023564	20,000000	99994,000000	23,000000
3397,000000	19,736868	0,000000	0,000000	0,000000	0,000000	24,604755	25,053514	23,714556	24,423878	23,939871	24,919476	21,069195	20,795116	22,074654	22,184505	23,812075	20,400000	23,590000	26,019999	23,639999	20,139999	20,100000	19,930000	20,000000	19,789999	340282346638528860000000000000000000000,000000	0,023341	20,000000	99994,000000	23,000000
3399,000000	19,731821	0,000000	0,000000	0,000000	0,000000	24,604755	25,028227	23,714556	24,423878	23,939871	24,914423	21,285124	20,790068	22,179434	22,149117	23,707304	20,400000	23,559999	26,000000	23,650000	20,150000	20,100000	19,930000	19,980000	19,779999	340282346638528860000000000000000000000,000000	0,023415	20,000000	99998,000000	23,000000
3401,000000	19,741913	0,000000	0,000000	0,000000	0,000000	24,589573	25,033279	23,714556	24,423878	24,054766	24,909369	21,104553	20,790068	22,064554	22,184505	23,786793	20,400000	23,549999	26,010000	23,609999	20,139999	20,090000	19,939999	20,000000	19,789999	340282346638528860000000000000000000000,000000	0,023510	20,000000	99998,000000	23,000000
3403,000000	19,736868	0,000000	0,000000	0,000000	0,000000	24,604755	25,053514	23,719610	24,423878	23,939871	24,894188	21,084341	20,800163	22,074654	22,064554	23,621338	20,400000	23,500000	26,010000	23,590000	20,150000	20,100000	19,939999	20,039999	19,779999	598,931030	0,023638	20,000000	99998,000000	23,000000
3405,000000	19,736868	0,000000	0,000000	0,000000	0,000000	24,604755	25,053514	23,709484	24,423878	24,059818	24,904316	21,079294	20,695372	22,110022	22,280508	23,801950	20,400000	23,519999	26,039999	23,580000	20,150000	20,100000	19,939999	20,020000	19,779999	605,833008	0,023565	20,000000	99998,000000	23,000000
3407,000000	19,877026	0,000000	0,000000	0,000000	0,000000	24,599682	24,948751	23,729733	24,418825	24,049694	24,914423	21,099504	20,690325	22,265360	22,305779	23,801950	20,400000	23,559999	26,059999	23,580000	20,139999	20,100000	19,939999	20,010000	19,779999	610,903015	0,023325	20,000000	99998,000000	23,000000
3409,000000	19,746960	0,000000	0,000000	0,000000	0,000000	24,609808	24,938623	23,739838	24,418825	24,039587	24,909369	21,094458	20,690325	22,275459	22,195948	23,796898	20,400000	23,519999	26,049999	23,600000	20,139999	20,090000	19,939999	20,010000	19,779999	340282346638528860000000000000000000000,000000	0,023566	20,000000	99994,000000	23,000000
3411,000000	19,877026	0,000000	0,000000	0,000000	0,000000	24,599682	24,943697	23,729733	24,423878	24,044640	24,904316	21,104553	20,810278	22,265360	22,216146	23,756460	20,400000	23,510000	26,039999	23,600000	20,139999	20,100000	19,939999	20,000000	19,779999	340282346638528860000000000000000000000,000000	0,023442	20,000000	99994,000000	23,000000
3413,000000	19,741913	0,000000	0,000000	0,000000	0,000000	24,599682	24,938623	23,724661	24,423878	24,049694	24,899240	21,104553	20,695372	22,265360	22,206047	23,596077	20,400000	23,469999	26,049999	23,580000	20,139999	20,100000	19,939999	19,980000	19,789999	615,189026	0,023647	20,000000	99994,000000	22,900000
3415,000000	19,736868	0,000000	0,000000	0,000000	0,000000	24,604755	24,943697	23,719610	24,423878	24,044640	24,889133	21,099504	20,690325	22,280508	22,206047	23,771618	20,389999	23,469999	26,049999	23,570000	20,139999	20,090000	19,939999	19,959999	19,779999	623,021057	0,023394	20,000000	99994,000000	22,900000
3417,000000	19,741913	0,000000	0,000000	0,000000	0,000000	24,614862	24,938623	23,719610	24,423878	24,029484	24,899240	21,099504	20,700422	22,285561	22,211098	23,707304	20,389999	23,539999	26,059999	23,580000	20,150000	20,100000	19,939999	19,959999	19,799999	340282346638528860000000000000000000000,000000	0,023620	20,000000	99994,000000	23,000000
3419,000000	19,877026	0,000000	0,000000	0,000000	0,000000	24,609808	24,948751	23,719610	24,423878	24,044640	24,904316	21,099504	20,700422	22,275459	22,305779	23,791847	20,400000	23,570000	26,059999	23,600000	20,139999	20,100000	19,939999	19,939999	19,809999	608,517029	0,023554	20,000000	99994,000000	23,000000
3421,000000	19,887119	0,000000	0,000000	0,000000	0,000000	24,609808	24,948751	23,724661	24,428932	23,939871	24,904316	21,094458	20,695372	22,265360	22,295679	23,611233	20,400000	23,519999	26,049999	23,600000	20,139999	20,100000	19,949999	19,930000	19,820000	616,901001	0,023681	20,000000	99994,000000	23,000000
3423,000000	19,741913	0,000000	0,000000	0,000000	0,000000	24,614862	24,943697	23,729733	24,423878	23,955050	24,899240	21,099504	20,690325	22,255241	22,260290	23,611233	20,389999	23,469999	26,029999	23,609999	20,139999	20,090000	19,939999	19,920000	19,809999	604,032043	0,023200	20,000000	99994,000000	23,100000
3425,000000	19,746960	0,000000	0,000000	0,000000	0,000000	24,599682	24,953806	23,734785	24,433987	23,949976	24,909369	21,119699	20,805210	22,115089	22,255241	23,611233	20,400000	23,490000	26,010000	23,629999	20,139999	20,090000	19,939999	19,900000	19,809999	340282346638528860000000000000000000000,000000	0,023525	20,000000	99994,000000	23,100000
3427,000000	19,726755	0,000000	0,000000	0,000000	0,000000	24,609808	25,048460	23,729733	24,423878	23,939871	24,909369	21,109600	20,795116	22,099922	22,275459	23,606182	20,389999	23,439999	26,000000	23,609999	20,139999	20,090000	19,939999	19,889999	19,809999	620,573059	0,023150	20,000000	99994,000000	23,100000
3429,000000	19,726755	0,000000	0,000000	0,000000	0,000000	24,604755	25,048460	23,724661	24,423878	23,939871	24,899240	21,094458	20,795116	22,104971	22,275459	23,766565	20,400000	23,480000	26,010000	23,600000	20,129999	20,100000	19,939999	19,889999	19,799999	340282346638528860000000000000000000000,000000	0,023217	20,000000	99994,000000	23,000000
3431,000000	19,731821	0,000000	0,000000	0,000000	0,000000	24,614862	25,053514	23,724661	24,423878	24,054766	24,894188	21,069195	20,805210	22,115089	22,290628	23,776690	20,400000	23,500000	26,029999	23,590000	20,129999	20,100000	19,939999	19,869999	19,789999	600,430054	0,023515	20,000000	99994,000000	23,000000
3433,000000	19,736868	0,000000	0,000000	0,000000	0,000000	24,604755	25,058571	23,719610	24,428932	24,059818	24,904316	21,109600	20,810278	22,104971	22,275459	23,751408	20,400000	23,500000	26,029999	23,609999	20,129999	20,100000	19,939999	19,859999	19,799999	340282346638528860000000000000000000000,000000	0,023424	20,000000	99994,000000	23,000000
3435,000000	19,721710	0,000000	0,000000	0,000000	0,000000	24,609808	25,048460	23,729733	24,423878	24,054766	24,904316	21,114651	20,695372	22,099922	22,300728	23,761515	20,389999	23,480000	26,039999	23,609999	20,129999	20,100000	19,939999	19,859999	19,789999	340282346638528860000000000000000000000,000000	0,024047	20,000000	99994,000000	23,000000
3437,000000	19,721710	0,000000	0,000000	0,000000	0,000000	24,614862	25,048460	23,729733	24,428932	24,059818	24,904316	21,109600	20,695372	22,104971	22,305779	23,756460	20,400000	23,469999	26,049999	23,590000	20,129999	20,100000	19,939999	19,859999	19,799999	340282346638528860000000000000000000000,000000	0,023382	20,000000	99994,000000	23,000000
3439,000000	19,721710	0,000000	0,000000	0,000000	0,000000	24,594629	25,053514	23,719610	24,423878	23,939871	24,899240	21,079294	20,710535	22,099922	22,275459	23,786793	20,400000	23,459999	26,019999	23,609999	20,129999	20,100000	19,939999	19,859999	19,799999	340282346638528860000000000000000000000,000000	0,023575	20,000000	99994,000000	23,000000
3441,000000	19,731821	0,000000	0,000000	0,000000	0,000000	24,594629	25,048460	23,719610	24,423878	23,944923	24,899240	21,184080	20,700422	22,104971	22,300728	23,727510	20,400000	23,519999	26,039999	23,590000	20,129999	20,109999	19,949999	19,859999	19,799999	340282346638528860000000000000000000000,000000	0,023588	20,000000	99994,000000	23,100000
3443,000000	19,731821	0,000000	0,000000	0,000000	0,000000	24,589573	25,053514	23,724661	24,428932	24,054766	24,909369	21,084341	20,695372	22,104971	22,265360	23,742689	20,400000	23,590000	26,049999	23,590000	20,129999	20,109999	19,939999	19,859999	19,789999	340282346638528860000000000000000000000,000000	0,023602	20,000000	99994,000000	23,100000
3445,000000	19,731821	0,000000	0,000000	0,000000	0,000000	24,589573	25,053514	23,714556	24,428932	24,054766	24,904316	21,104553	20,805210	22,094873	22,110022	23,717407	20,400000	23,570000	26,000000	23,600000	20,129999	20,100000	19,939999	19,850000	19,799999	617,856018	0,023542	20,000000	99994,000000	23,100000
3447,000000	19,726755	0,000000	0,000000	0,000000	0,000000	24,574394	25,033279	23,719610	24,418825	24,054766	24,909369	21,264912	20,785019	22,089821	22,250189	23,712355	20,400000	23,570000	26,000000	23,580000	20,119999	20,109999	19,939999	19,840000	19,789999	340282346638528860000000000000000000000,000000	0,023540	20,000000	99998,000000	23,100000
3449,000000	19,726755	0,000000	0,000000	0,000000	0,000000	24,599682	25,023151	23,724661	24,418825	23,939871	24,899240	21,290173	20,805210	22,089821	22,115089	23,766565	20,400000	23,529999	26,010000	23,609999	20,119999	20,109999	19,939999	19,840000	19,789999	340282346638528860000000000000000000000,000000	0,023447	20,000000	99994,000000	23,100000
3451,000000	19,726755	0,000000	0,000000	0,000000	0,000000	24,589573	25,023151	23,724661	24,423878	23,944923	24,899240	21,290173	20,805210	22,074654	22,084772	23,751408	20,400000	23,500000	26,000000	23,629999	20,119999	20,100000	19,939999	19,830000	19,799999	608,183044	0,023562	20,000000	99994,000000	23,100000
3453,000000	19,716661	0,000000	0,000000	0,000000	0,000000	24,609808	25,018097	23,719610	24,418825	23,955050	24,904316	21,195482	20,790068	22,179434	22,084772	23,591005	20,400000	23,469999	25,990000	23,639999	20,119999	20,109999	19,930000	19,840000	19,789999	340282346638528860000000000000000000000,000000	0,023440	20,000000	99994,000000	23,100000
3455,000000	19,696459	0,000000	0,000000	0,000000	0,000000	24,599682	25,018097	23,714556	24,418825	23,960102	24,904316	21,195482	20,785019	22,174385	22,179434	23,751408	20,400000	23,459999	25,969999	23,650000	20,109999	20,109999	19,930000	19,840000	19,789999	340282346638528860000000000000000000000,000000	0,023422	20,000000	99994,000000	23,200001
3457,000000	19,696459	0,000000	0,000000	0,000000	0,000000	24,594629	25,018097	23,734785	24,418825	23,949976	24,904316	21,215696	20,785019	22,069603	22,120140	23,796898	20,410000	23,529999	26,000000	23,629999	20,109999	20,109999	19,930000	19,830000	19,789999	609,563049	0,023637	20,000000	99994,000000	23,200001
3459,000000	19,706551	0,000000	0,000000	0,000000	0,000000	24,594629	25,028227	23,724661	24,418825	23,939871	24,914423	21,195482	20,790068	22,084772	22,275459	23,796898	20,400000	23,529999	26,010000	23,619999	20,119999	20,100000	19,930000	19,830000	19,789999	608,709045	0,023592	20,000000	99994,000000	23,200001
3461,000000	19,721710	0,000000	0,000000	0,000000	0,000000	24,604755	25,038334	23,729733	24,418825	24,059818	24,914423	21,305338	20,805210	22,104971	22,305779	23,801950	20,400000	23,529999	26,039999	23,609999	20,119999	20,109999	19,930000	19,830000	19,789999	616,342041	0,023180	20,000000	99994,000000	23,200001
3463,000000	19,731821	0,000000	0,000000	0,000000	0,000000	24,599682	25,033279	23,744888	24,423878	23,955050	24,929583	21,295221	20,810278	22,104971	22,285561	23,781740	20,400000	23,519999	26,029999	23,629999	20,119999	20,109999	19,930000	19,820000	19,789999	340282346638528860000000000000000000000,000000	0,023372	20,000000	99994,000000	23,200001
3465,000000	19,726755	0,000000	0,000000	0,000000	0,000000	24,594629	25,038334	23,734785	24,418825	23,955050	24,934658	21,300268	20,810278	22,104971	22,300728	23,796898	20,400000	23,510000	26,029999	23,639999	20,119999	20,109999	19,930000	19,820000	19,789999	340282346638528860000000000000000000000,000000	0,023465	20,000000	99994,000000	23,200001
3467,000000	19,741913	0,000000	0,000000	0,000000	0,000000	24,594629	25,038334	23,739838	24,423878	23,970205	24,814713	21,295221	20,695372	22,110022	22,305779	23,781740	20,410000	23,529999	26,029999	23,660000	20,109999	20,109999	19,930000	19,820000	19,789999	340282346638528860000000000000000000000,000000	0,023497	20,000000	99994,000000	23,200001
3469,000000	19,741913	0,000000	0,000000	0,000000	0,000000	24,589573	25,043386	23,739838	24,433987	23,970205	24,934658	21,295221	20,695372	22,104971	22,295679	23,606182	20,400000	23,480000	26,019999	23,660000	20,109999	20,109999	19,930000	19,820000	19,799999	340282346638528860000000000000000000000,000000	0,023563	20,000000	99994,000000	23,200001
3471,000000	19,746960	0,000000	0,000000	0,000000	0,000000	24,604755	25,033279	23,739838	24,428932	23,980330	24,814713	21,300268	20,690325	22,089821	22,295679	23,596077	20,410000	23,449999	26,000000	23,670000	20,109999	20,109999	19,930000	19,820000	19,809999	340282346638528860000000000000000000000,000000	0,023689	20,000000	99994,000000	23,200001
3473,000000	19,746960	0,000000	0,000000	0,000000	0,000000	24,614862	25,043386	23,729733	24,428932	23,980330	24,934658	21,259863	20,700422	22,099922	22,290628	23,756460	20,400000	23,500000	26,019999	23,629999	20,109999	20,109999	19,930000	19,820000	19,809999	607,552002	0,023641	20,000000	99994,000000	23,200001
3475,000000	19,887119	0,000000	0,000000	0,000000	0,000000	24,760098	24,938623	23,724661	24,433987	23,970205	24,924530	21,094458	20,710535	22,120140	22,275459	23,761515	20,400000	23,500000	26,029999	23,600000	20,109999	20,100000	19,920000	19,830000	19,809999	340282346638528860000000000000000000000,000000	0,023584	20,000000	99994,000000	23,200001
3477,000000	19,882072	0,000000	0,000000	0,000000	0,000000	24,624990	24,943697	23,734785	24,428932	23,960102	24,919476	21,084341	20,710535	22,265360	22,285561	23,766565	20,400000	23,519999	26,029999	23,580000	20,109999	20,100000	19,920000	19,840000	19,799999	340282346638528860000000000000000000000,000000	0,023809	20,000000	99994,000000	23,200001
3479,000000	19,892164	0,000000	0,000000	0,000000	0,000000	24,760098	24,948751	23,729733	24,428932	23,944923	24,914423	21,094458	20,715584	22,270409	22,195948	23,781740	20,400000	23,519999	26,049999	23,590000	20,109999	20,100000	19,920000	19,840000	19,799999	609,257019	0,023395	20,000000	99994,000000	23,200001
3481,000000	19,877026	0,000000	0,000000	0,000000	0,000000	24,624990	24,953806	23,739838	24,428932	23,939871	24,909369	21,269960	20,700422	22,270409	22,310827	23,611233	20,400000	23,510000	26,029999	23,609999	20,109999	20,100000	19,920000	19,859999	19,799999	340282346638528860000000000000000000000,000000	0,023585	20,000000	99994,000000	23,200001
3483,000000	19,741913	0,000000	0,000000	0,000000	0,000000	24,755043	25,058571	23,734785	24,433987	23,955050	24,919476	21,264912	20,800163	22,255241	22,310827	23,751408	20,400000	23,490000	26,019999	23,619999	20,109999	20,100000	19,920000	19,859999	19,799999	619,068054	0,023434	20,000000	99994,000000	23,200001
3485,000000	19,741913	0,000000	0,000000	0,000000	0,000000	24,599682	25,053514	23,739838	24,428932	23,965155	24,919476	21,269960	20,800163	22,250189	22,310827	23,591005	20,400000	23,480000	26,010000	23,639999	20,100000	20,100000	19,920000	19,859999	19,799999	623,293030	0,023631	20,000000	99994,000000	23,200001
3487,000000	19,741913	0,000000	0,000000	0,000000	0,000000	24,619915	25,043386	23,739838	24,433987	23,985382	24,919476	21,275028	20,800163	22,094873	22,260290	23,570799	20,410000	23,449999	26,019999	23,639999	20,100000	20,100000	19,920000	19,859999	19,799999	340282346638528860000000000000000000000,000000	0,023585	20,000000	99994,000000	23,200001
3489,000000	19,736868	0,000000	0,000000	0,000000	0,000000	24,609808	25,043386	23,734785	24,428932	23,975258	24,929583	21,280077	20,795116	22,089821	22,260290	23,585953	20,410000	23,449999	26,019999	23,650000	20,100000	20,100000	19,910000	19,859999	19,789999	607,832031	0,023598	20,000000	99994,000000	23,200001
3491,000000	19,736868	0,000000	0,000000	0,000000	0,000000	24,614862	25,043386	23,734785	24,433987	23,970205	24,924530	21,280077	20,790068	22,099922	22,295679	23,601128	20,410000	23,469999	26,029999	23,639999	20,100000	20,100000	19,910000	19,850000	19,789999	340282346638528860000000000000000000000,000000	0,023547	20,000000	99994,000000	23,200001
3493,000000	19,731821	0,000000	0,000000	0,000000	0,000000	24,604755	25,033279	23,744888	24,428932	23,970205	24,929583	21,285124	20,790068	22,094873	22,255241	23,766565	20,410000	23,490000	26,010000	23,650000	20,100000	20,100000	19,910000	19,850000	19,789999	600,301025	0,023683	20,000000	99998,000000	23,200001
3495,000000	19,726755	0,000000	0,000000	0,000000	0,000000	24,599682	25,033279	23,734785	24,433987	23,960102	24,934658	21,300268	20,805210	22,094873	22,255241	23,702232	20,410000	23,529999	26,039999	23,650000	20,100000	20,100000	19,910000	19,850000	19,789999	340282346638528860000000000000000000000,000000	0,023617	20,000000	99998,000000	23,200001
3497,000000	19,731821	0,000000	0,000000	0,000000	0,000000	24,604755	25,048460	23,739838	24,433987	23,960102	24,929583	21,290173	20,810278	22,099922	22,270409	23,697178	20,410000	23,549999	26,029999	23,619999	20,100000	20,100000	19,910000	19,850000	19,789999	622,460022	0,023613	20,000000	99994,000000	23,100000
3499,000000	19,731821	0,000000	0,000000	0,000000	0,000000	24,624990	24,943697	23,744888	24,433987	23,949976	24,919476	21,124767	20,805210	22,250189	22,290628	23,812075	20,410000	23,539999	26,049999	23,590000	20,100000	20,100000	19,910000	19,859999	19,789999	610,433044	0,023679	20,000000	99998,000000	23,100000
3501,000000	19,741913	0,000000	0,000000	0,000000	0,000000	24,619915	24,958878	23,734785	24,433987	23,960102	24,919476	21,114651	20,805210	22,250189	22,290628	23,766565	20,410000	23,519999	26,029999	23,609999	20,100000	20,100000	19,910000	19,869999	19,799999	586,622009	0,023212	20,000000	99998,000000	23,000000
3503,000000	19,731821	0,000000	0,000000	0,000000	0,000000	24,624990	24,953806	23,744888	24,314058	23,970205	24,924530	21,269960	20,805210	22,120140	22,260290	23,776690	20,410000	23,490000	26,019999	23,629999	20,100000	20,100000	19,910000	19,879999	19,799999	340282346638528860000000000000000000000,000000	0,023010	20,000000	99994,000000	23,000000
3505,000000	19,736868	0,000000	0,000000	0,000000	0,000000	24,619915	24,943697	23,739838	24,319111	23,985382	24,814713	21,285124	20,695372	22,120140	22,265360	23,712355	20,410000	23,519999	26,019999	23,629999	20,100000	20,100000	19,910000	19,889999	19,799999	340282346638528860000000000000000000000,000000	0,023346	20,000000	99994,000000	23,000000
3507,000000	19,746960	0,000000	0,000000	0,000000	0,000000	24,619915	24,948751	23,749964	24,314058	23,980330	24,934658	21,280077	20,690325	22,250189	22,120140	23,727510	20,410000	23,590000	26,029999	23,650000	20,100000	20,100000	19,920000	19,900000	19,799999	340282346638528860000000000000000000000,000000	0,023472	20,000000	99994,000000	23,000000
3509,000000	19,882072	0,000000	0,000000	0,000000	0,000000	24,619915	25,053514	23,744888	24,314058	23,965155	24,934658	21,310387	20,705469	22,115089	22,115089	23,877792	20,410000	23,609999	26,049999	23,670000	20,109999	20,100000	19,920000	19,910000	19,809999	618,532043	0,023373	20,000000	99994,000000	23,000000
3511,000000	19,877026	0,000000	0,000000	0,000000	0,000000	24,760098	25,053514	23,885067	24,314058	23,975258	24,934658	21,290173	20,695372	22,099922	22,099922	23,887918	20,410000	23,619999	26,039999	23,680000	20,109999	20,100000	19,920000	19,910000	19,809999	340282346638528860000000000000000000000,000000	0,023648	20,000000	99998,000000	23,000000
3513,000000	19,746960	0,000000	0,000000	0,000000	0,000000	24,619915	25,053514	23,890120	24,319111	23,985382	24,814713	21,210648	20,805210	22,094873	22,110022	23,887918	20,410000	23,639999	26,039999	23,680000	20,109999	20,100000	19,920000	19,920000	19,809999	340282346638528860000000000000000000000,000000	0,023221	20,000000	99998,000000	23,000000
3515,000000	19,877026	0,000000	0,000000	0,000000	0,000000	24,619915	25,058571	23,885067	24,319111	23,985382	24,819765	21,310387	20,695372	22,115089	22,270409	23,887918	20,410000	23,590000	26,039999	23,639999	20,109999	20,100000	19,920000	19,910000	19,809999	595,225037	0,023504	20,000000	99998,000000	23,000000
3517,000000	19,877026	0,000000	0,000000	0,000000	0,000000	24,609808	24,948751	23,885067	24,324163	23,985382	24,929583	21,275028	20,710535	22,120140	22,290628	23,898022	20,410000	23,639999	26,070000	23,629999	20,109999	20,100000	19,920000	19,900000	19,820000	622,404053	0,023375	20,000000	99994,000000	23,000000
3519,000000	19,882072	0,000000	0,000000	0,000000	0,000000	24,599682	25,048460	23,890120	24,314058	24,130594	24,814713	21,305338	20,720631	22,250189	22,280508	23,933409	20,410000	23,639999	26,080000	23,670000	20,109999	20,100000	19,920000	19,889999	19,820000	602,509033	0,023517	20,000000	99994,000000	23,000000
3521,000000	19,882072	0,000000	0,000000	0,000000	0,000000	24,604755	25,043386	23,880014	24,319111	24,135666	24,819765	21,205599	20,715584	22,110022	22,250189	23,898022	20,410000	23,680000	26,059999	23,699999	20,109999	20,100000	19,920000	19,879999	19,809999	602,976013	0,023575	20,000000	99994,000000	23,100000
3523,000000	19,882072	0,000000	0,000000	0,000000	0,000000	24,609808	25,053514	23,895191	24,319111	24,125542	24,819765	21,310387	20,715584	22,110022	22,260290	23,707304	20,410000	23,609999	26,049999	23,680000	20,109999	20,100000	19,920000	19,889999	19,809999	340282346638528860000000000000000000000,000000	0,023392	20,000000	99998,000000	23,100000
3525,000000	19,892164	0,000000	0,000000	0,000000	0,000000	24,624990	25,058571	23,895191	24,319111	23,995489	24,819765	21,300268	20,715584	22,250189	22,280508	23,786793	20,410000	23,549999	26,049999	23,650000	20,109999	20,100000	19,920000	19,900000	19,830000	615,967041	0,023307	20,000000	99994,000000	23,100000
3527,000000	19,882072	0,000000	0,000000	0,000000	0,000000	24,624990	24,938623	23,749964	24,319111	23,975258	24,929583	21,114651	20,705469	22,260290	22,300728	23,766565	20,410000	23,510000	26,059999	23,609999	20,109999	20,100000	19,920000	19,910000	19,820000	340282346638528860000000000000000000000,000000	0,023537	20,000000	99994,000000	23,100000
3529,000000	19,887119	0,000000	0,000000	0,000000	0,000000	24,765150	24,948751	23,744888	24,319111	23,955050	24,919476	21,109600	20,810278	22,285561	22,305779	23,776690	20,410000	23,500000	26,070000	23,600000	20,109999	20,100000	19,920000	19,910000	19,809999	340282346638528860000000000000000000000,000000	0,023169	20,000000	99994,000000	23,100000
3531,000000	19,877026	0,000000	0,000000	0,000000	0,000000	24,765150	24,953806	23,739838	24,324163	23,955050	24,909369	21,259863	20,805210	22,280508	22,310827	23,756460	20,410000	23,519999	26,049999	23,600000	20,109999	20,109999	19,920000	19,910000	19,809999	340282346638528860000000000000000000000,000000	0,023314	20,000000	99994,000000	23,000000
3533,000000	19,736868	0,000000	0,000000	0,000000	0,000000	24,755043	24,948751	23,744888	24,324163	23,939871	24,899240	21,114651	20,800163	22,290628	22,200998	23,776690	20,410000	23,519999	26,059999	23,580000	20,109999	20,100000	19,920000	19,910000	19,799999	600,533020	0,023532	20,000000	99994,000000	23,000000
3535,000000	19,741913	0,000000	0,000000	0,000000	0,000000	24,765150	24,948751	23,744888	24,319111	24,054766	24,884081	21,099504	20,790068	22,305779	22,195948	23,761515	20,410000	23,529999	26,070000	23,559999	20,119999	20,109999	19,920000	19,900000	19,799999	602,710022	0,023500	20,000000	99998,000000	23,000000
3537,000000	19,741913	0,000000	0,000000	0,000000	0,000000	24,765150	24,948751	23,734785	24,319111	24,054766	24,884081	21,114651	20,795116	22,310827	22,195948	23,621338	20,410000	23,490000	26,070000	23,559999	20,119999	20,109999	19,920000	19,889999	19,799999	597,403015	0,023153	20,000000	99998,000000	23,000000
3539,000000	19,741913	0,000000	0,000000	0,000000	0,000000	24,760098	24,958878	23,739838	24,314058	24,059818	24,894188	21,269960	20,690325	22,305779	22,295679	23,776690	20,410000	23,490000	26,080000	23,580000	20,119999	20,109999	19,920000	19,900000	19,799999	621,167053	0,023147	20,000000	99998,000000	23,000000
3541,000000	19,882072	0,000000	0,000000	0,000000	0,000000	24,624990	24,938623	23,744888	24,314058	23,944923	24,909369	21,300268	20,720631	22,285561	22,120140	23,722460	20,410000	23,549999	26,080000	23,629999	20,119999	20,109999	19,920000	19,910000	19,799999	620,446045	0,023728	20,000000	99998,000000	23,100000
3543,000000	19,877026	0,000000	0,000000	0,000000	0,000000	24,619915	25,058571	23,880014	24,324163	23,960102	24,924530	21,215696	20,710535	22,255241	22,104971	23,747740	20,410000	23,619999	26,070000	23,650000	20,119999	20,109999	19,920000	19,900000	19,799999	621,257019	0,023429	20,000000	99998,000000	23,100000
3545,000000	19,877026	0,000000	0,000000	0,000000	0,000000	24,614862	24,938623	23,880014	24,319111	23,965155	24,814713	21,200531	20,725677	22,115089	22,120140	23,892971	20,410000	23,619999	26,070000	23,660000	20,119999	20,109999	19,920000	19,889999	19,799999	602,173035	0,023303	20,000000	99998,000000	23,100000
3547,000000	19,882072	0,000000	0,000000	0,000000	0,000000	24,624990	24,943697	23,880014	24,319111	23,960102	24,814713	21,300268	20,690325	22,120140	22,270409	23,702232	20,410000	23,570000	26,070000	23,629999	20,129999	20,100000	19,920000	19,879999	19,799999	340282346638528860000000000000000000000,000000	0,023177	20,000000	99998,000000	23,100000
3549,000000	19,877026	0,000000	0,000000	0,000000	0,000000	24,765150	24,943697	23,744888	24,324163	23,955050	24,919476	21,275028	20,805210	22,280508	22,270409	23,771618	20,410000	23,549999	26,070000	23,609999	20,119999	20,100000	19,920000	19,879999	19,789999	606,955017	0,023769	20,000000	99998,000000	23,100000
3551,000000	19,877026	0,000000	0,000000	0,000000	0,000000	24,770224	24,968988	23,744888	24,319111	23,939871	24,914423	21,259863	20,690325	22,290628	22,280508	23,601128	20,410000	23,490000	26,059999	23,590000	20,119999	20,109999	19,920000	19,869999	19,789999	588,410034	0,023817	20,000000	99998,000000	23,200001
3553,000000	19,877026	0,000000	0,000000	0,000000	0,000000	24,780333	24,974043	23,739838	24,319111	24,059818	24,909369	21,114651	20,695372	22,190878	22,290628	23,580902	20,410000	23,469999	26,080000	23,570000	20,119999	20,100000	19,920000	19,869999	19,799999	590,114014	0,023526	20,000000	99998,000000	23,200001
3555,000000	19,882072	0,000000	0,000000	0,000000	0,000000	24,790459	24,974043	23,734785	24,314058	24,059818	24,919476	21,099504	20,695372	22,216146	22,200998	23,606182	20,410000	23,469999	26,090000	23,559999	20,129999	20,100000	19,920000	19,869999	19,799999	610,542053	0,023085	20,000000	99998,000000	23,200001
3558,000000	19,877026	0,000000	0,000000	0,000000	0,000000	24,790459	24,968988	23,749964	24,324163	23,939871	24,909369	21,264912	20,795116	22,221216	22,310827	23,570799	20,410000	23,449999	26,059999	23,580000	20,129999	20,109999	19,930000	19,889999	19,799999	619,983032	0,023462	20,000000	99998,000000	23,100000
3560,000000	19,746960	0,000000	0,000000	0,000000	0,000000	24,785385	24,953806	23,749964	24,319111	23,949976	24,909369	21,285124	20,795116	22,211098	22,231318	23,575850	20,410000	23,400000	26,039999	23,590000	20,129999	20,100000	19,930000	19,889999	19,799999	621,727051	0,023442	20,000000	99998,000000	23,100000
3562,000000	19,746960	0,000000	0,000000	0,000000	0,000000	24,790459	24,968988	23,885067	24,319111	24,054766	24,919476	21,269960	20,690325	22,231318	22,376535	23,606182	20,410000	23,469999	26,059999	23,600000	20,129999	20,109999	19,930000	19,879999	19,799999	605,698059	0,002435	20,000000	99998,000000	23,000000
3565,000000	19,877026	0,000000	0,000000	0,000000	0,000000	24,800564	24,974043	23,880014	24,319111	24,049694	24,924530	21,099504	20,705469	22,226269	22,376535	23,786793	20,410000	23,490000	26,070000	23,580000	20,139999	20,109999	19,930000	19,889999	19,799999	610,765015	0,023335	20,000000	99998,000000	23,000000
3567,000000	19,892164	0,000000	0,000000	0,000000	0,000000	24,790459	24,984169	23,749964	24,319111	24,049694	24,929583	21,089390	20,705469	22,221216	22,241417	23,707304	20,410000	23,570000	26,059999	23,570000	20,129999	20,109999	19,930000	19,889999	19,799999	615,096008	0,023494	20,000000	99998,000000	23,000000
3569,000000	19,887119	0,000000	0,000000	0,000000	0,000000	24,780333	24,979115	23,885067	24,329218	24,049694	24,814713	21,089390	20,710535	22,216146	22,231318	23,807022	20,410000	23,559999	26,070000	23,570000	20,139999	20,100000	19,930000	19,900000	19,799999	605,450012	0,023502	20,000000	99998,000000	23,100000
3571,000000	19,897230	0,000000	0,000000	0,000000	0,000000	24,770224	24,989223	23,880014	24,319111	24,044640	24,814713	21,069195	20,710535	22,221216	22,236368	23,722460	20,410000	23,559999	26,080000	23,570000	20,139999	20,109999	19,930000	19,900000	19,799999	340282346638528860000000000000000000000,000000	0,023443	20,000000	99998,000000	23,100000
3573,000000	19,912388	0,000000	0,000000	0,000000	0,000000	24,765150	24,989223	23,880014	24,324163	24,049694	24,819765	21,074244	20,720631	22,216146	22,236368	23,742689	20,410000	23,590000	26,099998	23,580000	20,139999	20,100000	19,930000	19,910000	19,799999	587,364014	0,023457	20,000000	99998,000000	23,100000
3575,000000	19,902277	0,000000	0,000000	0,000000	0,000000	24,760098	24,994276	23,885067	24,324163	24,059818	24,824820	21,074244	20,705469	22,200998	22,195948	23,722460	20,410000	23,600000	26,090000	23,600000	20,139999	20,100000	19,930000	19,920000	19,809999	608,955017	0,023273	20,000000	99998,000000	23,100000
3577,000000	19,887119	0,000000	0,000000	0,000000	0,000000	24,760098	24,974043	23,880014	24,324163	23,944923	24,934658	21,094458	20,690325	22,290628	22,260290	23,812075	20,410000	23,549999	26,049999	23,639999	20,139999	20,100000	19,930000	19,920000	19,809999	616,501038	0,023432	20,000000	99998,000000	23,100000
3580,000000	19,877026	0,000000	0,000000	0,000000	0,000000	24,765150	24,963934	23,744888	24,324163	23,970205	24,934658	21,084341	20,715584	22,260290	22,260290	23,727510	20,410000	23,549999	26,049999	23,639999	20,139999	20,100000	19,930000	19,910000	19,809999	614,126038	0,023627	20,000000	99998,000000	23,200001
3582,000000	19,887119	0,000000	0,000000	0,000000	0,000000	24,760098	24,948751	23,749964	24,324163	23,975258	24,929583	21,064129	20,720631	22,250189	22,115089	23,717407	20,410000	23,609999	26,049999	23,629999	20,139999	20,100000	19,930000	19,910000	19,809999	589,955017	0,023780	20,000000	99998,000000	23,200001
3584,000000	19,877026	0,000000	0,000000	0,000000	0,000000	24,755043	24,958878	23,880014	24,329218	23,965155	24,934658	21,094458	20,710535	22,265360	22,285561	23,801950	20,410000	23,600000	26,049999	23,629999	20,129999	20,100000	19,930000	19,910000	19,809999	340282346638528860000000000000000000000,000000	0,023625	20,000000	99998,000000	23,200001
3586,000000	19,736868	0,000000	0,000000	0,000000	0,000000	24,755043	24,953806	23,749964	24,324163	23,965155	24,924530	21,094458	20,695372	22,270409	22,300728	23,801950	20,420000	23,529999	26,049999	23,600000	20,139999	20,100000	19,930000	19,900000	19,809999	610,233032	0,023294	20,000000	99998,000000	23,200001
3588,000000	19,731821	0,000000	0,000000	0,000000	0,000000	24,755043	24,963934	23,744888	24,324163	23,955050	24,924530	21,259863	20,810278	22,290628	22,200998	23,692125	20,410000	23,549999	26,039999	23,600000	20,139999	20,100000	19,930000	19,900000	19,809999	340282346638528860000000000000000000000,000000	0,023401	20,000000	99998,000000	23,100000
3590,000000	19,736868	0,000000	0,000000	0,000000	0,000000	24,755043	24,963934	23,749964	24,324163	23,955050	24,914423	21,104553	20,690325	22,300728	22,195948	23,776690	20,410000	23,539999	26,049999	23,590000	20,139999	20,100000	19,930000	19,900000	19,809999	340282346638528860000000000000000000000,000000	0,023415	20,000000	99998,000000	23,100000
3592,000000	19,746960	0,000000	0,000000	0,000000	0,000000	24,780333	24,943697	23,880014	24,329218	23,960102	24,914423	21,099504	20,810278	22,305779	22,200998	23,781740	20,410000	23,529999	26,070000	23,609999	20,139999	20,100000	19,930000	19,900000	19,809999	617,181030	0,023224	20,000000	99998,000000	23,100000
3594,000000	19,736868	0,000000	0,000000	0,000000	0,000000	24,775276	24,948751	23,885067	24,324163	23,970205	24,924530	21,094458	20,695372	22,300728	22,195948	23,692125	20,410000	23,529999	26,080000	23,619999	20,139999	20,100000	19,930000	19,900000	19,799999	340282346638528860000000000000000000000,000000	0,023298	20,000000	99998,000000	23,000000
3596,000000	19,741913	0,000000	0,000000	0,000000	0,000000	24,760098	24,943697	23,749964	24,324163	23,980330	24,924530	21,109600	20,810278	22,275459	22,280508	23,807022	20,420000	23,549999	26,059999	23,650000	20,129999	20,100000	19,930000	19,900000	19,799999	340282346638528860000000000000000000000,000000	0,023121	20,000000	99998,000000	23,000000
3598,000000	19,726755	0,000000	0,000000	0,000000	0,000000	24,619915	25,058571	23,749964	24,324163	23,990437	24,919476	21,264912	20,795116	22,255241	22,285561	23,756460	20,420000	23,510000	26,029999	23,639999	20,139999	20,100000	19,930000	19,930000	19,799999	609,713013	0,023279	20,000000	99998,000000	23,000000
3600,000000	19,721710	0,000000	0,000000	0,000000	0,000000	24,619915	24,938623	23,729733	24,324163	23,995489	24,929583	21,264912	20,795116	22,250189	22,280508	23,591005	20,420000	23,459999	26,029999	23,629999	20,139999	20,100000	19,930000	19,920000	19,799999	609,786011	0,023371	20,000000	100002,000000	23,000000
3602,000000	19,721710	0,000000	0,000000	0,000000	0,000000	24,624990	25,058571	23,749964	24,324163	23,990437	24,919476	21,259863	20,779972	22,120140	22,265360	23,665466	20,420000	23,420000	26,039999	23,639999	20,139999	20,100000	19,939999	19,910000	19,799999	623,021057	0,023403	20,000000	100002,000000	23,000000
3604,000000	19,706551	0,000000	0,000000	0,000000	0,000000	24,755043	25,058571	23,739838	24,324163	23,990437	24,904316	21,094458	20,774904	22,250189	22,255241	23,625010	20,420000	23,379999	26,039999	23,609999	20,139999	20,100000	19,939999	19,889999	19,799999	340282346638528860000000000000000000000,000000	0,023391	20,000000	100002,000000	23,000000
3606,000000	19,711617	0,000000	0,000000	0,000000	0,000000	24,755043	24,948751	23,734785	24,329218	23,975258	24,904316	21,114651	20,764811	22,250189	22,260290	23,645239	20,420000	23,389999	26,049999	23,609999	20,139999	20,100000	19,939999	19,889999	19,799999	340282346638528860000000000000000000000,000000	0,023473	20,000000	99998,000000	23,000000
3608,000000	19,706551	0,000000	0,000000	0,000000	0,000000	24,624990	24,953806	23,739838	24,324163	23,960102	24,904316	21,119699	20,764811	22,115089	22,110022	23,640186	20,420000	23,400000	26,019999	23,629999	20,139999	20,090000	19,939999	19,910000	19,799999	340282346638528860000000000000000000000,000000	0,023578	20,000000	99998,000000	23,000000
3610,000000	19,706551	0,000000	0,000000	0,000000	0,000000	24,614862	25,058571	23,734785	24,319111	23,955050	24,899240	21,119699	20,764811	22,104971	22,115089	23,645239	20,420000	23,369999	26,000000	23,629999	20,139999	20,090000	19,939999	19,910000	19,789999	340282346638528860000000000000000000000,000000	0,023296	20,000000	99998,000000	23,000000
3612,000000	19,696459	0,000000	0,000000	0,000000	0,000000	24,609808	25,053514	23,739838	24,319111	23,949976	24,899240	21,109600	20,779972	22,099922	22,099922	23,591005	20,410000	23,459999	26,010000	23,619999	20,139999	20,090000	19,939999	19,910000	19,789999	340282346638528860000000000000000000000,000000	0,023702	20,000000	99998,000000	23,100000
3614,000000	19,706551	0,000000	0,000000	0,000000	0,000000	24,604755	25,048460	23,739838	24,324163	23,955050	24,914423	21,089390	20,805210	22,094873	22,184505	23,616285	20,410000	23,480000	26,019999	23,639999	20,139999	20,090000	19,939999	19,910000	19,789999	340282346638528860000000000000000000000,000000	0,023148	20,000000	99998,000000	23,100000
3616,000000	19,716661	0,000000	0,000000	0,000000	0,000000	24,599682	25,038334	23,744888	24,319111	23,975258	24,914423	21,079294	20,810278	22,084772	22,064554	23,791847	20,420000	23,539999	26,019999	23,650000	20,150000	20,100000	19,939999	19,910000	19,789999	340282346638528860000000000000000000000,000000	0,023660	20,000000	99998,000000	23,100000
3618,000000	19,706551	0,000000	0,000000	0,000000	0,000000	24,609808	25,043386	23,744888	24,314058	23,949976	24,909369	21,064129	20,690325	22,104971	22,260290	23,712355	20,420000	23,559999	26,039999	23,619999	20,139999	20,090000	19,939999	19,920000	19,789999	623,128052	0,023612	20,000000	99998,000000	23,100000
3620,000000	19,716661	0,000000	0,000000	0,000000	0,000000	24,614862	25,048460	23,749964	24,319111	23,949976	24,914423	21,163887	20,810278	22,255241	22,275459	23,737637	20,420000	23,600000	26,080000	23,609999	20,139999	20,100000	19,939999	19,949999	19,799999	620,938049	0,023432	20,000000	99998,000000	23,100000
3622,000000	19,711617	0,000000	0,000000	0,000000	0,000000	24,599682	25,048460	23,739838	24,324163	23,949976	24,924530	21,069195	20,785019	22,265360	22,290628	23,717407	20,410000	23,590000	26,070000	23,609999	20,150000	20,100000	19,949999	19,980000	19,789999	340282346638528860000000000000000000000,000000	0,023182	20,000000	99998,000000	23,100000
3624,000000	19,701506	0,000000	0,000000	0,000000	0,000000	24,619915	25,058571	23,739838	24,319111	23,939871	24,919476	21,094458	20,785019	22,265360	22,300728	23,697178	20,410000	23,570000	26,049999	23,609999	20,150000	20,100000	19,949999	19,990000	19,799999	597,572998	0,023401	20,000000	99998,000000	23,000000
3626,000000	19,701506	0,000000	0,000000	0,000000	0,000000	24,755043	24,948751	23,880014	24,314058	23,944923	24,929583	21,089390	20,774904	22,275459	22,310827	23,692125	20,420000	23,559999	26,049999	23,609999	20,150000	20,109999	19,949999	19,980000	19,799999	618,390015	0,023573	20,000000	99998,000000	23,000000
3628,000000	19,691414	0,000000	0,000000	0,000000	0,000000	24,755043	24,953806	23,895191	24,314058	23,960102	24,929583	21,094458	20,805210	22,270409	22,265360	23,717407	20,420000	23,549999	26,039999	23,639999	20,150000	20,109999	19,949999	19,980000	19,799999	617,576050	0,023352	20,000000	99998,000000	23,000000
3630,000000	19,706551	0,000000	0,000000	0,000000	0,000000	24,765150	25,058571	23,895191	24,319111	23,970205	24,934658	21,094458	20,700422	22,265360	22,255241	23,887918	20,420000	23,609999	26,039999	23,629999	20,150000	20,109999	19,949999	19,959999	19,799999	340282346638528860000000000000000000000,000000	0,023472	20,000000	100002,000000	23,000000
3632,000000	19,711617	0,000000	0,000000	0,000000	0,000000	24,624990	24,943697	23,890120	24,319111	23,970205	24,814713	21,094458	20,690325	22,250189	22,260290	23,747740	20,420000	23,639999	26,049999	23,650000	20,150000	20,109999	19,949999	19,939999	19,799999	622,147034	0,023460	20,000000	100002,000000	23,000000
3634,000000	19,706551	0,000000	0,000000	0,000000	0,000000	24,614862	25,058571	23,900242	24,319111	23,970205	24,814713	21,099504	20,695372	22,115089	22,099922	23,887918	20,420000	23,600000	26,049999	23,660000	20,150000	20,109999	19,949999	19,930000	19,809999	620,951050	0,023423	20,000000	100002,000000	23,000000
3636,000000	19,711617	0,000000	0,000000	0,000000	0,000000	24,609808	25,048460	23,900242	24,324163	23,995489	24,934658	21,094458	20,715584	22,089821	22,133968	23,908127	20,420000	23,629999	26,049999	23,719999	20,150000	20,109999	19,949999	19,930000	19,799999	340282346638528860000000000000000000000,000000	0,023412	20,000000	100002,000000	23,000000
3638,000000	19,701506	0,000000	0,000000	0,000000	0,000000	24,624990	25,043386	23,885067	24,319111	24,140718	24,814713	21,179031	20,730728	22,084772	22,164286	23,813459	20,420000	23,670000	26,080000	23,680000	20,150000	20,109999	19,949999	19,930000	19,809999	610,598999	0,023486	20,000000	100002,000000	23,000000
3640,000000	19,711617	0,000000	0,000000	0,000000	0,000000	24,624990	25,053514	23,885067	24,329218	24,140718	24,824820	21,064129	20,740843	22,084772	22,164286	23,903074	20,420000	23,680000	26,090000	23,689999	20,160000	20,109999	19,949999	19,920000	19,799999	340282346638528860000000000000000000000,000000	0,023593	20,000000	100002,000000	23,000000
3642,000000	19,731821	0,000000	0,000000	0,000000	0,000000	24,619915	25,048460	23,890120	24,329218	24,155878	24,819765	21,184080	20,730728	22,074654	22,133968	23,747740	20,420000	23,629999	26,039999	23,709999	20,160000	20,109999	19,949999	19,910000	19,799999	621,591003	0,023284	20,000000	100002,000000	23,000000
3644,000000	19,731821	0,000000	0,000000	0,000000	0,000000	24,624990	25,048460	23,880014	24,324163	24,145773	24,819765	21,173985	20,730728	22,069603	22,164286	23,737637	20,420000	23,609999	26,039999	23,680000	20,160000	20,109999	19,949999	19,900000	19,799999	601,263000	0,023688	20,000000	100002,000000	23,000000
3646,000000	19,746960	0,000000	0,000000	0,000000	0,000000	24,755043	24,943697	23,880014	24,324163	24,125542	24,819765	21,153770	20,745890	22,089821	22,069603	23,747740	20,420000	23,629999	26,059999	23,660000	20,160000	20,109999	19,949999	19,900000	19,809999	600,766052	0,023703	20,000000	100002,000000	23,000000
3648,000000	19,882072	0,000000	0,000000	0,000000	0,000000	24,755043	24,948751	23,880014	24,324163	24,125542	24,934658	21,168936	20,886032	22,115089	22,069603	23,918249	20,420000	23,650000	26,070000	23,650000	20,160000	20,100000	19,949999	19,900000	19,820000	340282346638528860000000000000000000000,000000	0,023654	20,000000	100002,000000	23,000000
3650,000000	19,892164	0,000000	0,000000	0,000000	0,000000	24,760098	24,948751	23,885067	24,324163	24,125542	24,819765	21,064129	20,875937	22,104971	22,089821	23,923304	20,420000	23,689999	26,090000	23,650000	20,160000	20,100000	19,949999	19,889999	19,820000	615,547058	0,023341	20,000000	99998,000000	23,000000
3652,000000	19,887119	0,000000	0,000000	0,000000	0,000000	24,760098	24,958878	23,880014	24,329218	23,985382	24,819765	21,173985	20,880985	22,250189	22,089821	23,833691	20,420000	23,719999	26,090000	23,629999	20,160000	20,100000	19,949999	19,879999	19,820000	340282346638528860000000000000000000000,000000	0,023376	20,000000	99998,000000	23,100000
3654,000000	19,897230	0,000000	0,000000	0,000000	0,000000	24,765150	24,968988	23,890120	24,329218	23,995489	24,845057	21,069195	20,875937	22,255241	22,099922	23,933409	20,420000	23,709999	26,090000	23,650000	20,150000	20,100000	19,949999	19,879999	19,809999	592,957031	0,023371	20,000000	99998,000000	23,100000
3656,000000	19,897230	0,000000	0,000000	0,000000	0,000000	24,770224	24,968988	23,895191	24,339344	23,990437	24,840002	21,184080	20,740843	22,260290	22,120140	23,742689	20,420000	23,639999	26,080000	23,639999	20,150000	20,100000	19,949999	19,879999	19,809999	617,336060	0,023621	20,000000	99998,000000	23,100000
3658,000000	19,877026	0,000000	0,000000	0,000000	0,000000	24,795511	24,989223	23,895191	24,334270	23,975258	24,834946	21,184080	20,740843	22,265360	22,255241	23,727510	20,420000	23,590000	26,070000	23,619999	20,150000	20,090000	19,949999	19,879999	19,809999	616,705017	0,023673	20,000000	99998,000000	23,100000
3660,000000	19,887119	0,000000	0,000000	0,000000	0,000000	24,795511	24,999353	23,910349	24,334270	23,975258	24,840002	21,179031	20,740843	22,280508	22,295679	23,727510	20,420000	23,619999	26,090000	23,619999	20,150000	20,090000	19,939999	19,889999	19,809999	340282346638528860000000000000000000000,000000	0,023551	20,000000	99998,000000	23,100000
3662,000000	19,887119	0,000000	0,000000	0,000000	0,000000	24,795511	25,134460	23,900242	24,339344	23,965155	24,824820	21,179031	20,740843	22,310827	22,195948	23,722460	20,420000	23,590000	26,090000	23,590000	20,160000	20,090000	19,939999	19,889999	19,809999	340282346638528860000000000000000000000,000000	0,023684	20,000000	99998,000000	23,200001
3664,000000	19,882072	0,000000	0,000000	0,000000	0,000000	24,795511	25,134460	23,905296	24,334270	23,955050	24,829874	21,064129	20,730728	22,190878	22,195948	23,712355	20,420000	23,559999	26,099998	23,590000	20,150000	20,090000	19,939999	19,900000	19,809999	601,225037	0,023518	20,000000	100002,000000	23,200001
3666,000000	19,882072	0,000000	0,000000	0,000000	0,000000	24,790459	25,129406	23,890120	24,339344	23,955050	24,814713	21,064129	20,725677	22,206047	22,216146	23,707304	20,430000	23,570000	26,090000	23,580000	20,150000	20,080000	19,939999	19,900000	19,809999	599,096008	0,023764	20,000000	99998,000000	23,200001
3668,000000	19,882072	0,000000	0,000000	0,000000	0,000000	24,795511	24,994276	23,900242	24,339344	23,960102	24,814713	21,104553	20,720631	22,195948	22,190878	23,892971	20,420000	23,570000	26,090000	23,609999	20,150000	20,090000	19,939999	19,900000	19,809999	569,988037	0,023585	20,000000	99998,000000	23,200001
3670,000000	19,746960	0,000000	0,000000	0,000000	0,000000	24,775276	24,984169	23,895191	24,339344	23,965155	24,814713	21,114651	20,715584	22,295679	22,280508	23,903074	20,420000	23,619999	26,080000	23,619999	20,150000	20,080000	19,939999	19,910000	19,809999	621,649048	0,023390	20,000000	100002,000000	23,200001
3672,000000	19,746960	0,000000	0,000000	0,000000	0,000000	24,775276	24,979115	23,895191	24,339344	23,970205	24,819765	21,119699	20,715584	22,295679	22,285561	23,892971	20,420000	23,629999	26,080000	23,619999	20,150000	20,090000	19,939999	19,920000	19,809999	340282346638528860000000000000000000000,000000	0,023830	20,000000	100002,000000	23,200001
3674,000000	19,882072	0,000000	0,000000	0,000000	0,000000	24,775276	24,968988	23,895191	24,339344	23,970205	24,819765	21,099504	20,710535	22,290628	22,295679	23,887918	20,420000	23,619999	26,090000	23,619999	20,150000	20,080000	19,939999	19,920000	19,809999	340282346638528860000000000000000000000,000000	0,023643	20,000000	100002,000000	23,200001
3676,000000	19,897230	0,000000	0,000000	0,000000	0,000000	24,770224	24,984169	23,895191	24,339344	23,975258	24,829874	21,114651	20,730728	22,280508	22,275459	23,918249	20,420000	23,639999	26,109999	23,639999	20,150000	20,080000	19,939999	19,910000	19,820000	340282346638528860000000000000000000000,000000	0,023522	20,000000	100002,000000	23,200001
3678,000000	19,902277	0,000000	0,000000	0,000000	0,000000	24,765150	24,968988	23,890120	24,344397	24,125542	24,840002	21,109600	20,725677	22,275459	22,270409	23,923304	20,420000	23,680000	26,109999	23,660000	20,150000	20,080000	19,939999	19,900000	19,830000	340282346638528860000000000000000000000,000000	0,023618	20,000000	100002,000000	23,200001
3680,000000	19,912388	0,000000	0,000000	0,000000	0,000000	24,624990	24,968988	23,900242	24,339344	24,125542	24,840002	21,280077	20,730728	22,265360	22,280508	23,813459	20,420000	23,689999	26,099998	23,680000	20,150000	20,080000	19,939999	19,889999	19,820000	615,537048	0,024066	20,000000	100002,000000	23,100000
3682,000000	19,907322	0,000000	0,000000	0,000000	0,000000	24,765150	24,953806	23,905296	24,339344	23,990437	24,845057	21,300268	20,730728	22,265360	22,290628	23,913198	20,420000	23,670000	26,099998	23,660000	20,139999	20,080000	19,939999	19,879999	19,820000	606,518005	0,023753	20,000000	100002,000000	23,100000
3684,000000	19,887119	0,000000	0,000000	0,000000	0,000000	24,760098	24,963934	23,895191	24,339344	23,985382	24,834946	21,300268	20,715584	22,280508	22,206047	23,732584	20,420000	23,650000	26,099998	23,639999	20,139999	20,080000	19,939999	19,869999	19,820000	340282346638528860000000000000000000000,000000	0,023161	20,000000	100002,000000	23,100000
3686,000000	19,887119	0,000000	0,000000	0,000000	0,000000	24,760098	24,963934	23,895191	24,339344	23,975258	24,840002	21,285124	20,705469	22,270409	22,190878	23,737637	20,420000	23,600000	26,090000	23,639999	20,139999	20,070000	19,939999	19,859999	19,820000	567,567017	0,023512	20,000000	100002,000000	23,100000
3688,000000	19,741913	0,000000	0,000000	0,000000	0,000000	24,760098	24,958878	23,890120	24,339344	23,970205	24,829874	21,285124	20,695372	22,260290	22,285561	23,737637	20,420000	23,619999	26,080000	23,639999	20,139999	20,070000	19,939999	19,859999	19,820000	340282346638528860000000000000000000000,000000	0,023155	20,000000	100002,000000	23,100000
3690,000000	19,741913	0,000000	0,000000	0,000000	0,000000	24,765150	24,948751	23,885067	24,339344	23,970205	24,819765	21,269960	20,800163	22,260290	22,270409	23,697178	20,420000	23,580000	26,059999	23,629999	20,139999	20,070000	19,930000	19,850000	19,820000	340282346638528860000000000000000000000,000000	0,023032	20,000000	100002,000000	23,100000
3692,000000	19,736868	0,000000	0,000000	0,000000	0,000000	24,755043	24,953806	23,885067	24,339344	23,970205	24,814713	21,220745	20,790068	22,250189	22,255241	23,807022	20,420000	23,549999	26,029999	23,629999	20,139999	20,070000	19,930000	19,840000	19,809999	340282346638528860000000000000000000000,000000	0,023173	20,000000	99998,000000	23,000000
3694,000000	19,726755	0,000000	0,000000	0,000000	0,000000	24,624990	24,943697	23,885067	24,334270	23,965155	24,924530	21,215696	20,785019	22,115089	22,275459	23,712355	20,420000	23,539999	26,029999	23,629999	20,139999	20,070000	19,930000	19,840000	19,799999	340282346638528860000000000000000000000,000000	0,023413	20,000000	99998,000000	23,000000
3696,000000	19,726755	0,000000	0,000000	0,000000	0,000000	24,755043	24,948751	23,890120	24,334270	23,949976	24,919476	21,310387	20,805210	22,265360	22,300728	23,737637	20,420000	23,580000	26,039999	23,609999	20,139999	20,080000	19,930000	19,830000	19,799999	582,046021	0,023546	20,000000	99998,000000	23,000000
3698,000000	19,716661	0,000000	0,000000	0,000000	0,000000	24,624990	24,953806	23,890120	24,334270	23,939871	24,929583	21,290173	20,695372	22,270409	22,190878	23,882845	20,420000	23,600000	26,059999	23,609999	20,129999	20,080000	19,930000	19,820000	19,809999	340282346638528860000000000000000000000,000000	0,023520	20,000000	99998,000000	23,100000
3700,000000	19,716661	0,000000	0,000000	0,000000	0,000000	24,619915	24,953806	23,885067	24,339344	23,944923	24,934658	21,310387	20,810278	22,275459	22,310827	23,877792	20,420000	23,600000	26,070000	23,629999	20,139999	20,080000	19,930000	19,830000	19,809999	340282346638528860000000000000000000000,000000	0,023329	20,000000	100002,000000	23,100000
3702,000000	19,721710	0,000000	0,000000	0,000000	0,000000	24,755043	24,948751	23,895191	24,334270	23,949976	24,814713	21,285124	20,805210	22,275459	22,295679	23,727510	20,420000	23,570000	26,059999	23,639999	20,129999	20,080000	19,930000	19,840000	19,809999	340282346638528860000000000000000000000,000000	0,023332	20,000000	100002,000000	23,100000
3704,000000	19,726755	0,000000	0,000000	0,000000	0,000000	24,624990	24,963934	23,900242	24,339344	23,955050	24,819765	21,290173	20,690325	22,275459	22,305779	23,882845	20,420000	23,570000	26,049999	23,629999	20,129999	20,080000	19,930000	19,869999	19,809999	340282346638528860000000000000000000000,000000	0,023653	20,000000	100002,000000	23,100000
3706,000000	19,721710	0,000000	0,000000	0,000000	0,000000	24,755043	24,974043	23,895191	24,334270	23,949976	24,824820	21,275028	20,690325	22,280508	22,275459	23,732584	20,420000	23,590000	26,049999	23,650000	20,129999	20,080000	19,930000	19,879999	19,809999	340282346638528860000000000000000000000,000000	0,023618	20,000000	99998,000000	23,100000
3708,000000	19,731821	0,000000	0,000000	0,000000	0,000000	24,765150	24,974043	23,895191	24,334270	23,960102	24,819765	21,269960	20,690325	22,295679	22,280508	23,717407	20,420000	23,580000	26,059999	23,650000	20,129999	20,070000	19,930000	19,869999	19,820000	340282346638528860000000000000000000000,000000	0,023474	20,000000	99998,000000	23,200001
3710,000000	19,882072	0,000000	0,000000	0,000000	0,000000	24,775276	24,979115	23,895191	24,334270	23,970205	24,829874	21,099504	20,695372	22,305779	22,270409	23,732584	20,420000	23,600000	26,080000	23,639999	20,129999	20,080000	19,930000	19,879999	19,820000	340282346638528860000000000000000000000,000000	0,023280	20,000000	99998,000000	23,200001
3712,000000	19,877026	0,000000	0,000000	0,000000	0,000000	24,775276	24,984169	23,900242	24,334270	23,990437	24,834946	21,259863	20,810278	22,300728	22,285561	23,702232	20,420000	23,559999	26,070000	23,660000	20,119999	20,070000	19,930000	19,879999	19,820000	340282346638528860000000000000000000000,000000	0,023067	20,000000	99998,000000	23,200001
3714,000000	19,877026	0,000000	0,000000	0,000000	0,000000	24,785385	24,979115	23,900242	24,344397	24,125542	24,845057	21,124767	20,805210	22,295679	22,190878	23,717407	20,420000	23,539999	26,059999	23,639999	20,119999	20,070000	19,930000	19,900000	19,830000	615,100037	0,023365	20,000000	100002,000000	23,200001
3716,000000	19,877026	0,000000	0,000000	0,000000	0,000000	24,775276	24,968988	23,895191	24,339344	24,125542	24,850109	21,305338	20,690325	22,285561	22,310827	23,742689	20,420000	23,570000	26,049999	23,660000	20,129999	20,070000	19,930000	19,910000	19,820000	592,614014	0,023358	20,000000	100002,000000	23,200001
3718,000000	19,877026	0,000000	0,000000	0,000000	0,000000	24,760098	24,948751	23,905296	24,344397	24,140718	24,845057	21,220745	20,810278	22,255241	22,110022	23,737637	20,420000	23,619999	26,039999	23,709999	20,129999	20,080000	19,930000	19,900000	19,809999	616,238037	0,023230	20,000000	99998,000000	23,200001
3720,000000	19,887119	0,000000	0,000000	0,000000	0,000000	24,770224	25,058571	23,905296	24,339344	24,155878	24,834946	21,205599	20,795116	22,120140	22,094873	23,702232	20,420000	23,580000	26,039999	23,709999	20,119999	20,080000	19,930000	19,889999	19,809999	600,370056	0,023194	20,000000	100002,000000	23,100000
3722,000000	19,746960	0,000000	0,000000	0,000000	0,000000	24,624990	25,048460	23,905296	24,339344	24,150826	24,829874	21,230862	20,785019	22,120140	22,110022	23,781740	20,420000	23,519999	26,039999	23,689999	20,129999	20,080000	19,930000	19,900000	19,799999	609,616028	0,023698	20,000000	100002,000000	23,100000
3724,000000	19,741913	0,000000	0,000000	0,000000	0,000000	24,624990	25,058571	23,905296	24,339344	24,140718	24,934658	21,225794	20,790068	22,115089	22,120140	23,786793	20,420000	23,500000	26,049999	23,670000	20,119999	20,070000	19,930000	19,889999	19,809999	340282346638528860000000000000000000000,000000	0,023478	20,000000	99998,000000	23,100000
3726,000000	19,736868	0,000000	0,000000	0,000000	0,000000	24,770224	24,943697	23,900242	24,344397	24,125542	24,934658	21,215696	20,800163	22,120140	22,270409	23,812075	20,430000	23,519999	26,039999	23,660000	20,129999	20,080000	19,930000	19,879999	19,809999	340282346638528860000000000000000000000,000000	0,023364	20,000000	99998,000000	23,100000
3728,000000	19,736868	0,000000	0,000000	0,000000	0,000000	24,770224	24,943697	23,895191	24,339344	23,995489	24,934658	21,210648	20,800163	22,260290	22,300728	23,771618	20,420000	23,529999	26,070000	23,639999	20,119999	20,080000	19,930000	19,889999	19,809999	340282346638528860000000000000000000000,000000	0,023495	20,000000	100002,000000	23,100000
3730,000000	19,746960	0,000000	0,000000	0,000000	0,000000	24,780333	24,963934	23,905296	24,339344	23,990437	24,929583	21,210648	20,785019	22,280508	22,190878	23,776690	20,420000	23,500000	26,059999	23,639999	20,129999	20,070000	19,930000	19,879999	19,809999	340282346638528860000000000000000000000,000000	0,023473	20,000000	100002,000000	23,100000
3732,000000	19,741913	0,000000	0,000000	0,000000	0,000000	24,785385	24,968988	23,890120	24,339344	23,985382	24,929583	21,310387	20,785019	22,285561	22,310827	23,781740	20,420000	23,510000	26,070000	23,629999	20,129999	20,080000	19,930000	19,900000	19,799999	340282346638528860000000000000000000000,000000	0,023479	20,000000	100002,000000	23,100000
3734,000000	19,882072	0,000000	0,000000	0,000000	0,000000	24,800564	24,984169	23,900242	24,339344	23,985382	24,929583	21,275028	20,785019	22,280508	22,290628	23,766565	20,420000	23,510000	26,059999	23,629999	20,129999	20,080000	19,930000	19,920000	19,799999	580,699036	0,023566	20,000000	100002,000000	23,100000
3736,000000	19,877026	0,000000	0,000000	0,000000	0,000000	24,795511	24,979115	23,895191	24,339344	23,985382	24,929583	21,275028	20,795116	22,295679	22,310827	23,766565	20,420000	23,500000	26,059999	23,609999	20,129999	20,080000	19,930000	19,920000	19,799999	340282346638528860000000000000000000000,000000	0,023509	20,000000	100002,000000	23,100000
3738,000000	19,741913	0,000000	0,000000	0,000000	0,000000	24,810694	24,989223	23,895191	24,344397	23,980330	24,929583	21,269960	20,805210	22,310827	22,190878	23,776690	20,420000	23,480000	26,049999	23,609999	20,129999	20,080000	19,930000	19,910000	19,799999	610,034058	0,023555	20,000000	100002,000000	23,100000
3740,000000	19,741913	0,000000	0,000000	0,000000	0,000000	24,805618	24,999353	23,900242	24,339344	23,985382	24,819765	21,109600	20,700422	22,190878	22,310827	23,702232	20,420000	23,539999	26,049999	23,619999	20,119999	20,080000	19,930000	19,910000	19,799999	340282346638528860000000000000000000000,000000	0,023623	20,000000	100002,000000	23,100000
3743,000000	19,746960	0,000000	0,000000	0,000000	0,000000	24,790459	24,999353	23,900242	24,339344	24,125542	24,829874	21,280077	20,705469	22,195948	22,190878	23,887918	20,420000	23,609999	26,039999	23,619999	20,129999	20,080000	19,939999	19,889999	19,799999	605,471008	0,023360	20,000000	100002,000000	23,100000
3745,000000	19,882072	0,000000	0,000000	0,000000	0,000000	24,775276	24,999353	23,900242	24,339344	24,145773	24,840002	21,280077	20,810278	22,310827	22,200998	23,908127	20,420000	23,619999	26,039999	23,650000	20,129999	20,080000	19,930000	19,889999	19,799999	622,094055	0,023476	20,000000	100002,000000	23,100000
3747,000000	19,877026	0,000000	0,000000	0,000000	0,000000	24,760098	24,974043	23,910349	24,344397	24,135666	24,850109	21,305338	20,800163	22,310827	22,200998	23,742689	20,420000	23,639999	26,049999	23,650000	20,129999	20,080000	19,930000	19,889999	19,799999	605,439026	0,023465	20,000000	100002,000000	23,100000
3749,000000	19,746960	0,000000	0,000000	0,000000	0,000000	24,770224	24,958878	23,910349	24,344397	24,125542	24,850109	21,215696	20,779972	22,295679	22,190878	23,732584	20,420000	23,600000	26,049999	23,660000	20,139999	20,090000	19,930000	19,889999	19,799999	340282346638528860000000000000000000000,000000	0,023251	20,000000	100002,000000	23,100000
3751,000000	19,882072	0,000000	0,000000	0,000000	0,000000	24,624990	24,963934	23,910349	24,349451	23,990437	24,834946	21,200531	20,774904	22,290628	22,305779	23,801950	20,420000	23,549999	26,029999	23,660000	20,129999	20,090000	19,939999	19,889999	19,799999	619,594055	0,023550	20,000000	100002,000000	23,100000
3753,000000	19,746960	0,000000	0,000000	0,000000	0,000000	24,760098	24,958878	23,890120	24,344397	23,980330	24,829874	21,300268	20,785019	22,290628	22,295679	23,776690	20,420000	23,510000	26,029999	23,639999	20,129999	20,090000	19,930000	19,879999	19,789999	340282346638528860000000000000000000000,000000	0,023782	20,000000	100002,000000	23,100000
3755,000000	19,736868	0,000000	0,000000	0,000000	0,000000	24,755043	24,953806	23,890120	24,344397	23,980330	24,824820	21,269960	20,785019	22,290628	22,295679	23,791847	20,420000	23,510000	26,029999	23,639999	20,139999	20,080000	19,939999	19,879999	19,799999	612,363037	0,023578	20,000000	100002,000000	23,200001
3757,000000	19,731821	0,000000	0,000000	0,000000	0,000000	24,760098	24,963934	23,890120	24,344397	23,990437	24,829874	21,275028	20,785019	22,285561	22,275459	23,727510	20,420000	23,549999	26,039999	23,650000	20,129999	20,090000	19,939999	19,920000	19,799999	340282346638528860000000000000000000000,000000	0,023239	20,000000	100002,000000	23,200001
3759,000000	19,736868	0,000000	0,000000	0,000000	0,000000	24,765150	24,958878	23,890120	24,344397	24,125542	24,829874	21,269960	20,800163	22,280508	22,265360	23,712355	20,420000	23,609999	26,039999	23,670000	20,139999	20,090000	19,939999	19,910000	19,799999	340282346638528860000000000000000000000,000000	0,023574	20,000000	100002,000000	23,100000
3761,000000	19,736868	0,000000	0,000000	0,000000	0,000000	24,770224	24,958878	23,890120	24,344397	24,125542	24,829874	21,114651	20,800163	22,285561	22,280508	23,796898	20,430000	23,549999	26,049999	23,680000	20,129999	20,090000	19,939999	19,900000	19,799999	609,984009	0,023482	20,000000	100002,000000	23,100000
3763,000000	19,731821	0,000000	0,000000	0,000000	0,000000	24,775276	24,968988	23,905296	24,344397	24,125542	24,814713	21,119699	20,805210	22,285561	22,275459	23,621338	20,430000	23,519999	26,049999	23,660000	20,129999	20,080000	19,930000	19,900000	19,799999	617,985046	0,023603	20,000000	100002,000000	23,100000
3765,000000	19,736868	0,000000	0,000000	0,000000	0,000000	24,795511	24,958878	23,895191	24,344397	24,130594	24,819765	21,119699	20,705469	22,290628	22,250189	23,766565	20,420000	23,490000	26,070000	23,660000	20,129999	20,080000	19,930000	19,869999	19,799999	340282346638528860000000000000000000000,000000	0,023426	20,000000	100002,000000	23,000000
3767,000000	19,741913	0,000000	0,000000	0,000000	0,000000	24,785385	24,963934	23,905296	24,344397	24,135666	24,824820	21,104553	20,715584	22,300728	22,275459	23,812075	20,420000	23,539999	26,049999	23,670000	20,129999	20,080000	19,930000	19,859999	19,809999	621,574036	0,023291	20,000000	100002,000000	23,000000
3769,000000	19,731821	0,000000	0,000000	0,000000	0,000000	24,790459	24,989223	23,905296	24,344397	24,125542	24,819765	21,079294	20,720631	22,295679	22,260290	23,801950	20,420000	23,539999	26,049999	23,639999	20,129999	20,080000	19,930000	19,850000	19,809999	601,420044	0,023640	20,000000	100002,000000	23,100000
3771,000000	19,726755	0,000000	0,000000	0,000000	0,000000	24,805618	24,979115	23,895191	24,344397	24,125542	24,814713	21,079294	20,725677	22,300728	22,275459	23,702232	20,420000	23,539999	26,059999	23,639999	20,129999	20,080000	19,930000	19,850000	19,799999	340282346638528860000000000000000000000,000000	0,023598	20,000000	100002,000000	23,100000
3773,000000	19,741913	0,000000	0,000000	0,000000	0,000000	24,795511	24,989223	23,890120	24,344397	23,995489	24,824820	21,084341	20,725677	22,310827	22,290628	23,877792	20,420000	23,590000	26,080000	23,639999	20,119999	20,080000	19,930000	19,840000	19,809999	596,174011	0,023356	20,000000	100002,000000	23,100000
3775,000000	19,887119	0,000000	0,000000	0,000000	0,000000	24,805618	24,994276	23,905296	24,344397	24,125542	24,834946	21,084341	20,730728	22,200998	22,310827	23,913198	20,420000	23,650000	26,090000	23,629999	20,129999	20,080000	19,920000	19,850000	19,820000	340282346638528860000000000000000000000,000000	0,023264	20,000000	100002,000000	23,100000
3777,000000	19,887119	0,000000	0,000000	0,000000	0,000000	24,805618	24,994276	23,905296	24,349451	24,140718	24,829874	21,099504	20,720631	22,190878	22,310827	23,742689	20,420000	23,629999	26,090000	23,639999	20,129999	20,080000	19,920000	19,859999	19,830000	608,995056	0,023226	20,000000	100002,000000	23,200001
3779,000000	19,877026	0,000000	0,000000	0,000000	0,000000	24,795511	24,989223	23,905296	24,354504	24,140718	24,840002	21,280077	20,695372	22,305779	22,300728	23,722460	20,420000	23,600000	26,090000	23,650000	20,119999	20,080000	19,920000	19,869999	19,859999	340282346638528860000000000000000000000,000000	0,023197	20,000000	100002,000000	23,200001
3781,000000	19,882072	0,000000	0,000000	0,000000	0,000000	24,800564	24,984169	23,910349	24,349451	24,140718	24,840002	21,290173	20,810278	22,305779	22,310827	23,801950	20,430000	23,570000	26,070000	23,670000	20,119999	20,080000	19,920000	19,869999	19,859999	600,131042	0,023052	20,000000	100002,000000	23,200001
3783,000000	19,882072	0,000000	0,000000	0,000000	0,000000	24,800564	24,989223	23,905296	24,349451	24,140718	24,834946	21,290173	20,810278	22,305779	22,200998	23,796898	20,430000	23,529999	26,049999	23,650000	20,119999	20,080000	19,920000	19,879999	19,869999	340282346638528860000000000000000000000,000000	0,023225	20,000000	100002,000000	23,200001
3785,000000	19,877026	0,000000	0,000000	0,000000	0,000000	24,775276	24,979115	23,915421	24,354504	24,135666	24,840002	21,300268	20,805210	22,300728	22,195948	23,781740	20,430000	23,510000	26,059999	23,650000	20,119999	20,080000	19,920000	19,879999	19,869999	340282346638528860000000000000000000000,000000	0,023288	20,000000	100002,000000	23,200001
3787,000000	19,731821	0,000000	0,000000	0,000000	0,000000	24,770224	24,989223	23,905296	24,349451	24,140718	24,834946	21,259863	20,800163	22,295679	22,300728	23,596077	20,420000	23,469999	26,049999	23,650000	20,119999	20,080000	19,920000	19,879999	19,859999	340282346638528860000000000000000000000,000000	0,023590	20,000000	100002,000000	23,200001
3789,000000	19,726755	0,000000	0,000000	0,000000	0,000000	24,790459	24,989223	23,890120	24,354504	24,140718	24,819765	21,114651	20,805210	22,300728	22,310827	23,596077	20,420000	23,439999	26,049999	23,650000	20,119999	20,080000	19,920000	19,889999	19,859999	611,604004	0,023625	20,000000	100002,000000	23,200001
3791,000000	19,731821	0,000000	0,000000	0,000000	0,000000	24,790459	24,984169	23,910349	24,349451	24,130594	24,824820	21,089390	20,810278	22,305779	22,200998	23,786793	20,430000	23,469999	26,029999	23,650000	20,119999	20,080000	19,920000	19,900000	19,869999	608,341003	0,023320	20,000000	100002,000000	23,200001
3793,000000	19,726755	0,000000	0,000000	0,000000	0,000000	24,785385	24,999353	23,895191	24,359556	23,980330	24,819765	21,079294	20,695372	22,206047	22,226269	23,707304	20,430000	23,559999	26,049999	23,619999	20,119999	20,070000	19,930000	19,920000	19,869999	340282346638528860000000000000000000000,000000	0,023687	20,000000	100002,000000	23,200001
3795,000000	19,877026	0,000000	0,000000	0,000000	0,000000	24,805618	24,994276	23,905296	24,349451	23,965155	24,829874	21,074244	20,700422	22,211098	22,226269	23,747740	20,430000	23,600000	26,070000	23,609999	20,119999	20,070000	19,930000	19,930000	19,900000	623,083008	0,023499	20,000000	100002,000000	23,200001
3797,000000	19,741913	0,000000	0,000000	0,000000	0,000000	24,805618	25,129406	23,910349	24,349451	23,985382	24,834946	21,079294	20,705469	22,226269	22,221216	23,903074	20,430000	23,619999	26,080000	23,629999	20,119999	20,070000	19,930000	19,930000	19,939999	340282346638528860000000000000000000000,000000	0,023544	20,000000	100002,000000	23,200001
3799,000000	19,892164	0,000000	0,000000	0,000000	0,000000	24,800564	25,134460	23,915421	24,359556	23,995489	24,840002	21,084341	20,715584	22,221216	22,226269	23,898022	20,430000	23,639999	26,070000	23,629999	20,119999	20,080000	19,930000	19,939999	19,959999	602,780029	0,023323	20,000000	100006,000000	23,200001
3801,000000	19,877026	0,000000	0,000000	0,000000	0,000000	24,810694	25,139515	23,920473	24,354504	24,125542	24,860237	21,094458	20,730728	22,216146	22,226269	23,913198	20,430000	23,629999	26,090000	23,650000	20,119999	20,080000	19,930000	19,949999	19,959999	596,074036	0,023924	20,000000	100002,000000	23,200001
3803,000000	19,887119	0,000000	0,000000	0,000000	0,000000	24,800564	25,144588	23,930576	24,364609	24,125542	24,870344	21,079294	20,740843	22,211098	22,236368	23,823584	20,430000	23,680000	26,090000	23,660000	20,129999	20,080000	19,930000	19,969999	19,969999	340282346638528860000000000000000000000,000000	0,023433	20,000000	100006,000000	23,200001
3805,000000	19,907322	0,000000	0,000000	0,000000	0,000000	24,810694	25,139515	23,935650	24,359556	23,995489	24,870344	21,074244	20,886032	22,216146	22,381586	23,853918	20,430000	23,719999	26,119999	23,650000	20,129999	20,090000	19,930000	19,980000	19,969999	596,715027	0,023540	20,000000	100006,000000	23,200001
3807,000000	19,932594	0,000000	0,000000	0,000000	0,000000	24,700853	25,149641	23,815702	24,359556	23,990437	24,860237	21,079294	20,906244	22,231318	22,386637	24,014305	20,430000	23,750000	26,139999	23,650000	20,129999	20,090000	19,930000	19,990000	19,969999	610,575012	0,023472	20,000000	100006,000000	23,200001
3809,000000	19,837891	0,000000	0,000000	0,000000	0,000000	24,695801	25,159752	23,815702	24,364609	23,995489	25,005453	21,104553	20,916359	22,381586	22,416956	23,874149	20,430000	23,750000	26,160000	23,660000	20,129999	20,090000	19,930000	20,000000	19,969999	340282346638528860000000000000000000000,000000	0,023609	20,000000	100006,000000	23,100000
3811,000000	19,863144	0,000000	0,000000	0,000000	0,000000	24,705927	25,169878	23,830877	24,374737	24,125542	25,010508	21,114651	20,931503	22,381586	22,437176	24,019360	20,430000	23,750000	26,189999	23,680000	20,129999	20,090000	19,930000	20,000000	19,980000	340282346638528860000000000000000000000,000000	0,023430	20,000000	100006,000000	23,100000
3813,000000	19,868210	0,000000	0,000000	0,000000	0,000000	24,705927	25,174932	23,835930	24,369684	24,135666	25,020634	21,285124	20,936550	22,391687	22,327328	24,004200	20,430000	23,769999	26,189999	23,699999	20,129999	20,090000	19,930000	20,000000	19,990000	340282346638528860000000000000000000000,000000	0,023523	20,000000	100006,000000	23,000000
3815,000000	20,008348	0,000000	0,000000	0,000000	0,000000	24,716034	25,159752	23,846037	24,374737	24,140718	25,030743	21,295221	20,821665	22,396736	22,327328	23,874149	20,430000	23,719999	26,209999	23,719999	20,129999	20,090000	19,930000	19,990000	19,990000	618,755005	0,023072	20,000000	100006,000000	23,000000
3817,000000	20,018459	0,000000	0,000000	0,000000	0,000000	24,716034	25,179987	23,866264	24,509842	24,145773	25,040871	21,300268	20,936550	22,396736	22,332397	23,874149	20,439999	23,719999	26,199999	23,719999	20,129999	20,090000	19,930000	19,980000	19,990000	594,248047	0,023525	20,000000	100006,000000	23,000000
3819,000000	20,018459	0,000000	0,000000	0,000000	0,000000	24,736269	25,185062	23,856161	24,514894	24,150826	25,056032	21,310387	20,936550	22,401806	22,347548	24,009253	20,430000	23,740000	26,199999	23,719999	20,129999	20,090000	19,930000	19,969999	19,990000	617,532043	0,023306	20,000000	100006,000000	23,000000
3821,000000	20,018459	0,000000	0,000000	0,000000	0,000000	24,731215	25,075224	23,851109	24,509842	24,160950	25,056032	21,190435	20,936550	22,406857	22,332397	23,874149	20,439999	23,730000	26,189999	23,719999	20,129999	20,100000	19,939999	19,980000	20,000000	606,530029	0,023194	20,000000	100006,000000	23,000000
3823,000000	20,018459	0,000000	0,000000	0,000000	0,000000	24,741343	25,070169	23,856161	24,525023	24,181162	25,045923	21,290173	20,926455	22,406857	22,317226	23,864025	20,430000	23,699999	26,189999	23,719999	20,129999	20,100000	19,939999	19,980000	20,000000	340282346638528860000000000000000000000,000000	0,023351	20,000000	100006,000000	23,000000
3825,000000	20,013414	0,000000	0,000000	0,000000	0,000000	24,731215	25,065117	23,851109	24,519968	24,181162	25,040871	21,290173	20,916359	22,396736	22,322277	23,843815	20,439999	23,709999	26,180000	23,719999	20,129999	20,090000	19,930000	19,990000	19,990000	340282346638528860000000000000000000000,000000	0,023495	20,000000	100006,000000	23,000000
3827,000000	19,873255	0,000000	0,000000	0,000000	0,000000	24,741343	25,065117	23,856161	24,519968	24,171055	25,035797	21,285124	20,906244	22,386637	22,432127	23,823584	20,439999	23,699999	26,170000	23,699999	20,129999	20,100000	19,930000	20,000000	19,990000	340282346638528860000000000000000000000,000000	0,023627	20,000000	100006,000000	23,000000
3829,000000	19,863144	0,000000	0,000000	0,000000	0,000000	24,731215	25,185062	23,840982	24,530075	24,166002	25,035797	21,280077	20,886032	22,391687	22,416956	23,823584	20,439999	23,680000	26,170000	23,699999	20,129999	20,100000	19,930000	20,000000	20,000000	599,204041	0,023236	20,000000	100006,000000	23,000000
3831,000000	19,868210	0,000000	0,000000	0,000000	0,000000	24,726162	25,179987	23,846037	24,525023	24,160950	25,035797	21,259863	20,875937	22,386637	22,427057	23,828638	20,439999	23,719999	26,180000	23,689999	20,129999	20,100000	19,939999	19,990000	19,990000	615,497009	0,023571	20,000000	100006,000000	23,100000
3833,000000	19,842937	0,000000	0,000000	0,000000	0,000000	24,721107	25,174932	23,830877	24,525023	24,160950	25,035797	21,259863	20,740843	22,381586	22,396736	23,843815	20,439999	23,719999	26,150000	23,699999	20,129999	20,100000	19,939999	20,000000	20,000000	340282346638528860000000000000000000000,000000	0,023911	20,000000	100006,000000	23,100000
3835,000000	19,817686	0,000000	0,000000	0,000000	0,000000	24,731215	25,169878	23,835930	24,530075	24,176109	25,040871	21,119699	20,730728	22,381586	22,396736	23,828638	20,439999	23,709999	26,150000	23,680000	20,139999	20,100000	19,939999	20,000000	20,000000	340282346638528860000000000000000000000,000000	0,023576	20,000000	100006,000000	23,100000
3837,000000	19,827799	0,000000	0,000000	0,000000	0,000000	24,726162	25,164825	23,840982	24,525023	24,171055	25,030743	21,280077	20,891102	22,246468	22,246468	23,833691	20,439999	23,689999	26,150000	23,699999	20,129999	20,100000	19,939999	20,010000	20,000000	340282346638528860000000000000000000000,000000	0,023423	20,000000	100006,000000	23,100000
3839,000000	19,832846	0,000000	0,000000	0,000000	0,000000	24,736269	25,164825	23,846037	24,525023	24,066286	25,045923	21,300268	20,906244	22,246468	22,246468	24,014305	20,439999	23,730000	26,170000	23,719999	20,139999	20,100000	19,939999	20,000000	19,990000	340282346638528860000000000000000000000,000000	0,023306	20,000000	100006,000000	23,100000
3841,000000	19,842937	0,000000	0,000000	0,000000	0,000000	24,731215	25,164825	23,866264	24,530075	24,071339	25,056032	21,300268	20,901196	22,236368	22,246468	23,823584	20,439999	23,730000	26,170000	23,730000	20,139999	20,100000	19,939999	20,000000	19,980000	614,379028	0,023236	20,000000	100006,000000	23,100000
3843,000000	19,848003	0,000000	0,000000	0,000000	0,000000	24,731215	25,169878	23,856161	24,530075	24,071339	25,056032	21,295221	20,906244	22,221216	22,200998	23,823584	20,439999	23,660000	26,139999	23,750000	20,150000	20,100000	19,939999	20,000000	19,969999	340282346638528860000000000000000000000,000000	0,023529	20,000000	100006,000000	23,100000
3845,000000	19,832846	0,000000	0,000000	0,000000	0,000000	24,731215	25,144588	23,861212	24,540182	24,076391	25,045923	21,290173	20,911291	22,206047	22,300728	23,913198	20,439999	23,660000	26,139999	23,769999	20,139999	20,100000	19,939999	20,020000	19,969999	340282346638528860000000000000000000000,000000	0,023249	20,000000	100006,000000	23,100000
3847,000000	19,827799	0,000000	0,000000	0,000000	0,000000	24,731215	25,149641	23,846037	24,530075	24,186214	25,040871	21,290173	20,906244	22,310827	22,310827	23,918249	20,449999	23,660000	26,139999	23,740000	20,139999	20,100000	19,939999	20,039999	19,959999	340282346638528860000000000000000000000,000000	0,023481	20,000000	100006,000000	23,100000
3849,000000	19,817686	0,000000	0,000000	0,000000	0,000000	24,736269	25,174932	23,840982	24,535130	24,176109	25,030743	21,300268	20,906244	22,190878	22,200998	23,887918	20,449999	23,650000	26,139999	23,709999	20,139999	20,100000	19,939999	20,039999	19,949999	340282346638528860000000000000000000000,000000	0,023343	20,000000	100006,000000	23,100000
3851,000000	19,817686	0,000000	0,000000	0,000000	0,000000	24,726162	25,159752	23,835930	24,530075	24,171055	25,015579	21,310387	20,896149	22,190878	22,206047	23,732584	20,449999	23,600000	26,139999	23,699999	20,139999	20,109999	19,939999	20,020000	19,939999	340282346638528860000000000000000000000,000000	0,023440	20,000000	100006,000000	23,100000
3853,000000	19,927528	0,000000	0,000000	0,000000	0,000000	24,731215	25,159752	23,835930	24,530075	24,171055	25,010508	21,310387	20,896149	22,195948	22,195948	23,742689	20,449999	23,600000	26,129999	23,699999	20,139999	20,109999	19,949999	20,039999	19,939999	340282346638528860000000000000000000000,000000	0,023836	20,000000	100006,000000	23,100000
3855,000000	19,922482	0,000000	0,000000	0,000000	0,000000	24,731215	25,149641	23,835930	24,525023	24,176109	24,870344	21,230862	20,906244	22,190878	22,195948	23,898022	20,449999	23,609999	26,139999	23,709999	20,150000	20,109999	19,939999	20,029999	19,930000	340282346638528860000000000000000000000,000000	0,023687	20,000000	100006,000000	23,100000
3857,000000	19,922482	0,000000	0,000000	0,000000	0,000000	24,716034	25,139515	23,846037	24,530075	24,171055	25,010508	21,200531	20,891102	22,305779	22,310827	23,898022	20,439999	23,660000	26,129999	23,740000	20,150000	20,109999	19,949999	20,020000	19,930000	340282346638528860000000000000000000000,000000	0,023362	20,000000	100010,000000	23,100000
3859,000000	19,917437	0,000000	0,000000	0,000000	0,000000	24,710979	25,139515	23,835930	24,530075	24,166002	25,005453	21,195482	20,886032	22,195948	22,226269	23,903074	20,449999	23,629999	26,119999	23,730000	20,150000	20,109999	19,949999	20,010000	19,920000	609,888000	0,023246	20,000000	100006,000000	23,100000
3861,000000	19,907322	0,000000	0,000000	0,000000	0,000000	24,710979	25,134460	23,830877	24,525023	24,155878	25,005453	21,295221	20,875937	22,195948	22,310827	23,727510	20,449999	23,609999	26,109999	23,699999	20,150000	20,109999	19,949999	20,020000	19,910000	340282346638528860000000000000000000000,000000	0,023492	20,000000	100006,000000	23,100000
3863,000000	19,902277	0,000000	0,000000	0,000000	0,000000	24,710979	25,139515	23,820755	24,525023	24,160950	25,000399	21,264912	20,745890	22,310827	22,190878	23,717407	20,449999	23,590000	26,099998	23,689999	20,150000	20,109999	19,949999	20,000000	19,910000	340282346638528860000000000000000000000,000000	0,023390	20,000000	100006,000000	23,100000
3865,000000	19,912388	0,000000	0,000000	0,000000	0,000000	24,695801	25,144588	23,825806	24,530075	24,166002	25,005453	21,264912	20,745890	22,305779	22,300728	23,737637	20,439999	23,590000	26,090000	23,709999	20,150000	20,109999	19,959999	20,010000	19,910000	608,328003	0,023452	20,000000	100006,000000	23,100000
3867,000000	19,897230	0,000000	0,000000	0,000000	0,000000	24,716034	25,139515	23,815702	24,530075	24,166002	24,865290	21,305338	20,730728	22,310827	22,211098	23,812075	20,449999	23,559999	26,090000	23,689999	20,150000	20,109999	19,949999	20,010000	19,910000	340282346638528860000000000000000000000,000000	0,023396	20,000000	100006,000000	23,100000
3869,000000	19,912388	0,000000	0,000000	0,000000	0,000000	24,716034	25,129406	23,935650	24,519968	24,150826	24,850109	21,225794	20,710535	22,200998	22,236368	23,791847	20,439999	23,539999	26,090000	23,680000	20,150000	20,119999	19,959999	20,010000	19,900000	580,723999	0,023482	20,000000	100010,000000	23,100000
3871,000000	19,902277	0,000000	0,000000	0,000000	0,000000	24,716034	25,129406	23,930576	24,514894	24,150826	24,845057	21,305338	20,715584	22,231318	22,381586	23,692125	20,449999	23,510000	26,090000	23,650000	20,150000	20,119999	19,959999	20,000000	19,900000	609,291016	0,023521	20,000000	100010,000000	23,100000
3873,000000	19,892164	0,000000	0,000000	0,000000	0,000000	24,700853	25,129406	23,930576	24,514894	24,140718	24,840002	21,300268	20,715584	22,381586	22,386637	23,791847	20,439999	23,549999	26,099998	23,629999	20,150000	20,119999	19,959999	19,990000	19,889999	608,662048	0,023504	20,000000	100010,000000	23,100000
3875,000000	19,887119	0,000000	0,000000	0,000000	0,000000	24,700853	25,139515	23,930576	24,514894	24,130594	24,850109	21,195482	20,710535	22,381586	22,391687	23,776690	20,439999	23,500000	26,099998	23,629999	20,139999	20,119999	19,959999	19,969999	19,889999	616,638000	0,023692	20,000000	100010,000000	23,200001
3877,000000	19,892164	0,000000	0,000000	0,000000	0,000000	24,805618	25,129406	23,820755	24,509842	24,150826	24,850109	21,310387	20,730728	22,236368	22,216146	23,776690	20,449999	23,500000	26,080000	23,680000	20,139999	20,119999	19,959999	19,949999	19,889999	618,040039	0,023526	20,000000	100010,000000	23,200001
3879,000000	19,892164	0,000000	0,000000	0,000000	0,000000	24,805618	24,989223	23,935650	24,514894	24,160950	24,855164	21,305338	20,735775	22,206047	22,190878	23,751408	20,449999	23,459999	26,090000	23,699999	20,139999	20,119999	19,969999	19,949999	19,879999	340282346638528860000000000000000000000,000000	0,023335	20,000000	100010,000000	23,200001
3881,000000	19,887119	0,000000	0,000000	0,000000	0,000000	24,790459	24,974043	23,815702	24,509842	24,166002	24,860237	21,310387	20,725677	22,310827	22,305779	23,776690	20,449999	23,480000	26,080000	23,730000	20,150000	20,109999	19,959999	19,939999	19,889999	594,491028	0,023415	20,000000	100010,000000	23,200001
3883,000000	19,746960	0,000000	0,000000	0,000000	0,000000	24,795511	24,979115	23,930576	24,514894	24,166002	24,855164	21,280077	20,735775	22,200998	22,216146	23,712355	20,449999	23,539999	26,099998	23,699999	20,139999	20,109999	19,959999	19,930000	19,900000	607,880005	0,023476	20,000000	100010,000000	23,200001
3885,000000	19,877026	0,000000	0,000000	0,000000	0,000000	24,785385	24,984169	23,815702	24,514894	24,166002	24,855164	21,280077	20,735775	22,226269	22,236368	23,737637	20,449999	23,609999	26,109999	23,689999	20,139999	20,109999	19,959999	19,959999	19,889999	340282346638528860000000000000000000000,000000	0,023391	20,000000	100006,000000	23,200001
3887,000000	19,746960	0,000000	0,000000	0,000000	0,000000	24,775276	24,984169	23,935650	24,504789	24,150826	24,860237	21,200531	20,730728	22,200998	22,211098	23,707304	20,449999	23,580000	26,080000	23,699999	20,139999	20,100000	19,949999	19,969999	19,900000	601,267029	0,023312	20,000000	100006,000000	23,200001
3889,000000	19,877026	0,000000	0,000000	0,000000	0,000000	24,770224	24,984169	23,930576	24,504789	24,166002	24,845057	21,215696	20,730728	22,190878	22,206047	23,786793	20,449999	23,539999	26,070000	23,709999	20,150000	20,109999	19,959999	19,980000	19,910000	340282346638528860000000000000000000000,000000	0,023240	20,000000	100006,000000	23,200001
3891,000000	19,746960	0,000000	0,000000	0,000000	0,000000	24,780333	24,974043	23,930576	24,504789	24,140718	24,840002	21,205599	20,735775	22,206047	22,221216	23,606182	20,449999	23,510000	26,080000	23,680000	20,150000	20,100000	19,959999	19,990000	19,920000	340282346638528860000000000000000000000,000000	0,023449	20,000000	100010,000000	23,100000
3893,000000	19,736868	0,000000	0,000000	0,000000	0,000000	24,800564	24,979115	23,935650	24,504789	24,145773	24,840002	21,215696	20,730728	22,200998	22,211098	23,585953	20,449999	23,459999	26,090000	23,670000	20,150000	20,109999	19,959999	19,980000	19,920000	575,880005	0,023595	20,000000	100010,000000	23,100000
3895,000000	19,731821	0,000000	0,000000	0,000000	0,000000	24,700853	24,989223	23,935650	24,374737	24,135666	24,840002	21,195482	20,740843	22,195948	22,241417	23,601128	20,449999	23,439999	26,099998	23,699999	20,139999	20,100000	19,959999	19,990000	19,930000	340282346638528860000000000000000000000,000000	0,023511	20,000000	100010,000000	23,100000
3897,000000	19,877026	0,000000	0,000000	0,000000	0,000000	24,695801	24,989223	23,925524	24,504789	24,145773	24,834946	21,300268	20,735775	22,195948	22,221216	23,606182	20,449999	23,469999	26,099998	23,680000	20,150000	20,109999	19,959999	19,990000	19,920000	340282346638528860000000000000000000000,000000	0,023554	20,000000	100010,000000	23,100000
3899,000000	19,887119	0,000000	0,000000	0,000000	0,000000	24,700853	24,994276	23,930576	24,374737	24,140718	24,850109	21,305338	20,730728	22,206047	22,221216	23,807022	20,449999	23,529999	26,099998	23,670000	20,150000	20,109999	19,959999	20,000000	19,920000	599,327026	0,023460	20,000000	100010,000000	23,100000
3901,000000	19,902277	0,000000	0,000000	0,000000	0,000000	24,690746	24,999353	23,825806	24,509842	24,140718	24,870344	21,280077	20,730728	22,211098	22,206047	23,737637	20,449999	23,590000	26,119999	23,680000	20,139999	20,109999	19,959999	20,010000	19,900000	340282346638528860000000000000000000000,000000	0,023384	20,000000	100010,000000	23,100000
3903,000000	19,902277	0,000000	0,000000	0,000000	0,000000	24,800564	24,999353	23,820755	24,509842	24,150826	24,865290	21,264912	20,745890	22,211098	22,200998	23,913198	20,449999	23,650000	26,139999	23,680000	20,139999	20,109999	19,959999	20,010000	19,889999	340282346638528860000000000000000000000,000000	0,023251	20,000000	100010,000000	23,100000
3905,000000	19,902277	0,000000	0,000000	0,000000	0,000000	24,805618	24,999353	23,820755	24,504789	24,160950	24,870344	21,280077	20,745890	22,216146	22,206047	23,898022	20,449999	23,689999	26,129999	23,699999	20,150000	20,119999	19,959999	20,010000	19,889999	340282346638528860000000000000000000000,000000	0,023683	20,000000	100010,000000	23,200001
3907,000000	19,897230	0,000000	0,000000	0,000000	0,000000	24,695801	25,134460	23,825806	24,504789	24,155878	25,005453	21,275028	20,875937	22,231318	22,236368	23,717407	20,449999	23,629999	26,139999	23,680000	20,150000	20,109999	19,959999	20,010000	19,879999	615,040039	0,023585	20,000000	100010,000000	23,200001
3909,000000	19,902277	0,000000	0,000000	0,000000	0,000000	24,690746	25,144588	23,825806	24,504789	24,155878	25,005453	21,124767	20,875937	22,221216	22,211098	23,747740	20,449999	23,619999	26,150000	23,680000	20,150000	20,119999	19,969999	20,020000	19,869999	612,206055	0,023351	20,000000	100010,000000	23,200001
3911,000000	19,912388	0,000000	0,000000	0,000000	0,000000	24,700853	25,144588	23,820755	24,509842	24,155878	24,870344	21,119699	20,875937	22,246468	22,376535	23,898022	20,449999	23,629999	26,119999	23,670000	20,150000	20,109999	19,969999	20,020000	19,879999	340282346638528860000000000000000000000,000000	0,023198	20,000000	100010,000000	23,100000
3913,000000	19,912388	0,000000	0,000000	0,000000	0,000000	24,700853	25,139515	23,820755	24,504789	24,145773	25,005453	21,114651	20,740843	22,376535	22,381586	23,908127	20,449999	23,660000	26,119999	23,660000	20,150000	20,119999	19,969999	20,020000	19,879999	620,701050	0,023379	20,000000	100010,000000	23,100000
3915,000000	19,917437	0,000000	0,000000	0,000000	0,000000	24,700853	25,154697	23,820755	24,514894	24,130594	25,010508	21,109600	20,745890	22,376535	22,376535	23,923304	20,449999	23,660000	26,119999	23,650000	20,150000	20,119999	19,969999	20,010000	19,889999	598,778015	0,023659	20,000000	100010,000000	23,100000
3917,000000	19,927528	0,000000	0,000000	0,000000	0,000000	24,705927	25,169878	23,825806	24,514894	24,130594	25,010508	21,094458	20,886032	22,381586	22,226269	23,813459	20,449999	23,689999	26,139999	23,650000	20,150000	20,119999	19,969999	20,020000	19,910000	340282346638528860000000000000000000000,000000	0,023492	20,000000	100010,000000	23,100000
3919,000000	19,817686	0,000000	0,000000	0,000000	0,000000	24,710979	25,159752	23,820755	24,509842	24,150826	25,020634	21,094458	20,886032	22,386637	22,241417	23,813459	20,449999	23,660000	26,139999	23,660000	20,150000	20,119999	19,969999	20,010000	19,920000	340282346638528860000000000000000000000,000000	0,023418	20,000000	100010,000000	23,100000
3921,000000	19,827799	0,000000	0,000000	0,000000	0,000000	24,695801	25,174932	23,815702	24,509842	24,150826	25,015579	21,114651	20,880985	22,396736	22,391687	23,933409	20,449999	23,709999	26,150000	23,660000	20,160000	20,129999	19,969999	20,010000	19,930000	605,044006	0,023534	20,000000	100006,000000	23,100000
3923,000000	19,832846	0,000000	0,000000	0,000000	0,000000	24,700853	25,159752	23,820755	24,514894	24,145773	25,025688	21,300268	20,891102	22,391687	22,391687	23,877792	20,449999	23,660000	26,139999	23,660000	20,150000	20,129999	19,969999	20,000000	19,930000	340282346638528860000000000000000000000,000000	0,023587	20,000000	100006,000000	23,100000
3925,000000	19,827799	0,000000	0,000000	0,000000	0,000000	24,705927	25,164825	23,825806	24,514894	24,166002	25,025688	21,305338	20,896149	22,381586	22,396736	23,732584	20,449999	23,619999	26,150000	23,689999	20,150000	20,129999	19,969999	19,990000	19,920000	613,830017	0,023140	20,000000	100006,000000	23,200001
3927,000000	19,832846	0,000000	0,000000	0,000000	0,000000	24,690746	25,144588	23,840982	24,519968	24,171055	25,030743	21,195482	20,886032	22,376535	22,396736	23,887918	20,449999	23,609999	26,160000	23,699999	20,160000	20,129999	19,969999	19,990000	19,920000	583,516052	0,023482	20,000000	100010,000000	23,200001
3929,000000	19,832846	0,000000	0,000000	0,000000	0,000000	24,690746	25,154697	23,825806	24,514894	24,160950	25,035797	21,290173	20,886032	22,391687	22,391687	23,898022	20,449999	23,650000	26,170000	23,689999	20,160000	20,129999	19,969999	20,000000	19,920000	595,089050	0,023261	20,000000	100010,000000	23,200001
3931,000000	19,817686	0,000000	0,000000	0,000000	0,000000	24,800564	25,154697	23,835930	24,525023	24,155878	25,030743	21,295221	20,891102	22,376535	22,386637	23,818531	20,449999	23,699999	26,160000	23,689999	20,160000	20,129999	19,980000	20,010000	19,939999	615,283020	0,023334	20,000000	100010,000000	23,200001
3933,000000	19,822731	0,000000	0,000000	0,000000	0,000000	24,805618	25,144588	23,830877	24,519968	24,171055	25,025688	21,280077	20,875937	22,241417	22,221216	23,923304	20,449999	23,699999	26,139999	23,689999	20,160000	20,139999	19,980000	20,000000	19,930000	340282346638528860000000000000000000000,000000	0,023575	20,000000	100010,000000	23,200001
3935,000000	19,932594	0,000000	0,000000	0,000000	0,000000	24,810694	25,144588	23,815702	24,519968	24,176109	25,020634	21,195482	20,740843	22,231318	22,190878	23,903074	20,449999	23,670000	26,139999	23,709999	20,160000	20,129999	19,980000	20,000000	19,930000	340282346638528860000000000000000000000,000000	0,023513	20,000000	100010,000000	23,200001
3937,000000	19,917437	0,000000	0,000000	0,000000	0,000000	24,690746	25,134460	23,815702	24,519968	24,171055	25,015579	21,310387	20,745890	22,226269	22,200998	23,702232	20,449999	23,650000	26,139999	23,680000	20,160000	20,129999	19,980000	20,000000	19,930000	619,846008	0,023265	20,000000	100010,000000	23,200001
3939,000000	19,912388	0,000000	0,000000	0,000000	0,000000	24,700853	25,134460	23,820755	24,519968	24,176109	25,010508	21,305338	20,745890	22,216146	22,200998	23,702232	20,449999	23,580000	26,129999	23,689999	20,160000	20,139999	19,980000	19,990000	19,930000	340282346638528860000000000000000000000,000000	0,023381	20,000000	100010,000000	23,200001
3941,000000	19,922482	0,000000	0,000000	0,000000	0,000000	24,705927	25,139515	23,815702	24,519968	24,176109	25,010508	21,280077	20,735775	22,216146	22,200998	23,747740	20,449999	23,580000	26,109999	23,689999	20,160000	20,129999	19,990000	20,000000	19,920000	340282346638528860000000000000000000000,000000	0,023307	20,000000	100010,000000	23,200001
3943,000000	19,927528	0,000000	0,000000	0,000000	0,000000	24,705927	25,134460	23,820755	24,519968	24,160950	24,865290	21,280077	20,735775	22,231318	22,226269	23,882845	20,449999	23,639999	26,119999	23,670000	20,160000	20,129999	19,980000	20,000000	19,920000	340282346638528860000000000000000000000,000000	0,023404	20,000000	100010,000000	23,200001
3945,000000	19,922482	0,000000	0,000000	0,000000	0,000000	24,695801	25,134460	23,820755	24,519968	24,150826	25,000399	21,280077	20,740843	22,216146	22,216146	23,727510	20,449999	23,590000	26,129999	23,699999	20,160000	20,129999	19,990000	20,000000	19,930000	340282346638528860000000000000000000000,000000	0,023642	20,000000	100010,000000	23,200001
3947,000000	19,922482	0,000000	0,000000	0,000000	0,000000	24,705927	25,139515	23,820755	24,514894	24,160950	25,005453	21,305338	20,735775	22,211098	22,200998	23,747740	20,449999	23,639999	26,119999	23,699999	20,160000	20,129999	19,980000	20,000000	19,939999	340282346638528860000000000000000000000,000000	0,023281	20,000000	100010,000000	23,200001
3949,000000	19,912388	0,000000	0,000000	0,000000	0,000000	24,695801	25,144588	23,830877	24,514894	24,166002	25,010508	21,225794	20,875937	22,206047	22,195948	23,737637	20,449999	23,590000	26,109999	23,709999	20,160000	20,129999	19,990000	20,010000	19,949999	604,163025	0,023439	20,000000	100010,000000	23,200001
3951,000000	19,917437	0,000000	0,000000	0,000000	0,000000	24,700853	25,139515	23,840982	24,519968	24,176109	25,010508	21,230862	20,745890	22,206047	22,241417	23,727510	20,449999	23,609999	26,109999	23,719999	20,160000	20,129999	19,990000	20,010000	19,959999	603,335999	0,023370	20,000000	100010,000000	23,200001
3953,000000	19,917437	0,000000	0,000000	0,000000	0,000000	24,700853	25,139515	23,840982	24,519968	24,171055	25,015579	21,225794	20,740843	22,211098	22,231318	23,892971	20,449999	23,629999	26,119999	23,709999	20,160000	20,129999	19,980000	20,029999	19,980000	340282346638528860000000000000000000000,000000	0,023590	20,000000	100010,000000	23,200001
3955,000000	19,907322	0,000000	0,000000	0,000000	0,000000	24,695801	25,139515	23,840982	24,525023	24,171055	25,015579	21,235910	20,730728	22,216146	22,246468	23,918249	20,449999	23,660000	26,119999	23,730000	20,160000	20,129999	19,980000	20,049999	19,990000	610,844055	0,023538	20,000000	100010,000000	23,200001
3957,000000	19,917437	0,000000	0,000000	0,000000	0,000000	24,695801	25,129406	23,840982	24,519968	24,176109	25,005453	21,225794	20,730728	22,216146	22,236368	23,887918	20,449999	23,619999	26,119999	23,730000	20,160000	20,129999	19,980000	20,049999	20,000000	612,012024	0,023289	20,000000	100010,000000	23,200001
3959,000000	19,907322	0,000000	0,000000	0,000000	0,000000	24,705927	25,134460	23,851109	24,519968	24,176109	25,005453	21,381104	20,730728	22,211098	22,376535	23,732584	20,449999	23,600000	26,129999	23,709999	20,160000	20,129999	19,980000	20,059999	19,990000	340282346638528860000000000000000000000,000000	0,023387	20,000000	100010,000000	23,200001
3961,000000	19,912388	0,000000	0,000000	0,000000	0,000000	24,700853	25,129406	23,840982	24,519968	24,176109	25,000399	21,230862	20,735775	22,200998	22,221216	23,732584	20,449999	23,590000	26,099998	23,719999	20,160000	20,129999	19,980000	20,049999	20,000000	340282346638528860000000000000000000000,000000	0,023541	20,000000	100010,000000	23,200001
3963,000000	19,912388	0,000000	0,000000	0,000000	0,000000	24,700853	25,129406	23,840982	24,519968	24,066286	24,870344	21,225794	20,875937	22,310827	22,310827	23,882845	20,449999	23,609999	26,090000	23,740000	20,150000	20,139999	19,980000	20,039999	19,990000	340282346638528860000000000000000000000,000000	0,023567	20,000000	100010,000000	23,200001
3965,000000	19,907322	0,000000	0,000000	0,000000	0,000000	24,700853	24,999353	23,835930	24,519968	24,181162	25,000399	21,220745	20,745890	22,195948	22,211098	23,918249	20,449999	23,650000	26,090000	23,730000	20,150000	20,139999	19,980000	20,029999	19,990000	610,213013	0,023780	20,000000	100010,000000	23,200001
3967,000000	19,912388	0,000000	0,000000	0,000000	0,000000	24,716034	25,144588	23,846037	24,525023	24,166002	25,005453	21,230862	20,735775	22,216146	22,221216	23,923304	20,449999	23,680000	26,119999	23,689999	20,150000	20,129999	19,980000	20,010000	20,020000	340282346638528860000000000000000000000,000000	0,023309	20,000000	100010,000000	23,200001
3969,000000	19,917437	0,000000	0,000000	0,000000	0,000000	24,700853	25,144588	23,840982	24,525023	24,186214	25,015579	21,381104	20,875937	22,200998	22,285561	23,823584	20,449999	23,689999	26,109999	23,730000	20,160000	20,139999	19,980000	20,020000	20,010000	340282346638528860000000000000000000000,000000	0,023067	20,000000	100010,000000	23,200001
3971,000000	19,902277	0,000000	0,000000	0,000000	0,000000	24,705927	25,139515	23,840982	24,519968	24,066286	25,005453	21,396269	20,891102	22,310827	22,280508	23,823584	20,459999	23,689999	26,109999	23,769999	20,160000	20,139999	19,980000	20,010000	20,010000	340282346638528860000000000000000000000,000000	0,023382	20,000000	100010,000000	23,200001
3973,000000	19,917437	0,000000	0,000000	0,000000	0,000000	24,705927	25,144588	23,840982	24,519968	24,181162	25,015579	21,391220	20,745890	22,305779	22,265360	23,833691	20,459999	23,699999	26,119999	23,740000	20,160000	20,139999	19,990000	20,010000	20,000000	340282346638528860000000000000000000000,000000	0,023646	20,000000	100010,000000	23,100000
3975,000000	19,917437	0,000000	0,000000	0,000000	0,000000	24,810694	25,129406	23,846037	24,519968	24,176109	25,010508	21,381104	20,740843	22,305779	22,285561	23,823584	20,459999	23,680000	26,129999	23,750000	20,160000	20,139999	19,990000	20,000000	20,000000	609,023010	0,023603	20,000000	100010,000000	23,100000
3977,000000	19,907322	0,000000	0,000000	0,000000	0,000000	24,800564	24,999353	23,840982	24,525023	24,176109	25,010508	21,386171	20,735775	22,300728	22,285561	23,908127	20,459999	23,670000	26,129999	23,730000	20,160000	20,139999	19,990000	20,000000	19,990000	340282346638528860000000000000000000000,000000	0,023396	20,000000	100010,000000	23,100000
3979,000000	19,892164	0,000000	0,000000	0,000000	0,000000	24,795511	24,994276	23,840982	24,525023	24,176109	25,010508	21,321795	20,735775	22,285561	22,255241	23,813459	20,459999	23,660000	26,129999	23,750000	20,160000	20,139999	19,990000	19,990000	19,980000	614,343018	0,023633	20,000000	100010,000000	23,100000
3981,000000	19,897230	0,000000	0,000000	0,000000	0,000000	24,795511	24,979115	23,846037	24,519968	24,071339	25,020634	21,326843	20,735775	22,275459	22,110022	23,918249	20,459999	23,670000	26,109999	23,769999	20,160000	20,139999	19,990000	19,980000	19,990000	603,275024	0,023689	20,000000	100010,000000	23,100000
3983,000000	19,892164	0,000000	0,000000	0,000000	0,000000	24,805618	24,979115	23,835930	24,519968	24,066286	25,020634	21,352106	20,725677	22,265360	22,260290	23,898022	20,459999	23,629999	26,109999	23,769999	20,160000	20,139999	19,990000	19,980000	20,000000	340282346638528860000000000000000000000,000000	0,023662	20,000000	100010,000000	23,100000
3985,000000	19,897230	0,000000	0,000000	0,000000	0,000000	24,690746	24,979115	23,835930	24,519968	24,071339	25,010508	21,321795	20,730728	22,290628	22,190878	23,747740	20,459999	23,619999	26,109999	23,760000	20,170000	20,139999	19,990000	19,969999	20,000000	340282346638528860000000000000000000000,000000	0,023420	20,000000	100010,000000	23,100000
3987,000000	19,912388	0,000000	0,000000	0,000000	0,000000	24,695801	24,979115	23,835930	24,519968	24,081444	25,015579	21,321795	20,745890	22,290628	22,300728	23,908127	20,459999	23,609999	26,119999	23,760000	20,170000	20,139999	19,990000	19,959999	20,000000	340282346638528860000000000000000000000,000000	0,023494	20,000000	100010,000000	23,100000
3989,000000	19,922482	0,000000	0,000000	0,000000	0,000000	24,810694	24,994276	23,840982	24,525023	24,091570	25,020634	21,426580	20,875937	22,300728	22,310827	23,918249	20,459999	23,680000	26,119999	23,760000	20,170000	20,139999	20,000000	19,969999	19,990000	602,847046	0,023223	20,000000	100010,000000	23,100000
3991,000000	19,927528	0,000000	0,000000	0,000000	0,000000	24,690746	25,129406	23,825806	24,519968	24,071339	25,010508	21,411434	20,740843	22,206047	22,226269	23,877792	20,459999	23,609999	26,129999	23,730000	20,170000	20,139999	20,000000	19,969999	19,990000	340282346638528860000000000000000000000,000000	0,023276	20,000000	100010,000000	23,100000
3993,000000	19,922482	0,000000	0,000000	0,000000	0,000000	24,690746	25,134460	23,840982	24,525023	24,186214	25,005453	21,316746	20,740843	22,226269	22,386637	23,918249	20,449999	23,639999	26,139999	23,709999	20,170000	20,139999	19,990000	19,969999	19,980000	340282346638528860000000000000000000000,000000	0,023779	20,000000	100010,000000	23,100000
3995,000000	19,907322	0,000000	0,000000	0,000000	0,000000	24,700853	25,144588	23,840982	24,519968	24,171055	24,870344	21,426580	20,725677	22,241417	22,396736	23,928356	20,449999	23,650000	26,129999	23,699999	20,170000	20,139999	20,000000	19,980000	19,980000	340282346638528860000000000000000000000,000000	0,023231	20,000000	100010,000000	23,200001
3997,000000	19,892164	0,000000	0,000000	0,000000	0,000000	24,810694	25,144588	23,840982	24,519968	24,166002	24,870344	21,426580	20,710535	22,246468	22,422009	23,898022	20,459999	23,609999	26,129999	23,709999	20,170000	20,139999	19,990000	19,980000	19,969999	340282346638528860000000000000000000000,000000	0,023243	20,000000	100010,000000	23,200001
3999,000000	19,877026	0,000000	0,000000	0,000000	0,000000	24,805618	25,129406	23,840982	24,525023	24,166002	24,865290	21,426580	20,700422	22,231318	22,396736	23,712355	20,459999	23,590000	26,129999	23,709999	20,180000	20,139999	20,000000	20,000000	19,959999	604,732056	0,023733	20,000000	100010,000000	23,200001
4001,000000	19,882072	0,000000	0,000000	0,000000	0,000000	24,800564	24,999353	23,846037	24,519968	24,166002	24,855164	21,416483	20,705469	22,216146	22,236368	23,812075	20,459999	23,529999	26,119999	23,740000	20,170000	20,139999	20,000000	20,010000	19,949999	340282346638528860000000000000000000000,000000	0,023492	20,000000	100010,000000	23,100000
4003,000000	19,746960	0,000000	0,000000	0,000000	0,000000	24,795511	24,994276	23,830877	24,519968	24,160950	24,855164	21,431627	20,730728	22,221216	22,221216	23,796898	20,459999	23,549999	26,109999	23,730000	20,180000	20,139999	20,000000	20,029999	19,949999	610,785034	0,023653	20,000000	100010,000000	23,100000
4005,000000	19,736868	0,000000	0,000000	0,000000	0,000000	24,800564	24,999353	23,830877	24,519968	24,160950	24,855164	21,416483	20,735775	22,200998	22,216146	23,601128	20,459999	23,490000	26,109999	23,709999	20,180000	20,139999	20,000000	20,020000	19,949999	583,387024	0,023485	20,000000	100010,000000	23,100000
4007,000000	19,877026	0,000000	0,000000	0,000000	0,000000	24,810694	25,129406	23,840982	24,514894	24,160950	24,855164	21,396269	20,735775	22,206047	22,216146	23,796898	20,459999	23,469999	26,109999	23,740000	20,180000	20,139999	20,000000	20,010000	19,949999	617,265015	0,023159	20,000000	100010,000000	23,100000
4009,000000	19,892164	0,000000	0,000000	0,000000	0,000000	24,700853	25,144588	23,840982	24,514894	24,160950	24,850109	21,220745	20,875937	22,216146	22,211098	23,766565	20,449999	23,539999	26,129999	23,709999	20,180000	20,139999	20,000000	20,010000	19,949999	610,819031	0,023455	20,000000	100010,000000	23,100000
4011,000000	19,897230	0,000000	0,000000	0,000000	0,000000	24,690746	25,144588	23,830877	24,514894	24,171055	24,855164	21,381104	20,740843	22,211098	22,221216	23,801950	20,459999	23,510000	26,119999	23,719999	20,180000	20,139999	20,000000	20,000000	19,949999	609,258057	0,023393	20,000000	100010,000000	23,100000
4013,000000	19,897230	0,000000	0,000000	0,000000	0,000000	24,810694	25,134460	23,835930	24,519968	24,181162	24,870344	21,401318	20,740843	22,221216	22,231318	23,692125	20,459999	23,549999	26,109999	23,719999	20,180000	20,139999	20,000000	19,990000	19,949999	614,937012	0,023618	20,000000	100010,000000	23,100000
4015,000000	19,922482	0,000000	0,000000	0,000000	0,000000	24,695801	25,134460	23,835930	24,519968	24,186214	25,005453	21,396269	20,880985	22,226269	22,231318	23,707304	20,449999	23,580000	26,119999	23,709999	20,180000	20,139999	20,000000	19,980000	19,949999	340282346638528860000000000000000000000,000000	0,023387	20,000000	100010,000000	23,200001
4017,000000	19,927528	0,000000	0,000000	0,000000	0,000000	24,700853	25,129406	23,851109	24,519968	24,186214	25,010508	21,391220	20,745890	22,216146	22,236368	23,692125	20,449999	23,559999	26,119999	23,719999	20,180000	20,129999	20,000000	20,000000	19,949999	340282346638528860000000000000000000000,000000	0,023245	20,000000	100010,000000	23,200001
4019,000000	19,917437	0,000000	0,000000	0,000000	0,000000	24,810694	25,134460	23,840982	24,519968	24,166002	25,005453	21,401318	20,735775	22,231318	22,376535	23,707304	20,449999	23,559999	26,109999	23,709999	20,180000	20,129999	20,000000	20,010000	19,949999	613,911011	0,023521	20,000000	100010,000000	23,200001
4021,000000	19,897230	0,000000	0,000000	0,000000	0,000000	24,695801	25,129406	23,835930	24,519968	24,160950	25,000399	21,376057	20,740843	22,206047	22,221216	23,707304	20,449999	23,570000	26,090000	23,730000	20,180000	20,129999	20,000000	20,020000	19,959999	340282346638528860000000000000000000000,000000	0,023472	20,000000	100010,000000	23,200001
4023,000000	19,887119	0,000000	0,000000	0,000000	0,000000	24,690746	24,999353	23,835930	24,519968	24,166002	24,870344	21,215696	20,730728	22,200998	22,211098	23,697178	20,449999	23,559999	26,080000	23,730000	20,180000	20,129999	20,000000	20,010000	19,959999	340282346638528860000000000000000000000,000000	0,023602	20,000000	100010,000000	23,200001
4025,000000	19,746960	0,000000	0,000000	0,000000	0,000000	24,695801	24,999353	23,830877	24,519968	24,176109	25,000399	21,310387	20,735775	22,195948	22,195948	23,807022	20,449999	23,549999	26,090000	23,750000	20,180000	20,129999	20,000000	20,000000	19,949999	340282346638528860000000000000000000000,000000	0,023370	20,000000	100010,000000	23,200001
4027,000000	19,746960	0,000000	0,000000	0,000000	0,000000	24,690746	24,999353	23,840982	24,519968	24,071339	25,000399	21,295221	20,875937	22,310827	22,270409	23,877792	20,449999	23,590000	26,080000	23,740000	20,180000	20,129999	20,000000	20,000000	19,949999	340282346638528860000000000000000000000,000000	0,023496	20,000000	100010,000000	23,200001
4029,000000	19,897230	0,000000	0,000000	0,000000	0,000000	24,805618	24,984169	23,840982	24,525023	24,091570	25,020634	21,290173	20,891102	22,305779	22,255241	23,933409	20,459999	23,670000	26,090000	23,799999	20,180000	20,129999	20,000000	19,980000	19,949999	340282346638528860000000000000000000000,000000	0,023528	20,000000	100010,000000	23,200001
4031,000000	19,912388	0,000000	0,000000	0,000000	0,000000	24,700853	24,984169	23,835930	24,519968	24,081444	25,010508	21,285124	20,896149	22,195948	22,280508	23,918249	20,449999	23,639999	26,119999	23,750000	20,189999	20,129999	20,000000	19,980000	19,949999	620,345032	0,023484	20,000000	100010,000000	23,200001
4033,000000	19,927528	0,000000	0,000000	0,000000	0,000000	24,716034	25,129406	23,840982	24,525023	24,181162	25,015579	21,280077	20,911291	22,236368	22,216146	23,828638	20,459999	23,680000	26,150000	23,699999	20,189999	20,129999	20,000000	20,000000	19,949999	340282346638528860000000000000000000000,000000	0,023534	20,000000	100010,000000	23,200001
4035,000000	19,932594	0,000000	0,000000	0,000000	0,000000	24,705927	25,149641	23,840982	24,519968	24,166002	25,020634	21,259863	20,901196	22,376535	22,216146	24,004200	20,449999	23,740000	26,180000	23,680000	20,180000	20,129999	20,000000	20,000000	19,949999	606,786011	0,023361	20,000000	100010,000000	23,200001
4037,000000	19,822731	0,000000	0,000000	0,000000	0,000000	24,716034	25,149641	23,835930	24,519968	24,160950	25,005453	21,285124	20,906244	22,391687	22,241417	23,818531	20,459999	23,740000	26,180000	23,660000	20,189999	20,129999	20,000000	20,010000	19,949999	612,601013	0,023451	20,000000	100010,000000	23,200001
4039,000000	19,817686	0,000000	0,000000	0,000000	0,000000	24,721107	25,144588	23,835930	24,525023	24,166002	25,015579	21,190435	20,906244	22,381586	22,241417	23,737637	20,459999	23,619999	26,170000	23,699999	20,189999	20,129999	20,000000	20,010000	19,939999	340282346638528860000000000000000000000,000000	0,023327	20,000000	100010,000000	23,200001
4041,000000	19,812639	0,000000	0,000000	0,000000	0,000000	24,731215	25,134460	23,856161	24,530075	24,176109	25,010508	21,391220	20,906244	22,231318	22,386637	23,786793	20,449999	23,539999	26,139999	23,719999	20,189999	20,129999	20,000000	20,029999	19,939999	586,297058	0,023371	20,000000	100010,000000	23,200001
4043,000000	19,932594	0,000000	0,000000	0,000000	0,000000	24,726162	25,144588	23,856161	24,525023	24,066286	25,010508	21,391220	20,901196	22,216146	22,236368	23,601128	20,449999	23,459999	26,119999	23,740000	20,189999	20,129999	20,000000	20,049999	19,930000	340282346638528860000000000000000000000,000000	0,023228	20,000000	100010,000000	23,100000
4046,000000	19,932594	0,000000	0,000000	0,000000	0,000000	24,731215	25,134460	23,851109	24,530075	24,076391	25,025688	21,316746	20,901196	22,200998	22,221216	23,596077	20,449999	23,490000	26,109999	23,740000	20,189999	20,129999	20,000000	20,039999	19,930000	612,520020	0,023181	20,000000	100010,000000	23,100000
4048,000000	19,922482	0,000000	0,000000	0,000000	0,000000	24,741343	25,134460	23,851109	24,530075	24,181162	25,010508	21,421532	20,891102	22,216146	22,376535	23,766565	20,449999	23,459999	26,119999	23,719999	20,180000	20,129999	20,000000	20,039999	19,930000	340282346638528860000000000000000000000,000000	0,023315	20,000000	100010,000000	23,100000
4050,000000	19,907322	0,000000	0,000000	0,000000	0,000000	24,731215	25,134460	23,846037	24,530075	24,066286	25,005453	21,386171	20,891102	22,221216	22,241417	23,781740	20,449999	23,490000	26,119999	23,719999	20,189999	20,129999	20,000000	20,029999	19,930000	611,148010	0,023621	20,000000	100006,000000	23,100000
4052,000000	19,917437	0,000000	0,000000	0,000000	0,000000	24,726162	25,139515	23,846037	24,530075	24,066286	25,010508	21,225794	20,886032	22,221216	22,231318	23,697178	20,449999	23,570000	26,109999	23,730000	20,189999	20,129999	19,990000	20,010000	19,910000	607,446045	0,023496	20,000000	100010,000000	23,100000
4055,000000	19,932594	0,000000	0,000000	0,000000	0,000000	24,710979	25,139515	23,861212	24,530075	24,166002	25,005453	21,205599	20,886032	22,236368	22,241417	23,898022	20,449999	23,629999	26,150000	23,709999	20,189999	20,129999	20,000000	19,990000	19,920000	340282346638528860000000000000000000000,000000	0,023201	20,000000	100006,000000	23,200001
4058,000000	19,822731	0,000000	0,000000	0,000000	0,000000	24,731215	25,164825	23,851109	24,530075	24,176109	25,010508	21,205599	20,891102	22,391687	22,422009	23,702232	20,459999	23,629999	26,170000	23,680000	20,189999	20,129999	20,000000	19,969999	19,910000	340282346638528860000000000000000000000,000000	0,023669	20,000000	100010,000000	23,200001
4061,000000	19,827799	0,000000	0,000000	0,000000	0,000000	24,726162	25,154697	23,851109	24,535130	24,071339	25,020634	21,436676	20,886032	22,376535	22,221216	23,737637	20,449999	23,580000	26,139999	23,740000	20,199999	20,119999	20,000000	19,959999	19,910000	340282346638528860000000000000000000000,000000	0,023458	20,000000	100006,000000	23,200001
4064,000000	19,817686	0,000000	0,000000	0,000000	0,000000	24,731215	25,139515	23,856161	24,530075	24,091570	25,020634	21,406366	20,906244	22,231318	22,211098	23,786793	20,449999	23,549999	26,139999	23,760000	20,199999	20,119999	20,000000	19,939999	19,910000	340282346638528860000000000000000000000,000000	0,023422	20,000000	100010,000000	23,200001
4066,000000	19,822731	0,000000	0,000000	0,000000	0,000000	24,731215	25,144588	23,856161	24,535130	24,081444	25,020634	21,421532	20,926455	22,221216	22,236368	23,776690	20,449999	23,519999	26,150000	23,750000	20,199999	20,109999	19,990000	19,939999	19,910000	340282346638528860000000000000000000000,000000	0,023341	20,000000	100006,000000	23,299999
4068,000000	19,812639	0,000000	0,000000	0,000000	0,000000	24,726162	25,134460	23,861212	24,540182	24,081444	25,020634	21,406366	20,901196	22,221216	22,236368	23,801950	20,449999	23,529999	26,150000	23,760000	20,189999	20,119999	19,990000	19,939999	19,900000	615,757019	0,023541	20,000000	100006,000000	23,299999
4070,000000	19,812639	0,000000	0,000000	0,000000	0,000000	24,731215	25,144588	23,866264	24,545254	24,076391	25,030743	21,235910	20,901196	22,231318	22,391687	23,747740	20,449999	23,549999	26,139999	23,740000	20,189999	20,119999	19,990000	19,920000	19,900000	340282346638528860000000000000000000000,000000	0,023501	20,000000	100010,000000	23,200001
4072,000000	19,812639	0,000000	0,000000	0,000000	0,000000	24,741343	25,159752	23,861212	24,540182	24,071339	25,020634	21,195482	20,896149	22,381586	22,416956	23,913198	20,449999	23,639999	26,160000	23,719999	20,189999	20,119999	19,980000	19,920000	19,910000	607,934021	0,023188	20,000000	100006,000000	23,200001
4074,000000	19,927528	0,000000	0,000000	0,000000	0,000000	24,736269	25,174932	23,861212	24,535130	24,171055	25,020634	21,200531	20,896149	22,396736	22,406857	23,923304	20,449999	23,689999	26,150000	23,709999	20,189999	20,109999	19,980000	19,910000	19,900000	340282346638528860000000000000000000000,000000	0,023451	20,000000	100010,000000	23,200001
4076,000000	19,927528	0,000000	0,000000	0,000000	0,000000	24,741343	25,174932	23,851109	24,540182	24,171055	25,020634	21,305338	20,891102	22,406857	22,411905	23,903074	20,449999	23,639999	26,160000	23,680000	20,189999	20,109999	19,980000	19,910000	19,900000	340282346638528860000000000000000000000,000000	0,023804	20,000000	100010,000000	23,100000
4078,000000	19,932594	0,000000	0,000000	0,000000	0,000000	24,731215	25,179987	23,871336	24,540182	24,176109	25,025688	21,200531	20,896149	22,416956	22,401806	23,928356	20,449999	23,639999	26,160000	23,689999	20,189999	20,109999	19,980000	19,920000	19,900000	595,797058	0,023143	20,000000	100010,000000	23,100000
4080,000000	19,817686	0,000000	0,000000	0,000000	0,000000	24,716034	25,169878	23,866264	24,540182	24,181162	25,020634	21,305338	20,891102	22,416956	22,416956	23,833691	20,449999	23,689999	26,150000	23,699999	20,189999	20,109999	19,980000	19,920000	19,900000	591,971008	0,023433	20,000000	100010,000000	23,100000
4082,000000	19,932594	0,000000	0,000000	0,000000	0,000000	24,726162	25,159752	23,856161	24,540182	24,186214	25,035797	21,230862	20,901196	22,411905	22,396736	23,833691	20,449999	23,730000	26,160000	23,709999	20,189999	20,100000	19,980000	19,910000	19,900000	617,817017	0,023361	20,000000	100010,000000	23,100000
4084,000000	19,827799	0,000000	0,000000	0,000000	0,000000	24,726162	25,159752	23,856161	24,540182	24,166002	25,040871	21,225794	20,906244	22,422009	22,432127	23,918249	20,449999	23,709999	26,170000	23,699999	20,180000	20,100000	19,980000	19,910000	19,900000	594,430054	0,023458	20,000000	100010,000000	23,100000
4086,000000	19,827799	0,000000	0,000000	0,000000	0,000000	24,736269	25,164825	23,866264	24,545254	24,166002	25,035797	21,220745	20,896149	22,427057	22,317226	23,903074	20,449999	23,639999	26,170000	23,699999	20,180000	20,100000	19,969999	19,910000	19,900000	621,319031	0,023462	20,000000	100010,000000	23,100000
4088,000000	19,832846	0,000000	0,000000	0,000000	0,000000	24,726162	25,159752	24,001390	24,540182	24,176109	25,040871	21,210648	20,896149	22,422009	22,432127	23,933409	20,449999	23,660000	26,180000	23,709999	20,180000	20,100000	19,980000	19,930000	19,910000	581,992004	0,023440	20,000000	100010,000000	23,100000
4090,000000	19,827799	0,000000	0,000000	0,000000	0,000000	24,716034	25,159752	23,866264	24,540182	24,171055	25,025688	21,305338	20,886032	22,427057	22,427057	23,818531	20,449999	23,689999	26,199999	23,709999	20,170000	20,100000	19,969999	19,930000	19,900000	620,723022	0,023279	20,000000	100010,000000	23,100000
4092,000000	19,817686	0,000000	0,000000	0,000000	0,000000	24,726162	25,164825	23,861212	24,540182	24,155878	25,025688	21,290173	20,880985	22,437176	22,317226	23,933409	20,449999	23,680000	26,189999	23,689999	20,180000	20,100000	19,969999	19,939999	19,910000	340282346638528860000000000000000000000,000000	0,023645	20,000000	100010,000000	23,100000
4094,000000	19,812639	0,000000	0,000000	0,000000	0,000000	24,721107	25,169878	23,856161	24,540182	24,145773	25,020634	21,295221	20,880985	22,332397	22,337448	23,823584	20,449999	23,680000	26,199999	23,680000	20,180000	20,090000	19,969999	19,949999	19,910000	605,164001	0,023383	20,000000	100010,000000	23,100000
4096,000000	19,932594	0,000000	0,000000	0,000000	0,000000	24,721107	25,159752	23,866264	24,540182	24,150826	25,025688	21,310387	20,891102	22,327328	22,317226	23,892971	20,449999	23,639999	26,170000	23,689999	20,170000	20,100000	19,969999	19,959999	19,900000	340282346638528860000000000000000000000,000000	0,023543	20,000000	100010,000000	23,100000
4098,000000	19,917437	0,000000	0,000000	0,000000	0,000000	24,726162	25,154697	23,871336	24,540182	24,150826	25,025688	21,220745	20,880985	22,432127	22,422009	23,717407	20,449999	23,590000	26,160000	23,709999	20,170000	20,100000	19,980000	19,959999	19,889999	595,722046	0,023646	20,000000	100010,000000	23,100000
4100,000000	19,897230	0,000000	0,000000	0,000000	0,000000	24,721107	25,139515	23,861212	24,540182	24,181162	25,020634	21,210648	20,880985	22,396736	22,246468	23,702232	20,449999	23,570000	26,150000	23,730000	20,170000	20,100000	19,980000	19,949999	19,889999	340282346638528860000000000000000000000,000000	0,023303	20,000000	100010,000000	23,100000
4102,000000	19,907322	0,000000	0,000000	0,000000	0,000000	24,710979	25,139515	23,861212	24,540182	24,186214	25,015579	21,215696	20,901196	22,246468	22,221216	23,766565	20,449999	23,570000	26,129999	23,750000	20,160000	20,100000	19,969999	19,949999	19,889999	580,678040	0,023414	20,000000	100010,000000	23,100000
4104,000000	19,897230	0,000000	0,000000	0,000000	0,000000	24,731215	25,139515	23,866264	24,545254	24,076391	25,015579	21,376057	20,891102	22,236368	22,236368	23,585953	20,439999	23,480000	26,119999	23,750000	20,170000	20,100000	19,969999	19,939999	19,900000	609,192017	0,023290	20,000000	100010,000000	23,100000
4106,000000	19,882072	0,000000	0,000000	0,000000	0,000000	24,731215	25,149641	23,861212	24,540182	24,076391	25,015579	21,246006	20,901196	22,216146	22,216146	23,575850	20,449999	23,439999	26,109999	23,750000	20,160000	20,100000	19,969999	19,930000	19,900000	611,186035	0,023314	20,000000	100010,000000	23,200001
4108,000000	19,877026	0,000000	0,000000	0,000000	0,000000	24,736269	25,144588	23,861212	24,540182	24,186214	25,010508	21,210648	20,886032	22,226269	22,236368	23,771618	20,449999	23,480000	26,090000	23,740000	20,160000	20,109999	19,969999	19,920000	19,900000	611,732056	0,023542	20,000000	100010,000000	23,200001
4110,000000	19,882072	0,000000	0,000000	0,000000	0,000000	24,731215	25,159752	23,856161	24,540182	24,181162	25,015579	21,205599	20,896149	22,241417	22,246468	23,812075	20,449999	23,559999	26,099998	23,730000	20,160000	20,109999	19,969999	19,920000	19,900000	592,602051	0,023479	20,000000	100010,000000	23,100000
4112,000000	19,907322	0,000000	0,000000	0,000000	0,000000	24,876451	25,174932	23,840982	24,540182	24,176109	25,025688	21,200531	20,896149	22,391687	22,401806	23,697178	20,449999	23,580000	26,129999	23,689999	20,160000	20,109999	19,980000	19,910000	19,910000	340282346638528860000000000000000000000,000000	0,023375	20,000000	100010,000000	23,100000
4114,000000	19,922482	0,000000	0,000000	0,000000	0,000000	24,881504	25,065117	23,856161	24,540182	24,171055	25,020634	21,205599	20,901196	22,427057	22,322277	23,887918	20,449999	23,619999	26,170000	23,689999	20,160000	20,109999	19,969999	19,920000	19,910000	619,332031	0,023494	20,000000	100010,000000	23,100000
4116,000000	19,912388	0,000000	0,000000	0,000000	0,000000	24,746395	25,174932	23,861212	24,550308	24,181162	25,040871	21,205599	20,886032	22,427057	22,427057	23,877792	20,449999	23,650000	26,170000	23,699999	20,160000	20,109999	19,969999	19,920000	19,910000	609,728027	0,023581	20,000000	100010,000000	23,100000
4118,000000	19,912388	0,000000	0,000000	0,000000	0,000000	24,741343	25,164825	23,861212	24,540182	24,066286	25,025688	21,310387	20,875937	22,317226	22,317226	23,707304	20,449999	23,600000	26,160000	23,709999	20,160000	20,109999	19,969999	19,920000	19,920000	340282346638528860000000000000000000000,000000	0,023276	20,000000	100010,000000	23,100000
4120,000000	19,902277	0,000000	0,000000	0,000000	0,000000	24,741343	25,174932	23,851109	24,540182	24,186214	25,030743	21,310387	20,745890	22,332397	22,327328	23,807022	20,449999	23,549999	26,160000	23,680000	20,150000	20,109999	19,969999	19,939999	19,920000	340282346638528860000000000000000000000,000000	0,023468	20,000000	100006,000000	23,100000
4122,000000	19,897230	0,000000	0,000000	0,000000	0,000000	24,741343	25,169878	23,861212	24,545254	24,171055	25,025688	21,195482	20,745890	22,347548	22,342497	23,692125	20,449999	23,539999	26,160000	23,680000	20,150000	20,109999	19,969999	19,939999	19,920000	614,654053	0,023647	20,000000	100010,000000	23,100000
4124,000000	19,902277	0,000000	0,000000	0,000000	0,000000	24,741343	25,159752	23,851109	24,545254	24,166002	25,030743	21,305338	20,745890	22,332397	22,327328	23,712355	20,449999	23,580000	26,160000	23,689999	20,150000	20,100000	19,969999	19,930000	19,920000	614,711060	0,023487	20,000000	100006,000000	23,200001
4126,000000	19,907322	0,000000	0,000000	0,000000	0,000000	24,731215	25,159752	23,851109	24,540182	24,150826	25,025688	21,290173	20,875937	22,327328	22,322277	23,692125	20,449999	23,570000	26,150000	23,680000	20,150000	20,100000	19,959999	19,910000	19,920000	586,952026	0,023299	20,000000	100010,000000	23,200001
4128,000000	19,917437	0,000000	0,000000	0,000000	0,000000	24,741343	25,169878	23,856161	24,550308	24,160950	25,020634	21,280077	20,875937	22,327328	22,427057	23,812075	20,449999	23,539999	26,170000	23,689999	20,150000	20,100000	19,959999	19,900000	19,910000	340282346638528860000000000000000000000,000000	0,023632	20,000000	100010,000000	23,200001
4130,000000	19,917437	0,000000	0,000000	0,000000	0,000000	24,876451	25,179987	23,856161	24,545254	24,160950	25,015579	21,275028	20,886032	22,327328	22,422009	23,717407	20,449999	23,549999	26,160000	23,680000	20,150000	20,100000	19,959999	19,900000	19,910000	340282346638528860000000000000000000000,000000	0,023634	20,000000	100010,000000	23,200001
4132,000000	19,917437	0,000000	0,000000	0,000000	0,000000	24,736269	25,174932	23,851109	24,545254	24,160950	25,020634	21,280077	20,886032	22,432127	22,416956	23,747740	20,449999	23,590000	26,170000	23,689999	20,150000	20,100000	19,959999	19,889999	19,910000	340282346638528860000000000000000000000,000000	0,023802	20,000000	100010,000000	23,200001
4134,000000	19,927528	0,000000	0,000000	0,000000	0,000000	24,736269	25,174932	23,861212	24,550308	24,160950	25,025688	21,275028	20,886032	22,422009	22,422009	23,913198	20,449999	23,619999	26,160000	23,699999	20,150000	20,090000	19,959999	19,879999	19,910000	340282346638528860000000000000000000000,000000	0,023683	20,000000	100010,000000	23,200001
4136,000000	19,907322	0,000000	0,000000	0,000000	0,000000	24,721107	25,169878	23,861212	24,545254	24,160950	25,015579	21,269960	20,886032	22,406857	22,401806	23,898022	20,449999	23,670000	26,170000	23,680000	20,150000	20,090000	19,959999	19,879999	19,920000	340282346638528860000000000000000000000,000000	0,023540	20,000000	100010,000000	23,200001
4138,000000	19,897230	0,000000	0,000000	0,000000	0,000000	24,721107	25,169878	23,840982	24,545254	24,155878	25,010508	21,275028	20,740843	22,406857	22,406857	23,887918	20,449999	23,609999	26,160000	23,680000	20,150000	20,090000	19,959999	19,879999	19,920000	340282346638528860000000000000000000000,000000	0,023659	20,000000	100010,000000	23,200001
4140,000000	19,882072	0,000000	0,000000	0,000000	0,000000	24,726162	25,164825	23,840982	24,540182	24,145773	25,010508	21,295221	20,745890	22,396736	22,381586	23,887918	20,449999	23,629999	26,160000	23,670000	20,150000	20,090000	19,959999	19,879999	19,930000	340282346638528860000000000000000000000,000000	0,023197	20,000000	100010,000000	23,299999
4142,000000	19,892164	0,000000	0,000000	0,000000	0,000000	24,716034	25,154697	23,851109	24,540182	24,160950	25,015579	21,269960	20,745890	22,376535	22,246468	23,903074	20,449999	23,629999	26,139999	23,699999	20,150000	20,090000	19,959999	19,869999	19,920000	340282346638528860000000000000000000000,000000	0,023360	20,000000	100010,000000	23,299999
4144,000000	19,907322	0,000000	0,000000	0,000000	0,000000	24,710979	25,164825	23,856161	24,540182	24,155878	25,030743	21,264912	20,891102	22,246468	22,241417	23,818531	20,449999	23,660000	26,139999	23,699999	20,150000	20,090000	19,959999	19,859999	19,930000	616,866028	0,023125	20,000000	100010,000000	23,299999
4146,000000	19,927528	0,000000	0,000000	0,000000	0,000000	24,810694	25,159752	23,840982	24,540182	24,171055	25,020634	21,114651	20,896149	22,236368	22,221216	23,833691	20,449999	23,699999	26,150000	23,719999	20,150000	20,090000	19,949999	19,850000	19,949999	579,584045	0,023695	20,000000	100010,000000	23,299999
4148,000000	19,817686	0,000000	0,000000	0,000000	0,000000	24,690746	25,164825	23,846037	24,540182	24,166002	25,035797	21,109600	20,901196	22,241417	22,236368	23,874149	20,449999	23,730000	26,160000	23,709999	20,150000	20,090000	19,949999	19,850000	19,990000	609,396057	0,023501	20,000000	100010,000000	23,299999
4150,000000	19,817686	0,000000	0,000000	0,000000	0,000000	24,810694	25,174932	23,846037	24,540182	24,166002	25,025688	21,109600	20,875937	22,391687	22,401806	23,853918	20,449999	23,730000	26,180000	23,689999	20,150000	20,100000	19,949999	19,859999	20,000000	619,232056	0,023190	20,000000	100010,000000	23,200001
4152,000000	19,922482	0,000000	0,000000	0,000000	0,000000	24,700853	25,174932	23,851109	24,540182	24,160950	25,025688	21,280077	20,740843	22,406857	22,416956	23,833691	20,449999	23,709999	26,170000	23,699999	20,150000	20,100000	19,949999	19,869999	20,000000	612,585022	0,023355	20,000000	100010,000000	23,200001
4154,000000	19,917437	0,000000	0,000000	0,000000	0,000000	24,700853	25,174932	23,851109	24,540182	24,150826	25,020634	21,280077	20,880985	22,416956	22,437176	23,858971	20,449999	23,709999	26,170000	23,699999	20,150000	20,100000	19,949999	19,879999	19,990000	340282346638528860000000000000000000000,000000	0,023338	20,000000	100010,000000	23,200001
4156,000000	19,932594	0,000000	0,000000	0,000000	0,000000	24,690746	25,174932	23,856161	24,540182	24,155878	25,035797	21,305338	20,745890	22,411905	22,422009	23,823584	20,449999	23,709999	26,189999	23,699999	20,150000	20,090000	19,939999	19,879999	19,990000	593,235046	0,023647	20,000000	100010,000000	23,100000
4158,000000	19,927528	0,000000	0,000000	0,000000	0,000000	24,810694	25,164825	23,866264	24,540182	24,171055	25,030743	21,210648	20,875937	22,396736	22,411905	23,877792	20,449999	23,650000	26,150000	23,730000	20,150000	20,090000	19,949999	19,879999	19,990000	606,124023	0,023442	20,000000	100010,000000	23,100000
4160,000000	19,932594	0,000000	0,000000	0,000000	0,000000	24,690746	25,149641	24,001390	24,540182	24,076391	25,035797	21,200531	20,896149	22,376535	22,241417	23,737637	20,449999	23,580000	26,139999	23,769999	20,150000	20,090000	19,949999	19,889999	19,969999	340282346638528860000000000000000000000,000000	0,023880	20,000000	100010,000000	23,100000
4162,000000	19,812639	0,000000	0,000000	0,000000	0,000000	24,805618	25,149641	23,871336	24,545254	24,101675	25,050978	21,310387	20,911291	22,381586	22,241417	23,818531	20,459999	23,670000	26,160000	23,779999	20,150000	20,090000	19,939999	19,900000	19,969999	340282346638528860000000000000000000000,000000	0,023399	20,000000	100010,000000	23,100000
4164,000000	19,812639	0,000000	0,000000	0,000000	0,000000	24,810694	25,149641	24,001390	24,545254	24,101675	25,061087	21,310387	20,916359	22,381586	22,236368	23,843815	20,449999	23,730000	26,180000	23,769999	20,150000	20,100000	19,949999	19,920000	19,990000	613,089050	0,023419	20,000000	100010,000000	23,100000
4166,000000	19,832846	0,000000	0,000000	0,000000	0,000000	24,700853	25,149641	23,871336	24,545254	24,116835	24,941141	21,200531	20,926455	22,376535	22,231318	23,838743	20,459999	23,709999	26,160000	23,779999	20,150000	20,100000	19,949999	19,939999	19,990000	340282346638528860000000000000000000000,000000	0,023728	20,000000	100010,000000	23,100000
4168,000000	19,822731	0,000000	0,000000	0,000000	0,000000	24,690746	25,149641	24,006443	24,545254	24,111780	25,056032	21,235910	20,931503	22,236368	22,226269	23,747740	20,459999	23,660000	26,150000	23,779999	20,150000	20,100000	19,949999	19,939999	19,990000	591,604004	0,023523	20,000000	100010,000000	23,100000
4170,000000	19,932594	0,000000	0,000000	0,000000	0,000000	24,695801	25,149641	24,001390	24,550308	24,251959	25,045923	21,406366	20,921406	22,211098	22,211098	23,707304	20,459999	23,609999	26,139999	23,789999	20,139999	20,109999	19,949999	19,949999	19,990000	621,951050	0,023417	20,000000	100010,000000	23,100000
4172,000000	19,932594	0,000000	0,000000	0,000000	0,000000	24,700853	25,134460	24,006443	24,555361	24,277245	25,030743	21,416483	20,931503	22,200998	22,305779	23,776690	20,459999	23,519999	26,090000	23,820000	20,139999	20,109999	19,949999	19,949999	19,990000	340282346638528860000000000000000000000,000000	0,023758	20,000000	100010,000000	23,100000
4174,000000	19,922482	0,000000	0,000000	0,000000	0,000000	24,710979	25,134460	24,006443	24,550308	24,277245	25,025688	21,347055	20,821665	22,200998	22,190878	23,611233	20,459999	23,490000	26,099998	23,809999	20,139999	20,109999	19,949999	19,959999	19,980000	340282346638528860000000000000000000000,000000	0,023294	20,000000	100010,000000	23,200001
4176,000000	19,917437	0,000000	0,000000	0,000000	0,000000	24,731215	25,129406	24,001390	24,550308	24,277245	25,015579	21,367252	20,831760	22,305779	22,195948	23,494959	20,459999	23,420000	26,109999	23,820000	20,139999	20,109999	19,949999	19,969999	19,990000	623,146057	0,023435	20,000000	100006,000000	23,200001
4178,000000	19,922482	0,000000	0,000000	0,000000	0,000000	24,746395	25,134460	23,871336	24,550308	24,257011	25,005453	21,357155	20,826714	22,300728	22,206047	23,625010	20,459999	23,359999	26,109999	23,789999	20,139999	20,109999	19,959999	19,959999	19,980000	340282346638528860000000000000000000000,000000	0,023381	20,000000	100010,000000	23,200001
4180,000000	19,907322	0,000000	0,000000	0,000000	0,000000	24,746395	25,134460	23,871336	24,555361	24,101675	25,015579	21,321795	20,916359	22,310827	22,216146	23,565725	20,459999	23,389999	26,119999	23,760000	20,150000	20,109999	19,959999	19,959999	19,980000	600,293030	0,023634	20,000000	100006,000000	23,200001
4182,000000	19,897230	0,000000	0,000000	0,000000	0,000000	24,746395	25,144588	23,861212	24,545254	24,081444	24,870344	21,396269	20,901196	22,195948	22,211098	23,570799	20,459999	23,439999	26,099998	23,730000	20,150000	20,109999	19,949999	19,969999	19,980000	611,873047	0,023349	20,000000	100006,000000	23,299999
4184,000000	19,887119	0,000000	0,000000	0,000000	0,000000	24,736269	25,134460	23,861212	24,550308	24,076391	25,000399	21,246006	20,896149	22,206047	22,206047	23,771618	20,459999	23,480000	26,080000	23,730000	20,150000	20,109999	19,949999	19,959999	19,980000	340282346638528860000000000000000000000,000000	0,023506	20,000000	100010,000000	23,299999
4186,000000	19,902277	0,000000	0,000000	0,000000	0,000000	24,726162	25,134460	23,851109	24,545254	24,066286	25,015579	21,246006	20,901196	22,211098	22,211098	23,776690	20,459999	23,559999	26,090000	23,740000	20,150000	20,109999	19,959999	19,959999	19,980000	601,742004	0,023588	20,000000	100010,000000	23,299999
4188,000000	19,912388	0,000000	0,000000	0,000000	0,000000	24,726162	25,134460	23,856161	24,545254	24,081444	25,025688	21,376057	20,896149	22,206047	22,195948	23,761515	20,459999	23,500000	26,099998	23,750000	20,150000	20,109999	19,949999	19,959999	19,980000	590,593018	0,023595	20,000000	100010,000000	23,299999
4190,000000	19,907322	0,000000	0,000000	0,000000	0,000000	24,731215	25,134460	23,856161	24,545254	24,091570	25,030743	21,246006	20,911291	22,206047	22,190878	23,761515	20,459999	23,510000	26,080000	23,779999	20,150000	20,109999	19,949999	19,949999	19,980000	340282346638528860000000000000000000000,000000	0,023407	20,000000	100010,000000	23,200001
4192,000000	19,907322	0,000000	0,000000	0,000000	0,000000	24,731215	25,144588	23,861212	24,545254	24,081444	25,030743	21,426580	20,901196	22,221216	22,381586	23,796898	20,459999	23,480000	26,090000	23,769999	20,150000	20,109999	19,949999	19,939999	19,980000	544,805054	0,023175	20,000000	100010,000000	23,200001
4194,000000	19,912388	0,000000	0,000000	0,000000	0,000000	24,736269	25,164825	23,871336	24,545254	24,076391	25,030743	21,381104	20,911291	22,381586	22,416956	23,692125	20,459999	23,539999	26,109999	23,740000	20,150000	20,109999	19,949999	19,939999	19,980000	340282346638528860000000000000000000000,000000	0,023348	20,000000	100010,000000	23,200001
4196,000000	19,917437	0,000000	0,000000	0,000000	0,000000	24,731215	25,169878	23,871336	24,550308	24,086498	25,035797	21,225794	20,911291	22,396736	22,391687	23,771618	20,459999	23,519999	26,129999	23,740000	20,150000	20,109999	19,949999	19,930000	19,969999	340282346638528860000000000000000000000,000000	0,023364	20,000000	100010,000000	23,100000
4198,000000	19,932594	0,000000	0,000000	0,000000	0,000000	24,736269	25,159752	23,866264	24,550308	24,096622	25,040871	21,376057	20,921406	22,381586	22,226269	23,697178	20,459999	23,529999	26,129999	23,760000	20,150000	20,109999	19,949999	19,930000	19,969999	340282346638528860000000000000000000000,000000	0,023494	20,000000	100010,000000	23,100000
4200,000000	19,822731	0,000000	0,000000	0,000000	0,000000	24,736269	25,159752	23,866264	24,550308	24,096622	24,941141	21,436676	20,921406	22,381586	22,406857	23,717407	20,459999	23,580000	26,129999	23,769999	20,150000	20,109999	19,949999	19,930000	19,959999	340282346638528860000000000000000000000,000000	0,023366	20,000000	100010,000000	23,100000
4202,000000	19,822731	0,000000	0,000000	0,000000	0,000000	24,731215	25,164825	24,001390	24,550308	24,101675	24,941141	21,321795	20,921406	22,396736	22,432127	23,717407	20,459999	23,559999	26,119999	23,779999	20,150000	20,109999	19,949999	19,930000	19,959999	340282346638528860000000000000000000000,000000	0,023467	20,000000	100010,000000	23,100000
4204,000000	19,837891	0,000000	0,000000	0,000000	0,000000	24,736269	25,179987	24,001390	24,550308	24,071339	25,061087	21,401318	20,911291	22,422009	22,332397	23,722460	20,459999	23,570000	26,160000	23,740000	20,150000	20,109999	19,949999	19,930000	19,959999	340282346638528860000000000000000000000,000000	0,023410	20,000000	100010,000000	23,100000
4206,000000	19,848003	0,000000	0,000000	0,000000	0,000000	24,881504	25,070169	24,001390	24,555361	24,186214	25,056032	21,235910	20,926455	22,332397	22,352596	23,908127	20,459999	23,580000	26,180000	23,730000	20,150000	20,100000	19,949999	19,920000	19,959999	340282346638528860000000000000000000000,000000	0,023288	20,000000	100010,000000	23,100000
4208,000000	19,868210	0,000000	0,000000	0,000000	0,000000	24,881504	25,080297	24,011496	24,555361	24,176109	24,946215	21,230862	20,936550	22,352596	22,362719	23,813459	20,459999	23,650000	26,180000	23,730000	20,150000	20,100000	19,949999	19,920000	19,959999	613,810059	0,023496	20,000000	100010,000000	23,100000
4210,000000	20,003302	0,000000	0,000000	0,000000	0,000000	24,746395	25,085352	24,016567	24,560415	24,171055	24,946215	21,220745	20,821665	22,357666	22,357666	23,853918	20,459999	23,730000	26,189999	23,730000	20,150000	20,109999	19,949999	19,930000	19,959999	607,625000	0,023403	20,000000	100010,000000	23,100000
4212,000000	20,013414	0,000000	0,000000	0,000000	0,000000	24,876451	25,070169	24,021620	24,440468	24,171055	24,956322	21,210648	20,831760	22,362719	22,362719	23,874149	20,459999	23,740000	26,209999	23,730000	20,139999	20,100000	19,949999	19,930000	19,959999	619,290039	0,023481	20,000000	100010,000000	23,100000
4214,000000	20,038666	0,000000	0,000000	0,000000	0,000000	24,881504	25,085352	24,021620	24,440468	24,176109	24,956322	21,210648	20,846924	22,502869	22,502869	24,024431	20,459999	23,760000	26,230000	23,730000	20,139999	20,100000	19,949999	19,930000	19,959999	340282346638528860000000000000000000000,000000	0,023678	20,000000	100010,000000	23,100000
4216,000000	20,048759	0,000000	0,000000	0,000000	0,000000	24,886578	25,110643	24,031725	24,445522	24,181162	24,971506	21,210648	20,862068	22,502869	22,518040	23,944923	20,459999	23,769999	26,240000	23,750000	20,150000	20,100000	19,949999	19,930000	19,959999	340282346638528860000000000000000000000,000000	0,023535	20,000000	100010,000000	23,100000
4218,000000	20,048759	0,000000	0,000000	0,000000	0,000000	24,891630	25,250828	24,041849	24,445522	24,186214	24,976559	21,215696	20,867115	22,507917	22,518040	23,939871	20,459999	23,799999	26,230000	23,750000	20,139999	20,100000	19,949999	19,930000	19,959999	596,835999	0,023740	20,000000	100010,000000	23,100000
4220,000000	20,053823	0,000000	0,000000	0,000000	0,000000	24,896685	25,250828	24,036797	24,450594	24,081444	24,986668	21,215696	20,862068	22,507917	22,512987	24,054766	20,459999	23,809999	26,250000	23,740000	20,150000	20,109999	19,949999	19,930000	19,959999	601,168030	0,023837	20,000000	100010,000000	23,100000
4222,000000	19,938919	0,000000	0,000000	0,000000	0,000000	24,911867	25,115698	24,036797	24,450594	24,096622	24,976559	21,230862	20,862068	22,507917	22,502869	24,014305	20,459999	23,760000	26,219999	23,760000	20,150000	20,109999	19,949999	19,939999	19,949999	611,049011	0,023449	20,000000	100006,000000	23,100000
4224,000000	20,048759	0,000000	0,000000	0,000000	0,000000	24,896685	25,250828	24,036797	24,455647	24,101675	24,976559	21,240957	20,857019	22,502869	22,502869	24,014305	20,459999	23,750000	26,209999	23,760000	20,150000	20,109999	19,949999	19,930000	19,949999	340282346638528860000000000000000000000,000000	0,023382	20,000000	100010,000000	23,100000
4226,000000	20,058872	0,000000	0,000000	0,000000	0,000000	24,906813	25,255882	24,041849	24,455647	24,101675	24,976559	21,240957	20,867115	22,502869	22,512987	24,044640	20,459999	23,750000	26,209999	23,760000	20,150000	20,109999	19,949999	19,930000	19,949999	340282346638528860000000000000000000000,000000	0,023377	20,000000	100010,000000	23,200001
4228,000000	20,058872	0,000000	0,000000	0,000000	0,000000	24,906813	25,255882	24,051954	24,460701	24,111780	24,986668	21,240957	20,872164	22,502869	22,512987	23,939871	20,459999	23,799999	26,240000	23,760000	20,150000	20,109999	19,949999	19,920000	19,939999	611,929016	0,023607	20,000000	100010,000000	23,200001
4230,000000	19,938919	0,000000	0,000000	0,000000	0,000000	24,911867	25,250828	24,036797	24,470808	24,111780	24,991720	21,235910	20,862068	22,502869	22,518040	23,944923	20,459999	23,809999	26,250000	23,760000	20,150000	20,109999	19,949999	19,920000	19,939999	340282346638528860000000000000000000000,000000	0,023347	20,000000	100010,000000	23,200001
4232,000000	20,043713	0,000000	0,000000	0,000000	0,000000	24,911867	25,120773	24,046902	24,470808	24,111780	24,991720	21,230862	20,862068	22,357666	22,357666	24,054766	20,459999	23,820000	26,260000	23,769999	20,150000	20,109999	19,949999	19,920000	19,930000	340282346638528860000000000000000000000,000000	0,023343	20,000000	100010,000000	23,200001
4234,000000	20,048759	0,000000	0,000000	0,000000	0,000000	24,901737	25,260935	24,051954	24,475882	24,111780	24,991720	21,210648	20,867115	22,342497	22,347548	24,039587	20,459999	23,789999	26,230000	23,769999	20,150000	20,109999	19,949999	19,910000	19,930000	565,872009	0,023096	20,000000	100010,000000	23,100000
4236,000000	20,028555	0,000000	0,000000	0,000000	0,000000	24,921974	25,271063	24,041849	24,470808	24,106728	24,971506	21,205599	20,862068	22,347548	22,347548	24,039587	20,459999	23,779999	26,250000	23,750000	20,150000	20,119999	19,949999	19,910000	19,930000	602,348999	0,023495	20,000000	100010,000000	23,100000
4238,000000	20,013414	0,000000	0,000000	0,000000	0,000000	24,911867	25,260935	24,046902	24,470808	24,096622	24,961376	21,240957	20,851973	22,337448	22,332397	24,004200	20,459999	23,789999	26,260000	23,760000	20,160000	20,119999	19,959999	19,900000	19,930000	340282346638528860000000000000000000000,000000	0,023381	20,000000	100010,000000	23,100000
4240,000000	20,003302	0,000000	0,000000	0,000000	0,000000	24,916920	25,266008	24,051954	24,470808	24,111780	24,966433	21,225794	20,841858	22,327328	22,342497	23,848866	20,459999	23,730000	26,230000	23,769999	20,150000	20,119999	19,949999	19,889999	19,920000	340282346638528860000000000000000000000,000000	0,023061	20,000000	100010,000000	23,100000
4242,000000	19,868210	0,000000	0,000000	0,000000	0,000000	24,916920	25,120773	24,051954	24,470808	24,101675	24,961376	21,246006	20,821665	22,322277	22,332397	23,813459	20,459999	23,689999	26,219999	23,760000	20,150000	20,119999	19,949999	19,889999	19,920000	340282346638528860000000000000000000000,000000	0,023028	20,000000	100010,000000	23,100000
4244,000000	19,853050	0,000000	0,000000	0,000000	0,000000	24,911867	25,120773	24,051954	24,470808	24,101675	24,971506	21,225794	20,936550	22,317226	22,327328	23,838743	20,459999	23,689999	26,199999	23,769999	20,150000	20,109999	19,949999	19,879999	19,910000	340282346638528860000000000000000000000,000000	0,023131	20,000000	100010,000000	23,200001
4246,000000	19,848003	0,000000	0,000000	0,000000	0,000000	24,911867	25,100536	24,041849	24,470808	24,106728	24,976559	21,240957	20,936550	22,317226	22,342497	23,858971	20,459999	23,709999	26,189999	23,769999	20,150000	20,109999	19,949999	19,869999	19,900000	612,377014	0,023256	20,000000	100010,000000	23,200001
4248,000000	19,837891	0,000000	0,000000	0,000000	0,000000	24,901737	25,095463	24,046902	24,475882	24,121906	24,971506	21,235910	20,936550	22,437176	22,332397	23,869078	20,459999	23,709999	26,189999	23,779999	20,150000	20,109999	19,949999	19,859999	19,900000	340282346638528860000000000000000000000,000000	0,023605	20,000000	100006,000000	23,200001
4250,000000	19,848003	0,000000	0,000000	0,000000	0,000000	24,891630	25,090408	24,046902	24,480934	24,257011	24,976559	21,210648	20,821665	22,432127	22,342497	23,874149	20,459999	23,730000	26,189999	23,779999	20,150000	20,109999	19,949999	19,859999	19,889999	587,705017	0,023450	20,000000	100010,000000	23,200001
4252,000000	19,848003	0,000000	0,000000	0,000000	0,000000	24,901737	25,075224	24,041849	24,470808	24,116835	24,961376	21,215696	20,816597	22,317226	22,337448	24,009253	20,459999	23,740000	26,199999	23,760000	20,139999	20,119999	19,949999	19,859999	19,900000	616,287048	0,023154	20,000000	100010,000000	23,200001
4254,000000	19,848003	0,000000	0,000000	0,000000	0,000000	24,891630	25,070169	24,041849	24,470808	24,121906	24,946215	21,210648	20,926455	22,432127	22,332397	23,853918	20,459999	23,730000	26,199999	23,769999	20,139999	20,119999	19,949999	19,850000	19,889999	340282346638528860000000000000000000000,000000	0,023645	20,000000	100010,000000	23,299999
4256,000000	19,848003	0,000000	0,000000	0,000000	0,000000	24,886578	25,075224	24,031725	24,470808	24,111780	24,956322	21,225794	20,936550	22,427057	22,437176	23,838743	20,459999	23,699999	26,189999	23,769999	20,139999	20,119999	19,949999	19,850000	19,889999	584,734009	0,023287	20,000000	100010,000000	23,299999
4258,000000	19,842937	0,000000	0,000000	0,000000	0,000000	24,896685	25,075224	24,031725	24,475882	24,121906	24,956322	21,225794	20,916359	22,406857	22,401806	23,928356	20,459999	23,670000	26,180000	23,779999	20,139999	20,119999	19,949999	19,850000	19,889999	340282346638528860000000000000000000000,000000	0,023186	20,000000	100006,000000	23,299999
4260,000000	19,827799	0,000000	0,000000	0,000000	0,000000	24,881504	25,065117	24,021620	24,470808	24,262064	24,956322	21,230862	20,916359	22,401806	22,401806	23,838743	20,459999	23,699999	26,170000	23,799999	20,139999	20,109999	19,939999	19,850000	19,889999	340282346638528860000000000000000000000,000000	0,023410	20,000000	100006,000000	23,200001
4262,000000	19,817686	0,000000	0,000000	0,000000	0,000000	24,886578	25,065117	24,031725	24,470808	24,121906	24,951269	21,220745	20,916359	22,411905	22,437176	23,864025	20,459999	23,730000	26,180000	23,769999	20,139999	20,109999	19,949999	19,850000	19,889999	619,429016	0,023482	20,000000	100006,000000	23,200001
4264,000000	19,817686	0,000000	0,000000	0,000000	0,000000	24,876451	25,070169	24,031725	24,465755	24,106728	25,061087	21,215696	20,911291	22,427057	22,332397	24,004200	20,459999	23,740000	26,189999	23,730000	20,129999	20,109999	19,949999	19,859999	19,889999	623,252014	0,023480	20,000000	100006,000000	23,200001
4266,000000	19,817686	0,000000	0,000000	0,000000	0,000000	24,746395	25,185062	24,026670	24,465755	24,091570	24,941141	21,215696	20,906244	22,411905	22,427057	23,869078	20,469999	23,730000	26,170000	23,750000	20,129999	20,109999	19,939999	19,859999	19,889999	340282346638528860000000000000000000000,000000	0,023816	20,000000	100010,000000	23,200001
4268,000000	19,817686	0,000000	0,000000	0,000000	0,000000	24,746395	25,179987	24,016567	24,460701	24,076391	25,061087	21,200531	20,901196	22,427057	22,437176	24,024431	20,469999	23,750000	26,170000	23,740000	20,129999	20,109999	19,949999	19,859999	19,889999	340282346638528860000000000000000000000,000000	0,023532	20,000000	100010,000000	23,200001
4270,000000	19,812639	0,000000	0,000000	0,000000	0,000000	24,736269	25,185062	24,016567	24,460701	24,081444	24,941141	21,205599	20,896149	22,422009	22,322277	24,009253	20,469999	23,750000	26,180000	23,750000	20,129999	20,109999	19,949999	19,869999	19,900000	340282346638528860000000000000000000000,000000	0,023259	20,000000	100010,000000	23,200001
4272,000000	19,822731	0,000000	0,000000	0,000000	0,000000	24,731215	25,065117	24,026670	24,460701	24,076391	24,961376	21,200531	20,896149	22,422009	22,337448	24,004200	20,469999	23,740000	26,160000	23,750000	20,129999	20,109999	19,949999	19,879999	19,900000	340282346638528860000000000000000000000,000000	0,023349	20,000000	100006,000000	23,200001
4274,000000	19,812639	0,000000	0,000000	0,000000	0,000000	24,876451	25,070169	24,026670	24,465755	24,076391	24,941141	21,205599	20,886032	22,317226	22,347548	23,813459	20,469999	23,699999	26,170000	23,740000	20,129999	20,109999	19,949999	19,889999	19,910000	340282346638528860000000000000000000000,000000	0,023301	20,000000	100006,000000	23,200001
4276,000000	19,822731	0,000000	0,000000	0,000000	0,000000	24,886578	25,070169	24,031725	24,465755	24,081444	25,061087	21,230862	20,875937	22,317226	22,347548	23,818531	20,469999	23,730000	26,160000	23,750000	20,129999	20,109999	19,949999	19,900000	19,930000	621,756042	0,023455	20,000000	100006,000000	23,200001
4278,000000	19,932594	0,000000	0,000000	0,000000	0,000000	24,881504	25,070169	24,026670	24,460701	24,096622	25,056032	21,376057	20,745890	22,432127	22,437176	23,928356	20,480000	23,660000	26,160000	23,750000	20,129999	20,109999	19,949999	19,900000	19,939999	340282346638528860000000000000000000000,000000	0,023447	20,000000	100010,000000	23,200001
4280,000000	19,812639	0,000000	0,000000	0,000000	0,000000	24,746395	25,179987	24,026670	24,455647	24,096622	25,061087	21,396269	20,745890	22,411905	22,427057	23,908127	20,480000	23,660000	26,160000	23,769999	20,129999	20,119999	19,949999	19,900000	19,949999	340282346638528860000000000000000000000,000000	0,023333	20,000000	100010,000000	23,200001
4282,000000	19,812639	0,000000	0,000000	0,000000	0,000000	24,726162	25,169878	24,026670	24,455647	24,101675	25,056032	21,246006	20,745890	22,396736	22,396736	23,737637	20,490000	23,650000	26,150000	23,789999	20,129999	20,119999	19,949999	19,900000	19,949999	593,970032	0,023600	20,000000	100010,000000	23,200001
4284,000000	19,917437	0,000000	0,000000	0,000000	0,000000	24,731215	25,149641	24,021620	24,455647	24,101675	25,050978	21,376057	20,730728	22,241417	22,241417	23,692125	20,490000	23,580000	26,119999	23,799999	20,139999	20,119999	19,949999	19,900000	19,959999	584,483032	0,023736	20,000000	100010,000000	23,200001
4286,000000	19,917437	0,000000	0,000000	0,000000	0,000000	24,716034	25,149641	24,021620	24,455647	24,091570	25,061087	21,240957	20,921406	22,376535	22,381586	23,913198	20,490000	23,580000	26,119999	23,789999	20,139999	20,129999	19,959999	19,910000	19,959999	620,332031	0,023411	20,000000	100006,000000	23,200001
4288,000000	19,842937	0,000000	0,000000	0,000000	0,000000	24,746395	25,169878	24,021620	24,455647	24,111780	24,956322	21,381104	20,821665	22,411905	22,432127	23,928356	20,500000	23,670000	26,180000	23,789999	20,139999	20,129999	19,959999	19,900000	19,959999	598,947998	0,023052	20,000000	100006,000000	23,200001
4290,000000	19,858095	0,000000	0,000000	0,000000	0,000000	24,891630	25,065117	24,031725	24,455647	24,251959	24,966433	21,406366	20,821665	22,411905	22,406857	23,928356	20,510000	23,680000	26,209999	23,799999	20,139999	20,129999	19,959999	19,889999	19,959999	619,382019	0,023251	20,000000	100006,000000	23,299999
4292,000000	19,863144	0,000000	0,000000	0,000000	0,000000	24,896685	25,075224	24,036797	24,455647	24,267117	24,966433	21,411434	20,836809	22,406857	22,401806	23,918249	20,520000	23,650000	26,199999	23,830000	20,139999	20,129999	19,959999	19,889999	19,959999	613,265015	0,023423	20,000000	100006,000000	23,299999
4294,000000	20,003302	0,000000	0,000000	0,000000	0,000000	24,901737	25,070169	24,041849	24,465755	24,272192	24,966433	21,396269	20,851973	22,406857	22,427057	23,813459	20,529999	23,650000	26,209999	23,820000	20,139999	20,129999	19,959999	19,889999	19,959999	340282346638528860000000000000000000000,000000	0,023677	20,000000	100006,000000	23,299999
4296,000000	20,008348	0,000000	0,000000	0,000000	0,000000	24,911867	25,065117	24,046902	24,460701	24,272192	24,981613	21,391220	21,002232	22,427057	22,337448	23,918249	20,520000	23,680000	26,230000	23,799999	20,139999	20,129999	19,959999	19,889999	19,949999	340282346638528860000000000000000000000,000000	0,023642	20,000000	100006,000000	23,299999
4298,000000	20,013414	0,000000	0,000000	0,000000	0,000000	24,927048	25,070169	24,062080	24,465755	24,302526	24,996777	21,431627	21,007280	22,416956	22,317226	23,918249	20,529999	23,650000	26,230000	23,820000	20,150000	20,129999	19,959999	19,889999	19,949999	340282346638528860000000000000000000000,000000	0,023683	20,000000	100006,000000	23,299999
4300,000000	20,013414	0,000000	0,000000	0,000000	0,000000	24,901737	25,075224	23,947186	24,470808	24,212919	24,996777	21,436676	20,857019	22,401806	22,401806	23,843815	20,529999	23,650000	26,199999	23,900000	20,150000	20,139999	19,959999	19,900000	19,939999	340282346638528860000000000000000000000,000000	0,023431	20,000000	100010,000000	23,299999
4302,000000	20,023508	0,000000	0,000000	0,000000	0,000000	24,911867	25,085352	23,952257	24,470808	24,228096	25,131905	21,421532	20,841858	22,386637	22,391687	23,853918	20,529999	23,699999	26,189999	23,900000	20,150000	20,139999	19,959999	19,900000	19,939999	613,918030	0,023246	20,000000	100010,000000	23,200001
4304,000000	20,018459	0,000000	0,000000	0,000000	0,000000	24,921974	25,085352	23,952257	24,480934	24,233149	25,136957	21,396269	20,841858	22,396736	22,406857	23,869078	20,529999	23,719999	26,180000	23,900000	20,150000	20,139999	19,959999	19,900000	19,939999	588,733032	0,023646	20,000000	100006,000000	23,200001
4306,000000	20,033621	0,000000	0,000000	0,000000	0,000000	24,911867	25,090408	23,942133	24,480934	24,212919	25,126850	21,376057	20,846924	22,406857	22,432127	24,024431	20,539999	23,750000	26,199999	23,850000	20,150000	20,139999	19,959999	19,939999	19,939999	593,989014	0,023393	20,000000	100006,000000	23,200001
4308,000000	20,028555	0,000000	0,000000	0,000000	0,000000	24,921974	25,095463	23,942133	24,485987	24,217972	25,126850	21,240957	20,836809	22,416956	22,406857	24,009253	20,539999	23,750000	26,199999	23,840000	20,150000	20,139999	19,959999	19,949999	19,939999	340282346638528860000000000000000000000,000000	0,023337	20,000000	100010,000000	23,200001
4310,000000	20,018459	0,000000	0,000000	0,000000	0,000000	24,932100	25,100536	24,046902	24,491041	24,212919	24,996777	21,230862	20,831760	22,406857	22,406857	24,009253	20,549999	23,750000	26,170000	23,859999	20,150000	20,139999	19,969999	19,939999	19,939999	610,208008	0,023293	20,000000	100006,000000	23,200001
4312,000000	20,008348	0,000000	0,000000	0,000000	0,000000	24,927048	25,100536	24,051954	24,491041	24,207865	24,986668	21,235910	20,836809	22,396736	22,391687	23,818531	20,549999	23,699999	26,170000	23,869999	20,150000	20,139999	19,969999	19,930000	19,939999	340282346638528860000000000000000000000,000000	0,023719	20,000000	100006,000000	23,200001
4314,000000	19,873255	0,000000	0,000000	0,000000	0,000000	24,927048	25,105589	24,046902	24,491041	24,192686	24,986668	21,235910	20,826714	22,401806	22,396736	23,828638	20,549999	23,650000	26,170000	23,869999	20,160000	20,139999	19,969999	19,930000	19,930000	340282346638528860000000000000000000000,000000	0,023796	20,000000	100006,000000	23,200001
4316,000000	19,863144	0,000000	0,000000	0,000000	0,000000	24,932100	25,110643	24,046902	24,491041	24,192686	24,986668	21,225794	20,936550	22,386637	22,381586	23,833691	20,559999	23,689999	26,160000	23,869999	20,160000	20,139999	19,980000	19,949999	19,920000	340282346638528860000000000000000000000,000000	0,023693	20,000000	100006,000000	23,200001
4318,000000	19,863144	0,000000	0,000000	0,000000	0,000000	24,921974	25,100536	24,041849	24,485987	24,192686	24,986668	21,225794	20,926455	22,386637	22,381586	23,818531	20,549999	23,709999	26,170000	23,869999	20,160000	20,150000	19,969999	19,959999	19,910000	615,010010	0,023773	20,000000	100010,000000	23,299999
4320,000000	19,863144	0,000000	0,000000	0,000000	0,000000	24,906813	25,100536	24,051954	24,485987	24,197739	25,126850	21,215696	20,916359	22,241417	22,246468	23,928356	20,559999	23,680000	26,150000	23,879999	20,160000	20,150000	19,969999	19,949999	19,900000	340282346638528860000000000000000000000,000000	0,023428	20,000000	100010,000000	23,299999
4322,000000	19,853050	0,000000	0,000000	0,000000	0,000000	24,921974	25,095463	24,051954	24,485987	24,192686	24,986668	21,210648	20,926455	22,236368	22,376535	23,823584	20,559999	23,670000	26,160000	23,869999	20,160000	20,150000	19,980000	19,969999	19,889999	340282346638528860000000000000000000000,000000	0,023606	20,000000	100010,000000	23,299999
4324,000000	19,858095	0,000000	0,000000	0,000000	0,000000	24,916920	25,100536	24,046902	24,485987	24,187634	24,981613	21,200531	20,931503	22,241417	22,241417	23,828638	20,559999	23,680000	26,150000	23,830000	20,160000	20,150000	19,980000	19,980000	19,889999	340282346638528860000000000000000000000,000000	0,023390	20,000000	100010,000000	23,299999
4326,000000	19,848003	0,000000	0,000000	0,000000	0,000000	24,906813	25,095463	24,046902	24,485987	24,292402	24,971506	21,190435	20,821665	22,246468	22,376535	23,933409	20,559999	23,709999	26,170000	23,820000	20,170000	20,150000	19,980000	19,990000	19,900000	340282346638528860000000000000000000000,000000	0,023422	20,000000	100010,000000	23,299999
4328,000000	19,842937	0,000000	0,000000	0,000000	0,000000	24,921974	25,115698	24,041849	24,485987	24,277245	24,981613	21,310387	20,831760	22,386637	22,381586	23,898022	20,559999	23,670000	26,180000	23,799999	20,170000	20,160000	19,980000	20,000000	19,900000	618,092041	0,023470	20,000000	100010,000000	23,299999
4330,000000	19,848003	0,000000	0,000000	0,000000	0,000000	24,932100	25,110643	24,041849	24,485987	24,267117	24,961376	21,300268	20,836809	22,391687	22,381586	23,877792	20,570000	23,639999	26,199999	23,779999	20,180000	20,160000	19,980000	20,000000	19,910000	340282346638528860000000000000000000000,000000	0,023573	20,000000	100010,000000	23,299999
4332,000000	19,837891	0,000000	0,000000	0,000000	0,000000	24,937157	25,120773	24,046902	24,485987	24,257011	24,956322	21,295221	20,846924	22,396736	22,376535	23,882845	20,570000	23,600000	26,189999	23,779999	20,180000	20,160000	19,990000	20,010000	19,900000	614,601013	0,023311	20,000000	100010,000000	23,299999
4334,000000	19,853050	0,000000	0,000000	0,000000	0,000000	24,817209	25,110643	24,041849	24,485987	24,257011	24,956322	21,305338	20,857019	22,386637	22,381586	23,913198	20,570000	23,650000	26,219999	23,779999	20,180000	20,160000	19,990000	20,010000	19,910000	340282346638528860000000000000000000000,000000	0,023546	20,000000	100010,000000	23,299999
4336,000000	19,863144	0,000000	0,000000	0,000000	0,000000	24,921974	25,115698	24,036797	24,485987	24,251959	24,951269	21,300268	20,841858	22,381586	22,391687	23,828638	20,570000	23,689999	26,209999	23,789999	20,180000	20,170000	19,990000	19,990000	19,910000	340282346638528860000000000000000000000,000000	0,023901	20,000000	100010,000000	23,299999
4338,000000	19,858095	0,000000	0,000000	0,000000	0,000000	24,927048	25,110643	24,051954	24,485987	24,257011	24,951269	21,305338	20,831760	22,391687	22,401806	23,833691	20,580000	23,709999	26,199999	23,779999	20,189999	20,170000	20,000000	19,980000	19,910000	340282346638528860000000000000000000000,000000	0,023619	20,000000	100006,000000	23,299999
4340,000000	19,863144	0,000000	0,000000	0,000000	0,000000	24,921974	25,110643	24,041849	24,485987	24,251959	24,966433	21,190435	20,821665	22,391687	22,401806	23,913198	20,580000	23,680000	26,189999	23,779999	20,189999	20,180000	20,000000	19,969999	19,910000	340282346638528860000000000000000000000,000000	0,023753	20,000000	100006,000000	23,299999
4342,000000	19,853050	0,000000	0,000000	0,000000	0,000000	24,921974	25,095463	24,051954	24,480934	24,121906	24,956322	21,396269	20,821665	22,391687	22,437176	23,882845	20,590000	23,670000	26,189999	23,799999	20,189999	20,180000	20,000000	19,959999	19,920000	618,277039	0,023688	20,000000	100006,000000	23,299999
4344,000000	19,848003	0,000000	0,000000	0,000000	0,000000	24,921974	25,090408	24,051954	24,485987	24,251959	24,956322	21,426580	20,841858	22,376535	22,332397	23,903074	20,590000	23,629999	26,199999	23,799999	20,189999	20,180000	20,010000	19,959999	19,930000	340282346638528860000000000000000000000,000000	0,023303	20,000000	100006,000000	23,299999
4346,000000	19,863144	0,000000	0,000000	0,000000	0,000000	24,921974	25,090408	24,062080	24,480934	24,257011	24,961376	21,406366	20,872164	22,391687	22,342497	23,813459	20,600000	23,660000	26,199999	23,809999	20,189999	20,180000	20,010000	19,949999	19,930000	340282346638528860000000000000000000000,000000	0,023378	20,000000	100006,000000	23,299999
4348,000000	20,018459	0,000000	0,000000	0,000000	0,000000	24,927048	25,105589	24,062080	24,480934	24,272192	24,976559	21,406366	21,017376	22,422009	22,342497	23,928356	20,600000	23,650000	26,230000	23,809999	20,189999	20,180000	20,010000	19,949999	19,930000	612,868042	0,023377	20,000000	100006,000000	23,299999
4350,000000	20,033621	0,000000	0,000000	0,000000	0,000000	24,932100	25,250828	23,952257	24,485987	24,282297	24,981613	21,411434	21,027491	22,317226	22,347548	23,918249	20,609999	23,689999	26,240000	23,830000	20,180000	20,180000	20,010000	19,939999	19,930000	340282346638528860000000000000000000000,000000	0,023237	20,000000	100006,000000	23,299999
4352,000000	20,053823	0,000000	0,000000	0,000000	0,000000	24,827337	25,255882	23,947186	24,485987	24,287350	24,991720	21,326843	21,042635	22,327328	22,352596	23,737637	20,609999	23,629999	26,250000	23,840000	20,189999	20,180000	20,010000	19,930000	19,920000	595,312012	0,023445	20,000000	100006,000000	23,299999
4354,000000	20,033621	0,000000	0,000000	0,000000	0,000000	24,827337	25,250828	23,952257	24,491041	24,297455	24,996777	21,357155	21,037588	22,437176	22,342497	23,737637	20,609999	23,639999	26,240000	23,840000	20,189999	20,180000	20,010000	19,930000	19,920000	340282346638528860000000000000000000000,000000	0,023266	20,000000	100006,000000	23,299999
4356,000000	20,023508	0,000000	0,000000	0,000000	0,000000	24,827337	25,266008	23,952257	24,496096	24,292402	24,996777	21,336939	21,007280	22,347548	22,518040	23,882845	20,609999	23,619999	26,240000	23,820000	20,180000	20,180000	20,010000	19,920000	19,910000	602,444031	0,023527	20,000000	100006,000000	23,299999
4358,000000	20,043713	0,000000	0,000000	0,000000	0,000000	24,832390	25,266008	23,952257	24,496096	24,272192	24,976559	21,421532	20,872164	22,342497	22,342497	23,892971	20,619999	23,639999	26,260000	23,809999	20,180000	20,180000	20,010000	19,920000	19,910000	580,095032	0,023731	20,000000	100006,000000	23,299999
4360,000000	20,043713	0,000000	0,000000	0,000000	0,000000	24,827337	25,276119	23,952257	24,626148	24,262064	24,976559	21,391220	20,872164	22,337448	22,342497	23,933409	20,619999	23,660000	26,260000	23,799999	20,189999	20,180000	20,010000	19,920000	19,920000	340282346638528860000000000000000000000,000000	0,023449	20,000000	100006,000000	23,299999
4362,000000	20,018459	0,000000	0,000000	0,000000	0,000000	24,832390	25,271063	23,942133	24,496096	24,262064	24,986668	21,381104	20,862068	22,342497	22,332397	23,853918	20,629999	23,719999	26,250000	23,799999	20,189999	20,180000	20,010000	19,920000	19,920000	340282346638528860000000000000000000000,000000	0,023399	20,000000	100006,000000	23,200001
4364,000000	20,003302	0,000000	0,000000	0,000000	0,000000	24,822283	25,260935	23,942133	24,626148	24,262064	24,981613	21,376057	20,857019	22,327328	22,332397	23,874149	20,629999	23,740000	26,240000	23,799999	20,189999	20,180000	20,010000	19,920000	19,920000	340282346638528860000000000000000000000,000000	0,023242	20,000000	100006,000000	23,200001
4366,000000	20,003302	0,000000	0,000000	0,000000	0,000000	24,817209	25,250828	24,062080	24,496096	24,262064	24,986668	21,240957	20,851973	22,322277	22,337448	23,869078	20,639999	23,740000	26,240000	23,789999	20,189999	20,180000	20,010000	19,920000	19,930000	606,605042	0,023141	20,000000	100006,000000	23,200001
4368,000000	20,018459	0,000000	0,000000	0,000000	0,000000	24,817209	25,255882	24,057026	24,496096	24,267117	24,981613	21,230862	20,836809	22,327328	22,327328	24,014305	20,639999	23,750000	26,230000	23,779999	20,189999	20,180000	20,010000	19,920000	19,930000	340282346638528860000000000000000000000,000000	0,023314	20,000000	100006,000000	23,200001
4370,000000	20,008348	0,000000	0,000000	0,000000	0,000000	24,832390	25,266008	24,051954	24,496096	24,262064	24,976559	21,220745	20,836809	22,322277	22,317226	23,874149	20,650000	23,740000	26,219999	23,789999	20,189999	20,189999	20,010000	19,920000	19,930000	616,522034	0,023598	20,000000	100006,000000	23,200001
4372,000000	19,863144	0,000000	0,000000	0,000000	0,000000	24,822283	25,266008	24,057026	24,496096	24,257011	24,971506	21,200531	20,841858	22,437176	22,317226	23,869078	20,650000	23,750000	26,219999	23,789999	20,189999	20,189999	20,010000	19,910000	19,920000	340282346638528860000000000000000000000,000000	0,023618	20,000000	100006,000000	23,200001
4374,000000	19,863144	0,000000	0,000000	0,000000	0,000000	24,817209	25,260935	23,942133	24,626148	24,282297	24,976559	21,205599	20,846924	22,432127	22,422009	23,869078	20,660000	23,730000	26,219999	23,809999	20,180000	20,189999	20,010000	19,900000	19,920000	340282346638528860000000000000000000000,000000	0,023287	20,000000	100006,000000	23,200001
4376,000000	19,868210	0,000000	0,000000	0,000000	0,000000	24,817209	25,255882	24,057026	24,496096	24,282297	24,981613	21,200531	20,846924	22,411905	22,422009	24,004200	20,670000	23,750000	26,209999	23,830000	20,180000	20,189999	20,010000	19,900000	19,920000	340282346638528860000000000000000000000,000000	0,023652	20,000000	100006,000000	23,200001
4378,000000	19,868210	0,000000	0,000000	0,000000	0,000000	24,817209	25,255882	24,062080	24,496096	24,287350	24,986668	21,195482	20,851973	22,411905	22,401806	23,869078	20,680000	23,750000	26,230000	23,830000	20,180000	20,189999	20,020000	19,910000	19,920000	618,638000	0,023511	20,000000	100006,000000	23,200001
4380,000000	19,873255	0,000000	0,000000	0,000000	0,000000	24,822283	25,120773	24,062080	24,496096	24,282297	24,991720	21,195482	20,846924	22,411905	22,422009	24,004200	20,689999	23,740000	26,240000	23,840000	20,180000	20,189999	20,020000	19,900000	19,910000	615,419006	0,023355	20,000000	100006,000000	23,200001
4382,000000	19,873255	0,000000	0,000000	0,000000	0,000000	24,937157	25,266008	23,942133	24,626148	24,272192	24,991720	21,190435	20,846924	22,411905	22,406857	24,024431	20,689999	23,740000	26,230000	23,809999	20,189999	20,199999	20,020000	19,900000	19,910000	340282346638528860000000000000000000000,000000	0,023304	20,000000	100006,000000	23,200001
4384,000000	20,013414	0,000000	0,000000	0,000000	0,000000	24,817209	25,255882	24,057026	24,496096	24,267117	24,996777	21,310387	20,836809	22,416956	22,406857	24,029484	20,709999	23,789999	26,219999	23,809999	20,180000	20,199999	20,020000	19,889999	19,910000	340282346638528860000000000000000000000,000000	0,023405	20,000000	100006,000000	23,200001
4386,000000	20,008348	0,000000	0,000000	0,000000	0,000000	24,937157	25,250828	24,057026	24,626148	24,262064	24,986668	21,305338	20,836809	22,416956	22,396736	24,019360	20,709999	23,769999	26,240000	23,799999	20,180000	20,189999	20,029999	19,889999	19,900000	340282346638528860000000000000000000000,000000	0,023379	20,000000	100006,000000	23,200001
4388,000000	20,003302	0,000000	0,000000	0,000000	0,000000	24,932100	25,250828	24,057026	24,626148	24,251959	24,986668	21,305338	20,857019	22,406857	22,381586	24,014305	20,719999	23,769999	26,230000	23,789999	20,180000	20,199999	20,020000	19,879999	19,910000	340282346638528860000000000000000000000,000000	0,023533	20,000000	100006,000000	23,299999
4390,000000	20,003302	0,000000	0,000000	0,000000	0,000000	24,921974	25,255882	24,062080	24,496096	24,257011	24,986668	21,305338	20,851973	22,411905	22,406857	24,034536	20,730000	23,769999	26,219999	23,789999	20,180000	20,199999	20,020000	19,879999	19,910000	616,130005	0,023416	20,000000	100006,000000	23,299999
4392,000000	20,013414	0,000000	0,000000	0,000000	0,000000	24,932100	25,120773	24,051954	24,496096	24,121906	24,991720	21,305338	20,851973	22,406857	22,422009	24,014305	20,730000	23,779999	26,219999	23,769999	20,180000	20,189999	20,020000	19,889999	19,920000	340282346638528860000000000000000000000,000000	0,023386	20,000000	100006,000000	23,299999
4394,000000	20,003302	0,000000	0,000000	0,000000	0,000000	24,817209	25,255882	24,051954	24,491041	24,111780	24,986668	21,300268	20,862068	22,432127	22,437176	23,864025	20,730000	23,719999	26,240000	23,760000	20,180000	20,199999	20,020000	19,910000	19,930000	340282346638528860000000000000000000000,000000	0,023487	20,000000	100010,000000	23,299999
4396,000000	20,013414	0,000000	0,000000	0,000000	0,000000	24,827337	25,255882	24,057026	24,491041	24,106728	24,976559	21,305338	20,857019	22,432127	22,416956	23,853918	20,740000	23,719999	26,240000	23,760000	20,170000	20,199999	20,029999	19,920000	19,939999	340282346638528860000000000000000000000,000000	0,023390	20,000000	100006,000000	23,299999
4398,000000	20,003302	0,000000	0,000000	0,000000	0,000000	24,817209	25,271063	23,942133	24,496096	24,116835	24,976559	21,205599	20,846924	22,422009	22,422009	23,869078	20,750000	23,740000	26,230000	23,789999	20,170000	20,199999	20,020000	19,939999	19,939999	617,675049	0,023694	20,000000	100006,000000	23,299999
4400,000000	19,873255	0,000000	0,000000	0,000000	0,000000	24,827337	25,250828	23,942133	24,496096	24,251959	24,991720	21,220745	20,836809	22,411905	22,406857	23,853918	20,760000	23,730000	26,209999	23,809999	20,180000	20,189999	20,020000	19,959999	19,949999	612,042053	0,024016	20,000000	100006,000000	23,299999
4402,000000	19,873255	0,000000	0,000000	0,000000	0,000000	24,822283	25,255882	24,062080	24,496096	24,257011	24,991720	21,210648	20,836809	22,416956	22,427057	23,853918	20,760000	23,709999	26,209999	23,809999	20,180000	20,189999	20,020000	19,969999	19,930000	577,207031	0,023236	20,000000	100006,000000	23,200001
4404,000000	19,873255	0,000000	0,000000	0,000000	0,000000	24,827337	25,250828	23,947186	24,496096	24,257011	24,986668	21,200531	20,841858	22,432127	22,317226	24,014305	20,760000	23,740000	26,230000	23,789999	20,180000	20,189999	20,020000	19,969999	19,930000	596,568054	0,023262	20,000000	100006,000000	23,200001
4406,000000	20,003302	0,000000	0,000000	0,000000	0,000000	24,932100	25,255882	24,062080	24,496096	24,121906	24,996777	21,195482	20,851973	22,437176	22,437176	24,024431	20,760000	23,779999	26,250000	23,779999	20,180000	20,199999	20,020000	20,000000	19,930000	340282346638528860000000000000000000000,000000	0,023270	20,000000	100006,000000	23,200001
4408,000000	20,008348	0,000000	0,000000	0,000000	0,000000	24,832390	25,255882	23,942133	24,496096	24,121906	24,991720	21,205599	20,857019	22,322277	22,322277	24,034536	20,760000	23,789999	26,250000	23,789999	20,180000	20,199999	20,020000	20,000000	19,920000	604,662048	0,023031	20,000000	100006,000000	23,200001
4410,000000	20,003302	0,000000	0,000000	0,000000	0,000000	24,822283	25,266008	24,057026	24,626148	24,116835	24,981613	21,195482	20,867115	22,332397	22,332397	24,044640	20,770000	23,799999	26,260000	23,779999	20,180000	20,199999	20,020000	19,990000	19,910000	617,622009	0,023151	20,000000	100006,000000	23,200001
4412,000000	20,018459	0,000000	0,000000	0,000000	0,000000	24,827337	25,260935	23,942133	24,496096	24,111780	24,971506	21,195482	20,862068	22,327328	22,327328	24,034536	20,779999	23,809999	26,279999	23,769999	20,180000	20,199999	20,029999	19,969999	19,900000	584,811035	0,023245	20,000000	100006,000000	23,200001
4414,000000	20,028555	0,000000	0,000000	0,000000	0,000000	24,832390	25,266008	24,051954	24,496096	24,257011	24,976559	21,200531	20,862068	22,332397	22,322277	24,009253	20,779999	23,769999	26,260000	23,779999	20,180000	20,209999	20,029999	19,959999	19,900000	340282346638528860000000000000000000000,000000	0,023063	20,000000	100010,000000	23,200001
4416,000000	20,018459	0,000000	0,000000	0,000000	0,000000	24,817209	25,266008	24,051954	24,496096	24,262064	24,976559	21,200531	20,851973	22,337448	22,327328	24,009253	20,789999	23,750000	26,240000	23,779999	20,180000	20,209999	20,029999	19,939999	19,920000	340282346638528860000000000000000000000,000000	0,023179	20,000000	100006,000000	23,299999
4418,000000	20,028555	0,000000	0,000000	0,000000	0,000000	24,817209	25,260935	24,051954	24,496096	24,257011	24,971506	21,210648	20,841858	22,337448	22,337448	24,014305	20,799999	23,760000	26,250000	23,779999	20,180000	20,209999	20,029999	19,930000	19,939999	340282346638528860000000000000000000000,000000	0,023622	20,000000	100006,000000	23,299999
4420,000000	20,028555	0,000000	0,000000	0,000000	0,000000	24,937157	25,271063	24,057026	24,496096	24,267117	24,966433	21,210648	20,836809	22,342497	22,332397	24,004200	20,799999	23,760000	26,230000	23,769999	20,180000	20,209999	20,029999	19,920000	19,939999	340282346638528860000000000000000000000,000000	0,023634	20,000000	100010,000000	23,299999
4422,000000	20,023508	0,000000	0,000000	0,000000	0,000000	24,937157	25,260935	24,062080	24,626148	24,257011	24,976559	21,195482	20,841858	22,322277	22,332397	24,034536	20,809999	23,760000	26,209999	23,779999	20,180000	20,209999	20,029999	19,920000	19,939999	604,311035	0,023404	20,000000	100010,000000	23,299999
4424,000000	20,023508	0,000000	0,000000	0,000000	0,000000	24,932100	25,266008	23,942133	24,496096	24,121906	24,976559	21,205599	20,831760	22,322277	22,327328	24,044640	20,820000	23,789999	26,209999	23,789999	20,180000	20,209999	20,029999	19,910000	19,969999	340282346638528860000000000000000000000,000000	0,023624	20,000000	100010,000000	23,299999
4426,000000	20,018459	0,000000	0,000000	0,000000	0,000000	24,927048	25,271063	24,062080	24,496096	24,116835	24,981613	21,205599	20,831760	22,327328	22,352596	24,014305	20,820000	23,789999	26,199999	23,779999	20,180000	20,199999	20,029999	19,910000	19,990000	619,007019	0,023490	20,000000	100010,000000	23,299999
4428,000000	20,023508	0,000000	0,000000	0,000000	0,000000	24,932100	25,266008	23,947186	24,496096	24,116835	24,986668	21,205599	20,836809	22,337448	22,362719	24,014305	20,830000	23,779999	26,219999	23,779999	20,180000	20,199999	20,029999	19,910000	20,000000	340282346638528860000000000000000000000,000000	0,023731	20,000000	100010,000000	23,299999
4430,000000	20,023508	0,000000	0,000000	0,000000	0,000000	24,932100	25,276119	23,942133	24,626148	24,106728	24,991720	21,310387	20,841858	22,342497	22,502869	24,044640	20,830000	23,769999	26,230000	23,779999	20,180000	20,189999	20,029999	19,910000	20,000000	340282346638528860000000000000000000000,000000	0,023548	20,000000	100010,000000	23,299999
4432,000000	20,008348	0,000000	0,000000	0,000000	0,000000	24,932100	25,266008	24,057026	24,496096	24,111780	24,991720	21,305338	20,841858	22,342497	22,372818	24,039587	20,830000	23,779999	26,240000	23,769999	20,180000	20,189999	20,029999	19,920000	20,020000	340282346638528860000000000000000000000,000000	0,023364	20,000000	100010,000000	23,299999
4434,000000	20,013414	0,000000	0,000000	0,000000	0,000000	24,932100	25,271063	24,057026	24,496096	24,116835	24,991720	21,305338	20,846924	22,342497	22,357666	24,034536	20,830000	23,760000	26,250000	23,760000	20,180000	20,189999	20,029999	19,920000	20,020000	340282346638528860000000000000000000000,000000	0,023447	20,000000	100010,000000	23,299999
4436,000000	20,003302	0,000000	0,000000	0,000000	0,000000	24,932100	25,271063	24,057026	24,626148	24,121906	24,991720	21,195482	20,831760	22,332397	22,317226	24,004200	20,830000	23,769999	26,240000	23,760000	20,180000	20,180000	20,029999	19,920000	20,010000	340282346638528860000000000000000000000,000000	0,023453	20,000000	100006,000000	23,299999
4438,000000	19,863144	0,000000	0,000000	0,000000	0,000000	24,927048	25,266008	23,942133	24,496096	24,121906	24,981613	21,200531	20,841858	22,317226	22,437176	24,014305	20,830000	23,730000	26,230000	23,769999	20,180000	20,180000	20,029999	19,930000	20,000000	622,344055	0,023468	20,000000	100006,000000	23,299999
4440,000000	19,863144	0,000000	0,000000	0,000000	0,000000	24,932100	25,255882	24,057026	24,491041	24,116835	24,981613	21,310387	20,841858	22,437176	22,317226	23,874149	20,840000	23,760000	26,240000	23,779999	20,180000	20,180000	20,029999	19,930000	20,000000	605,740051	0,023372	20,000000	100006,000000	23,299999
4442,000000	19,868210	0,000000	0,000000	0,000000	0,000000	24,927048	25,266008	24,046902	24,496096	24,111780	24,971506	21,300268	20,841858	22,327328	22,322277	23,874149	20,840000	23,750000	26,240000	23,760000	20,180000	20,180000	20,020000	19,939999	20,000000	340282346638528860000000000000000000000,000000	0,023682	20,000000	100006,000000	23,299999
4444,000000	19,858095	0,000000	0,000000	0,000000	0,000000	24,932100	25,255882	24,051954	24,496096	24,106728	24,976559	21,305338	20,836809	22,332397	22,342497	24,039587	20,840000	23,779999	26,260000	23,750000	20,180000	20,180000	20,020000	19,939999	20,000000	340282346638528860000000000000000000000,000000	0,023455	20,000000	100006,000000	23,299999
4446,000000	19,848003	0,000000	0,000000	0,000000	0,000000	24,937157	25,260935	24,046902	24,491041	24,101675	24,976559	21,195482	20,851973	22,347548	22,367767	24,004200	20,840000	23,799999	26,279999	23,740000	20,180000	20,180000	20,029999	19,939999	20,010000	340282346638528860000000000000000000000,000000	0,023521	20,000000	100010,000000	23,299999
4448,000000	19,868210	0,000000	0,000000	0,000000	0,000000	24,817209	25,276119	24,057026	24,626148	24,096622	24,966433	21,205599	20,851973	22,347548	22,372818	23,823584	20,840000	23,709999	26,260000	23,750000	20,180000	20,180000	20,020000	19,939999	20,000000	615,153015	0,023614	20,000000	100006,000000	23,299999
4450,000000	20,008348	0,000000	0,000000	0,000000	0,000000	24,937157	25,271063	24,062080	24,626148	24,101675	24,966433	21,200531	20,851973	22,342497	22,367767	24,014305	20,840000	23,730000	26,260000	23,769999	20,189999	20,180000	20,029999	19,949999	19,990000	613,527039	0,023699	20,000000	100006,000000	23,299999
4452,000000	20,008348	0,000000	0,000000	0,000000	0,000000	24,932100	25,255882	23,947186	24,496096	24,121906	24,976559	21,220745	20,867115	22,342497	22,372818	24,034536	20,830000	23,789999	26,279999	23,789999	20,189999	20,189999	20,029999	19,939999	20,000000	622,983032	0,023501	20,000000	100006,000000	23,299999
4454,000000	20,013414	0,000000	0,000000	0,000000	0,000000	24,921974	25,266008	23,947186	24,626148	24,257011	24,991720	21,246006	20,872164	22,342497	22,367767	24,034536	20,830000	23,789999	26,260000	23,809999	20,189999	20,180000	20,029999	19,949999	19,990000	340282346638528860000000000000000000000,000000	0,023168	20,000000	100006,000000	23,299999
4456,000000	20,008348	0,000000	0,000000	0,000000	0,000000	24,927048	25,266008	23,957308	24,496096	24,267117	24,996777	21,376057	21,007280	22,332397	22,367767	24,049694	20,830000	23,789999	26,269999	23,840000	20,189999	20,189999	20,029999	19,939999	19,980000	340282346638528860000000000000000000000,000000	0,023195	20,000000	100006,000000	23,299999
4458,000000	20,023508	0,000000	0,000000	0,000000	0,000000	24,932100	25,266008	23,957308	24,496096	24,267117	25,131905	21,391220	21,012327	22,337448	22,372818	23,939871	20,830000	23,820000	26,269999	23,830000	20,189999	20,189999	20,029999	19,949999	19,969999	340282346638528860000000000000000000000,000000	0,023275	20,000000	100006,000000	23,299999
4460,000000	20,033621	0,000000	0,000000	0,000000	0,000000	24,932100	25,271063	23,957308	24,631222	24,262064	25,147066	21,381104	20,872164	22,347548	22,507917	24,049694	20,830000	23,809999	26,269999	23,830000	20,189999	20,180000	20,029999	19,949999	19,969999	608,690002	0,023091	20,000000	100010,000000	23,299999
4462,000000	20,033621	0,000000	0,000000	0,000000	0,000000	24,817209	25,276119	23,967432	24,631222	24,262064	25,136957	21,246006	20,872164	22,347548	22,507917	24,039587	20,820000	23,799999	26,260000	23,820000	20,199999	20,180000	20,029999	19,949999	19,969999	615,055054	0,023078	20,000000	100010,000000	23,299999
4464,000000	20,043713	0,000000	0,000000	0,000000	0,000000	24,937157	25,286247	23,962360	24,626148	24,267117	25,147066	21,235910	20,872164	22,352596	22,502869	24,059818	20,820000	23,789999	26,260000	23,820000	20,199999	20,180000	20,029999	19,980000	19,969999	340282346638528860000000000000000000000,000000	0,023507	20,000000	100010,000000	23,299999
4466,000000	20,053823	0,000000	0,000000	0,000000	0,000000	24,827337	25,286247	23,957308	24,631222	24,267117	25,147066	21,225794	21,002232	22,357666	22,357666	24,059818	20,830000	23,809999	26,250000	23,820000	20,199999	20,180000	20,029999	20,000000	19,969999	340282346638528860000000000000000000000,000000	0,023291	20,000000	100010,000000	23,299999
4468,000000	20,058872	0,000000	0,000000	0,000000	0,000000	24,822283	25,311541	23,962360	24,631222	24,277245	25,147066	21,210648	21,012327	22,357666	22,352596	23,965155	20,820000	23,830000	26,260000	23,809999	20,199999	20,189999	20,039999	20,020000	19,969999	340282346638528860000000000000000000000,000000	0,023558	20,000000	100010,000000	23,299999
4470,000000	20,058872	0,000000	0,000000	0,000000	0,000000	24,847572	25,311541	23,957308	24,636274	24,272192	25,147066	21,200531	21,012327	22,357666	22,342497	23,965155	20,820000	23,840000	26,260000	23,799999	20,199999	20,189999	20,039999	20,020000	19,969999	612,935059	0,023442	20,000000	100006,000000	23,299999
4472,000000	20,058872	0,000000	0,000000	0,000000	0,000000	24,837444	25,306486	23,957308	24,636274	24,277245	25,147066	21,215696	21,012327	22,347548	22,332397	23,955050	20,820000	23,830000	26,269999	23,799999	20,209999	20,189999	20,039999	20,029999	19,969999	622,182007	0,023424	20,000000	100006,000000	23,299999
4474,000000	20,053823	0,000000	0,000000	0,000000	0,000000	24,847572	25,296356	23,962360	24,641327	24,277245	25,131905	21,225794	21,017376	22,342497	22,332397	23,975258	20,820000	23,850000	26,269999	23,809999	20,209999	20,199999	20,039999	20,029999	19,969999	619,293030	0,023424	20,000000	100006,000000	23,299999
4476,000000	20,033621	0,000000	0,000000	0,000000	0,000000	24,837444	25,291302	23,962360	24,636274	24,287350	25,142012	21,235910	21,012327	22,332397	22,322277	23,955050	20,820000	23,840000	26,279999	23,820000	20,209999	20,189999	20,039999	20,049999	19,969999	611,643005	0,023279	20,000000	100006,000000	23,299999
4478,000000	20,008348	0,000000	0,000000	0,000000	0,000000	24,847572	25,291302	23,967432	24,636274	24,297455	25,142012	21,235910	21,002232	22,337448	22,337448	24,039587	20,820000	23,799999	26,269999	23,840000	20,209999	20,199999	20,039999	20,049999	19,969999	615,153015	0,023442	20,000000	100006,000000	23,299999
4480,000000	20,003302	0,000000	0,000000	0,000000	0,000000	24,847572	25,306486	23,972486	24,636274	24,292402	25,136957	21,230862	20,872164	22,332397	22,337448	24,004200	20,820000	23,750000	26,260000	23,840000	20,209999	20,199999	20,039999	20,059999	19,969999	622,413025	0,023320	20,000000	100006,000000	23,299999
4482,000000	20,013414	0,000000	0,000000	0,000000	0,000000	24,847572	25,306486	23,962360	24,636274	24,302526	25,142012	21,246006	21,002232	22,322277	22,337448	24,019360	20,809999	23,769999	26,240000	23,840000	20,209999	20,199999	20,039999	20,070000	19,969999	604,413025	0,023565	20,000000	100006,000000	23,299999
4484,000000	19,863144	0,000000	0,000000	0,000000	0,000000	24,827337	25,286247	23,977539	24,641327	24,192686	25,142012	21,401318	20,862068	22,437176	22,347548	23,864025	20,809999	23,769999	26,230000	23,889999	20,219999	20,199999	20,049999	20,080000	19,959999	340282346638528860000000000000000000000,000000	0,023278	20,000000	100006,000000	23,299999
4486,000000	19,848003	0,000000	0,000000	0,000000	0,000000	24,837444	25,291302	23,987663	24,646381	24,197739	25,157196	21,391220	20,846924	22,432127	22,357666	23,838743	20,809999	23,699999	26,250000	23,879999	20,219999	20,199999	20,049999	20,080000	19,959999	612,990051	0,023272	20,000000	100006,000000	23,299999
4488,000000	19,848003	0,000000	0,000000	0,000000	0,000000	24,827337	25,276119	23,977539	24,646381	24,197739	25,152142	21,391220	20,846924	22,432127	22,342497	23,823584	20,809999	23,699999	26,230000	23,869999	20,219999	20,199999	20,049999	20,100000	19,949999	340282346638528860000000000000000000000,000000	0,023312	20,000000	100006,000000	23,299999
4490,000000	19,853050	0,000000	0,000000	0,000000	0,000000	24,832390	25,286247	23,972486	24,646381	24,192686	25,147066	21,396269	20,846924	22,437176	22,352596	23,823584	20,799999	23,699999	26,219999	23,869999	20,230000	20,209999	20,049999	20,109999	19,949999	340282346638528860000000000000000000000,000000	0,023296	20,000000	100006,000000	23,299999
4492,000000	19,848003	0,000000	0,000000	0,000000	0,000000	24,827337	25,271063	23,962360	24,641327	24,197739	25,147066	21,401318	20,836809	22,427057	22,347548	23,853918	20,799999	23,719999	26,209999	23,869999	20,230000	20,209999	20,049999	20,100000	19,949999	340282346638528860000000000000000000000,000000	0,023528	20,000000	100006,000000	23,299999
4494,000000	19,848003	0,000000	0,000000	0,000000	0,000000	24,817209	25,271063	23,972486	24,646381	24,187634	25,142012	21,406366	20,826714	22,317226	22,512987	23,843815	20,799999	23,730000	26,219999	23,859999	20,230000	20,209999	20,049999	20,080000	19,949999	594,604004	0,023256	20,000000	100006,000000	23,200001
4496,000000	20,008348	0,000000	0,000000	0,000000	0,000000	24,842520	25,266008	23,972486	24,651436	24,307581	25,147066	21,401318	20,821665	22,337448	22,528139	23,818531	20,789999	23,680000	26,230000	23,850000	20,230000	20,209999	20,059999	20,080000	19,949999	618,107056	0,023135	20,000000	100006,000000	23,200001
4498,000000	20,023508	0,000000	0,000000	0,000000	0,000000	24,832390	25,276119	23,987663	24,646381	24,302526	25,157196	21,406366	20,821665	22,352596	22,438511	23,848866	20,789999	23,709999	26,260000	23,840000	20,230000	20,209999	20,059999	20,059999	19,949999	340282346638528860000000000000000000000,000000	0,023278	20,000000	100006,000000	23,200001
4500,000000	20,053823	0,000000	0,000000	0,000000	0,000000	24,837444	25,286247	23,987663	24,646381	24,297455	25,167303	21,401318	20,846924	22,502869	22,438511	24,029484	20,789999	23,719999	26,260000	23,830000	20,230000	20,209999	20,059999	20,049999	19,939999	589,246033	0,023599	20,000000	100006,000000	23,200001
4502,000000	19,954077	0,000000	0,000000	0,000000	0,000000	24,857679	25,286247	23,982592	24,646381	24,297455	25,182487	21,391220	21,007280	22,523090	22,558460	24,054766	20,789999	23,799999	26,279999	23,830000	20,240000	20,209999	20,070000	20,049999	19,939999	340282346638528860000000000000000000000,000000	0,023325	20,000000	100006,000000	23,200001
4504,000000	19,969238	0,000000	0,000000	0,000000	0,000000	24,867807	25,301409	23,992716	24,651436	24,302526	25,172358	21,401318	21,017376	22,528139	22,543308	23,944923	20,789999	23,809999	26,299999	23,830000	20,230000	20,219999	20,070000	20,029999	19,930000	340282346638528860000000000000000000000,000000	0,023434	20,000000	100006,000000	23,200001
4506,000000	19,974283	0,000000	0,000000	0,000000	0,000000	24,852627	25,311541	23,992716	24,651436	24,187634	25,182487	21,391220	21,017376	22,523090	22,538260	23,965155	20,789999	23,799999	26,289999	23,840000	20,240000	20,219999	20,070000	20,010000	19,930000	340282346638528860000000000000000000000,000000	0,023388	20,000000	100006,000000	23,200001
4508,000000	19,974283	0,000000	0,000000	0,000000	0,000000	24,867807	25,311541	23,992716	24,656509	24,192686	25,177410	21,406366	21,007280	22,512987	22,538260	23,960102	20,789999	23,830000	26,289999	23,859999	20,240000	20,219999	20,070000	20,000000	19,920000	595,751038	0,023489	20,000000	100006,000000	23,200001
4510,000000	19,959124	0,000000	0,000000	0,000000	0,000000	24,872864	25,306486	23,992716	24,666615	24,197739	25,172358	21,416483	21,002232	22,512987	22,533190	23,965155	20,789999	23,809999	26,279999	23,850000	20,240000	20,219999	20,070000	19,990000	19,930000	618,368042	0,023260	20,000000	100006,000000	23,299999
4512,000000	20,058872	0,000000	0,000000	0,000000	0,000000	24,872864	25,306486	23,987663	24,661562	24,187634	25,157196	21,401318	20,857019	22,502869	22,367767	24,039587	20,789999	23,799999	26,289999	23,830000	20,240000	20,219999	20,070000	19,990000	19,930000	340282346638528860000000000000000000000,000000	0,023323	20,000000	100010,000000	23,299999
4514,000000	20,023508	0,000000	0,000000	0,000000	0,000000	24,862753	25,296356	23,982592	24,656509	24,302526	25,142012	21,416483	20,846924	22,362719	22,332397	23,864025	20,789999	23,750000	26,279999	23,820000	20,240000	20,219999	20,070000	20,010000	19,920000	340282346638528860000000000000000000000,000000	0,023261	20,000000	100006,000000	23,299999
4516,000000	20,003302	0,000000	0,000000	0,000000	0,000000	24,852627	25,276119	23,962360	24,656509	24,292402	24,996777	21,401318	20,857019	22,342497	22,432127	23,712355	20,789999	23,639999	26,260000	23,820000	20,240000	20,219999	20,070000	20,029999	19,920000	620,963013	0,023566	20,000000	100006,000000	23,299999
4518,000000	19,868210	0,000000	0,000000	0,000000	0,000000	24,862753	25,255882	23,962360	24,656509	24,277245	24,986668	21,396269	20,836809	22,342497	22,432127	23,737637	20,779999	23,600000	26,230000	23,799999	20,240000	20,209999	20,070000	20,029999	19,920000	611,905029	0,022924	20,000000	100006,000000	23,299999
4520,000000	19,858095	0,000000	0,000000	0,000000	0,000000	24,842520	25,255882	23,947186	24,651436	24,277245	24,976559	21,376057	20,836809	22,332397	22,411905	23,913198	20,779999	23,639999	26,219999	23,779999	20,240000	20,219999	20,070000	20,020000	19,920000	340282346638528860000000000000000000000,000000	0,023292	20,000000	100006,000000	23,299999
4522,000000	19,853050	0,000000	0,000000	0,000000	0,000000	24,832390	25,250828	24,062080	24,646381	24,282297	24,976559	21,225794	20,816597	22,322277	22,391687	23,928356	20,779999	23,680000	26,199999	23,779999	20,240000	20,209999	20,070000	20,010000	19,920000	597,325012	0,023553	20,000000	100006,000000	23,200001
4524,000000	19,868210	0,000000	0,000000	0,000000	0,000000	24,827337	25,115698	24,046902	24,646381	24,267117	24,976559	21,210648	20,936550	22,337448	22,422009	23,813459	20,779999	23,689999	26,219999	23,769999	20,250000	20,209999	20,070000	19,990000	19,920000	340282346638528860000000000000000000000,000000	0,023345	20,000000	100006,000000	23,200001
4526,000000	19,853050	0,000000	0,000000	0,000000	0,000000	24,827337	25,105589	24,051954	24,646381	24,262064	24,986668	21,225794	20,816597	22,337448	22,427057	23,853918	20,779999	23,709999	26,230000	23,769999	20,250000	20,209999	20,059999	19,980000	19,920000	601,927002	0,023162	20,000000	100006,000000	23,200001
4528,000000	19,853050	0,000000	0,000000	0,000000	0,000000	24,827337	25,110643	24,051954	24,641327	24,272192	24,991720	21,246006	20,936550	22,332397	22,437176	23,818531	20,779999	23,689999	26,209999	23,789999	20,250000	20,209999	20,070000	19,969999	19,920000	340282346638528860000000000000000000000,000000	0,023494	20,000000	100006,000000	23,200001
4530,000000	19,842937	0,000000	0,000000	0,000000	0,000000	24,817209	25,120773	24,062080	24,636274	24,282297	24,991720	21,381104	20,931503	22,322277	22,327328	23,933409	20,770000	23,689999	26,209999	23,809999	20,250000	20,209999	20,059999	19,969999	19,920000	340282346638528860000000000000000000000,000000	0,023666	20,000000	100006,000000	23,200001
4532,000000	19,827799	0,000000	0,000000	0,000000	0,000000	24,817209	25,110643	24,057026	24,636274	24,282297	24,996777	21,381104	20,916359	22,322277	22,337448	23,918249	20,770000	23,660000	26,209999	23,809999	20,250000	20,209999	20,059999	19,969999	19,920000	600,783020	0,023403	20,000000	100006,000000	23,200001
4534,000000	19,822731	0,000000	0,000000	0,000000	0,000000	24,932100	25,120773	23,942133	24,636274	24,287350	25,126850	21,391220	20,916359	22,322277	22,357666	23,818531	20,770000	23,650000	26,199999	23,820000	20,250000	20,209999	20,070000	19,969999	19,930000	599,585022	0,023600	20,000000	100006,000000	23,200001
4536,000000	19,822731	0,000000	0,000000	0,000000	0,000000	24,932100	25,120773	23,952257	24,636274	24,277245	25,136957	21,386171	20,926455	22,342497	22,347548	23,848866	20,770000	23,660000	26,219999	23,820000	20,250000	20,209999	20,059999	19,980000	19,920000	340282346638528860000000000000000000000,000000	0,023422	20,000000	100006,000000	23,200001
4538,000000	19,868210	0,000000	0,000000	0,000000	0,000000	24,937157	25,255882	23,957308	24,641327	24,277245	25,136957	21,376057	20,831760	22,332397	22,332397	24,044640	20,770000	23,719999	26,219999	23,840000	20,250000	20,199999	20,059999	19,980000	19,920000	606,761047	0,023217	20,000000	100006,000000	23,299999
4540,000000	19,868210	0,000000	0,000000	0,000000	0,000000	24,817209	25,266008	23,957308	24,646381	24,287350	25,142012	21,240957	20,857019	22,322277	22,416956	24,044640	20,770000	23,789999	26,240000	23,850000	20,250000	20,199999	20,059999	19,969999	19,920000	340282346638528860000000000000000000000,000000	0,023212	20,000000	100006,000000	23,299999
4542,000000	19,858095	0,000000	0,000000	0,000000	0,000000	24,832390	25,260935	23,957308	24,636274	24,277245	25,131905	21,246006	20,846924	22,437176	22,432127	24,019360	20,779999	23,789999	26,230000	23,850000	20,250000	20,199999	20,059999	19,959999	19,930000	611,954041	0,023305	20,000000	100006,000000	23,200001
4544,000000	19,842937	0,000000	0,000000	0,000000	0,000000	24,932100	25,260935	23,957308	24,641327	24,287350	25,136957	21,235910	20,841858	22,432127	22,432127	24,044640	20,779999	23,769999	26,240000	23,840000	20,250000	20,199999	20,059999	19,949999	19,920000	621,498047	0,023306	20,000000	100006,000000	23,200001
4546,000000	19,863144	0,000000	0,000000	0,000000	0,000000	24,937157	25,266008	23,962360	24,636274	24,292402	25,136957	21,230862	20,851973	22,432127	22,437176	24,024431	20,770000	23,789999	26,250000	23,850000	20,250000	20,199999	20,059999	19,949999	19,920000	340282346638528860000000000000000000000,000000	0,023602	20,000000	100006,000000	23,200001
4548,000000	19,858095	0,000000	0,000000	0,000000	0,000000	24,822283	25,266008	23,957308	24,641327	24,297455	25,136957	21,246006	20,846924	22,437176	22,347548	24,019360	20,779999	23,760000	26,230000	23,840000	20,250000	20,199999	20,059999	19,949999	19,920000	340282346638528860000000000000000000000,000000	0,023131	20,000000	100006,000000	23,200001
4550,000000	19,863144	0,000000	0,000000	0,000000	0,000000	24,832390	25,260935	23,972486	24,646381	24,292402	25,131905	21,391220	20,846924	22,332397	22,367767	24,009253	20,779999	23,730000	26,240000	23,830000	20,250000	20,199999	20,049999	19,949999	19,920000	623,021057	0,023319	20,000000	100006,000000	23,200001
4552,000000	19,873255	0,000000	0,000000	0,000000	0,000000	24,837444	25,266008	23,967432	24,641327	24,297455	25,142012	21,406366	20,846924	22,337448	22,367767	23,853918	20,770000	23,719999	26,230000	23,840000	20,250000	20,199999	20,049999	19,949999	19,910000	615,926025	0,023425	20,000000	100006,000000	23,200001
4554,000000	20,003302	0,000000	0,000000	0,000000	0,000000	24,842520	25,276119	23,967432	24,641327	24,302526	25,142012	21,401318	20,841858	22,342497	22,372818	23,853918	20,770000	23,699999	26,219999	23,830000	20,250000	20,199999	20,049999	19,959999	19,920000	340282346638528860000000000000000000000,000000	0,023179	20,000000	100006,000000	23,200001
4556,000000	19,868210	0,000000	0,000000	0,000000	0,000000	24,847572	25,276119	23,967432	24,646381	24,302526	25,147066	21,396269	20,836809	22,342497	22,507917	23,823584	20,770000	23,670000	26,199999	23,820000	20,250000	20,199999	20,049999	19,959999	19,939999	340282346638528860000000000000000000000,000000	0,023324	20,000000	100006,000000	23,200001
4558,000000	19,863144	0,000000	0,000000	0,000000	0,000000	24,832390	25,281174	23,967432	24,646381	24,297455	25,136957	21,246006	20,816597	22,342497	22,512987	23,828638	20,770000	23,650000	26,199999	23,820000	20,240000	20,199999	20,049999	19,959999	19,959999	596,013000	0,023630	20,000000	100006,000000	23,200001
4560,000000	19,873255	0,000000	0,000000	0,000000	0,000000	24,847572	25,281174	23,972486	24,646381	24,297455	25,131905	21,235910	20,816597	22,347548	22,512987	23,853918	20,770000	23,689999	26,219999	23,799999	20,240000	20,199999	20,049999	19,969999	19,949999	340282346638528860000000000000000000000,000000	0,023287	20,000000	100010,000000	23,299999
4562,000000	19,863144	0,000000	0,000000	0,000000	0,000000	24,847572	25,291302	23,962360	24,641327	24,297455	25,136957	21,376057	20,816597	22,357666	22,512987	23,858971	20,770000	23,699999	26,219999	23,820000	20,240000	20,209999	20,059999	19,980000	19,949999	340282346638528860000000000000000000000,000000	0,023424	20,000000	100010,000000	23,299999
4564,000000	19,863144	0,000000	0,000000	0,000000	0,000000	24,837444	25,276119	23,967432	24,651436	24,297455	25,152142	21,386171	20,836809	22,352596	22,502869	23,874149	20,760000	23,719999	26,219999	23,830000	20,240000	20,209999	20,049999	19,990000	19,949999	609,565002	0,023639	20,000000	100010,000000	23,299999
4566,000000	19,873255	0,000000	0,000000	0,000000	0,000000	24,842520	25,276119	23,967432	24,646381	24,297455	25,147066	21,396269	20,872164	22,342497	22,367767	24,009253	20,760000	23,740000	26,230000	23,850000	20,240000	20,209999	20,049999	20,000000	19,939999	618,035034	0,023701	20,000000	100010,000000	23,299999
4568,000000	20,013414	0,000000	0,000000	0,000000	0,000000	24,832390	25,286247	23,967432	24,646381	24,307581	25,147066	21,386171	21,007280	22,347548	22,337448	24,029484	20,760000	23,750000	26,240000	23,859999	20,240000	20,209999	20,059999	19,990000	19,939999	340282346638528860000000000000000000000,000000	0,023458	20,000000	100006,000000	23,299999
4570,000000	20,018459	0,000000	0,000000	0,000000	0,000000	24,832390	25,281174	23,982592	24,651436	24,197739	25,147066	21,406366	21,007280	22,347548	22,347548	24,019360	20,750000	23,789999	26,240000	23,859999	20,240000	20,219999	20,059999	19,990000	19,930000	340282346638528860000000000000000000000,000000	0,023554	20,000000	100006,000000	23,299999
4572,000000	20,043713	0,000000	0,000000	0,000000	0,000000	24,847572	25,276119	23,972486	24,646381	24,202812	25,162249	21,416483	21,012327	22,352596	22,372818	23,853918	20,750000	23,769999	26,250000	23,859999	20,240000	20,219999	20,059999	19,980000	19,939999	617,829041	0,023565	20,000000	100006,000000	23,299999
4574,000000	20,053823	0,000000	0,000000	0,000000	0,000000	24,857679	25,276119	23,987663	24,656509	24,207865	25,152142	21,321795	21,022423	22,347548	22,352596	23,833691	20,750000	23,680000	26,250000	23,879999	20,240000	20,209999	20,059999	19,980000	19,939999	340282346638528860000000000000000000000,000000	0,023499	20,000000	100006,000000	23,299999
4576,000000	20,058872	0,000000	0,000000	0,000000	0,000000	24,842520	25,271063	23,992716	24,651436	24,217972	25,142012	21,336939	21,027491	22,347548	22,342497	23,933409	20,740000	23,699999	26,250000	23,889999	20,240000	20,219999	20,059999	19,959999	19,939999	340282346638528860000000000000000000000,000000	0,023294	20,000000	100006,000000	23,299999
4578,000000	20,058872	0,000000	0,000000	0,000000	0,000000	24,852627	25,266008	23,992716	24,656509	24,217972	25,152142	21,372320	21,032539	22,332397	22,347548	23,813459	20,740000	23,660000	26,240000	23,879999	20,240000	20,219999	20,059999	19,959999	19,939999	340282346638528860000000000000000000000,000000	0,023440	20,000000	100006,000000	23,299999
4581,000000	20,043713	0,000000	0,000000	0,000000	0,000000	24,852627	25,260935	23,977539	24,661562	24,223024	25,157196	21,372320	21,017376	22,327328	22,347548	23,737637	20,730000	23,609999	26,240000	23,879999	20,230000	20,209999	20,059999	19,959999	19,939999	589,910034	0,023390	20,000000	100006,000000	23,299999
4583,000000	20,038666	0,000000	0,000000	0,000000	0,000000	24,852627	25,266008	23,987663	24,656509	24,207865	25,147066	21,367252	21,007280	22,332397	22,342497	23,903074	20,719999	23,609999	26,209999	23,859999	20,230000	20,209999	20,049999	19,949999	19,930000	340282346638528860000000000000000000000,000000	0,023284	20,000000	100006,000000	23,299999
4585,000000	20,028555	0,000000	0,000000	0,000000	0,000000	24,837444	25,255882	23,982592	24,656509	24,223024	25,136957	21,347055	20,851973	22,332397	22,357666	23,828638	20,719999	23,670000	26,199999	23,889999	20,230000	20,209999	20,049999	19,949999	19,930000	340282346638528860000000000000000000000,000000	0,023070	20,000000	100006,000000	23,299999
4587,000000	20,013414	0,000000	0,000000	0,000000	0,000000	24,827337	25,255882	23,972486	24,656509	24,212919	25,136957	21,331892	20,836809	22,332397	22,512987	23,853918	20,709999	23,709999	26,199999	23,879999	20,230000	20,209999	20,049999	19,959999	19,930000	340282346638528860000000000000000000000,000000	0,023458	20,000000	100006,000000	23,299999
4589,000000	20,013414	0,000000	0,000000	0,000000	0,000000	24,832390	25,266008	23,967432	24,656509	24,192686	25,136957	21,411434	20,826714	22,342497	22,367767	23,858971	20,709999	23,719999	26,189999	23,830000	20,230000	20,199999	20,049999	19,949999	19,920000	340282346638528860000000000000000000000,000000	0,023653	20,000000	100006,000000	23,299999
4591,000000	20,033621	0,000000	0,000000	0,000000	0,000000	24,832390	25,286247	23,967432	24,656509	24,297455	25,136957	21,391220	20,826714	22,372818	22,512987	23,869078	20,699999	23,740000	26,209999	23,799999	20,230000	20,199999	20,059999	19,939999	19,920000	560,200012	0,023511	20,000000	100006,000000	23,299999
4593,000000	20,018459	0,000000	0,000000	0,000000	0,000000	24,837444	25,281174	23,957308	24,661562	24,267117	25,131905	21,381104	20,841858	22,507917	22,507917	24,009253	20,699999	23,740000	26,230000	23,779999	20,230000	20,199999	20,049999	19,930000	19,930000	340282346638528860000000000000000000000,000000	0,023386	20,000000	100006,000000	23,299999
4595,000000	20,033621	0,000000	0,000000	0,000000	0,000000	24,832390	25,281174	23,952257	24,656509	24,251959	25,142012	21,386171	20,846924	22,502869	22,502869	24,029484	20,689999	23,789999	26,230000	23,789999	20,230000	20,189999	20,049999	19,930000	19,930000	594,657043	0,023429	20,000000	100006,000000	23,299999
4597,000000	20,028555	0,000000	0,000000	0,000000	0,000000	24,832390	25,286247	23,957308	24,651436	24,251959	25,131905	21,376057	20,851973	22,367767	22,367767	24,049694	20,689999	23,799999	26,240000	23,779999	20,230000	20,189999	20,049999	19,930000	19,930000	600,720032	0,023405	20,000000	100006,000000	23,299999
4599,000000	20,033621	0,000000	0,000000	0,000000	0,000000	24,827337	25,276119	23,957308	24,651436	24,272192	25,126850	21,386171	20,857019	22,362719	22,352596	24,034536	20,680000	23,799999	26,230000	23,799999	20,230000	20,180000	20,049999	19,930000	19,930000	340282346638528860000000000000000000000,000000	0,023571	20,000000	100006,000000	23,299999
4601,000000	20,013414	0,000000	0,000000	0,000000	0,000000	24,937157	25,266008	23,967432	24,656509	24,272192	24,996777	21,240957	20,867115	22,357666	22,347548	24,039587	20,680000	23,820000	26,250000	23,809999	20,230000	20,180000	20,049999	19,930000	19,980000	340282346638528860000000000000000000000,000000	0,023734	20,000000	100006,000000	23,299999
4603,000000	20,018459	0,000000	0,000000	0,000000	0,000000	24,822283	25,276119	23,962360	24,656509	24,277245	24,986668	21,220745	20,857019	22,352596	22,347548	24,019360	20,680000	23,779999	26,260000	23,799999	20,230000	20,180000	20,039999	19,949999	20,049999	596,385010	0,023731	20,000000	100006,000000	23,299999
4605,000000	20,008348	0,000000	0,000000	0,000000	0,000000	24,817209	25,271063	23,962360	24,646381	24,277245	24,981613	21,220745	20,846924	22,347548	22,327328	24,014305	20,670000	23,779999	26,240000	23,799999	20,230000	20,180000	20,039999	19,980000	20,059999	615,560059	0,023324	20,000000	100006,000000	23,299999
4607,000000	19,873255	0,000000	0,000000	0,000000	0,000000	24,822283	25,255882	23,957308	24,651436	24,267117	24,976559	21,235910	20,936550	22,342497	22,332397	24,009253	20,670000	23,760000	26,240000	23,799999	20,230000	20,170000	20,039999	20,000000	20,059999	340282346638528860000000000000000000000,000000	0,023346	20,000000	100006,000000	23,299999
4609,000000	19,868210	0,000000	0,000000	0,000000	0,000000	24,827337	25,255882	23,947186	24,641327	24,277245	24,996777	21,240957	20,926455	22,327328	22,437176	24,019360	20,670000	23,750000	26,209999	23,809999	20,219999	20,170000	20,039999	20,000000	20,049999	340282346638528860000000000000000000000,000000	0,023492	20,000000	100006,000000	23,299999
4611,000000	19,863144	0,000000	0,000000	0,000000	0,000000	24,817209	25,250828	23,942133	24,641327	24,277245	25,126850	21,230862	20,821665	22,317226	22,427057	24,024431	20,660000	23,760000	26,189999	23,830000	20,230000	20,170000	20,039999	20,010000	20,070000	621,575012	0,023360	20,000000	100006,000000	23,299999
4613,000000	19,853050	0,000000	0,000000	0,000000	0,000000	24,932100	25,255882	23,947186	24,646381	24,267117	25,126850	21,215696	20,826714	22,322277	22,437176	24,014305	20,660000	23,769999	26,199999	23,809999	20,219999	20,160000	20,039999	20,000000	20,100000	340282346638528860000000000000000000000,000000	0,023542	20,000000	100006,000000	23,299999
4615,000000	19,842937	0,000000	0,000000	0,000000	0,000000	24,916920	25,266008	23,962360	24,636274	24,262064	25,126850	21,220745	20,841858	22,322277	22,337448	23,874149	20,660000	23,750000	26,209999	23,799999	20,230000	20,160000	20,039999	20,010000	20,139999	600,995056	0,023399	20,000000	100006,000000	23,299999
4617,000000	19,858095	0,000000	0,000000	0,000000	0,000000	24,932100	25,260935	23,957308	24,636274	24,121906	24,996777	21,225794	20,836809	22,327328	22,362719	23,864025	20,660000	23,750000	26,230000	23,799999	20,219999	20,160000	20,039999	20,010000	20,129999	340282346638528860000000000000000000000,000000	0,023386	20,000000	100006,000000	23,299999
4619,000000	19,863144	0,000000	0,000000	0,000000	0,000000	24,911867	25,260935	23,952257	24,636274	24,257011	25,126850	21,376057	20,831760	22,332397	22,357666	23,864025	20,650000	23,730000	26,230000	23,799999	20,230000	20,160000	20,039999	20,010000	20,119999	340282346638528860000000000000000000000,000000	0,023254	20,000000	100006,000000	23,299999
4621,000000	19,858095	0,000000	0,000000	0,000000	0,000000	24,937157	25,255882	23,952257	24,631222	24,282297	24,996777	21,376057	20,836809	22,322277	22,437176	23,818531	20,650000	23,709999	26,219999	23,830000	20,230000	20,160000	20,039999	20,020000	20,119999	340282346638528860000000000000000000000,000000	0,023553	20,000000	100006,000000	23,299999
4623,000000	19,853050	0,000000	0,000000	0,000000	0,000000	24,927048	25,255882	23,942133	24,631222	24,287350	24,986668	21,220745	20,846924	22,317226	22,432127	23,823584	20,650000	23,689999	26,209999	23,830000	20,230000	20,160000	20,039999	20,029999	20,119999	623,123047	0,023466	20,000000	100006,000000	23,299999
4625,000000	19,858095	0,000000	0,000000	0,000000	0,000000	24,817209	25,120773	23,942133	24,631222	24,267117	24,986668	21,215696	20,846924	22,317226	22,317226	23,864025	20,650000	23,709999	26,219999	23,820000	20,230000	20,160000	20,039999	20,029999	20,109999	340282346638528860000000000000000000000,000000	0,023619	20,000000	100006,000000	23,299999
4627,000000	19,842937	0,000000	0,000000	0,000000	0,000000	24,817209	25,250828	23,952257	24,631222	24,272192	24,996777	21,230862	20,836809	22,437176	22,432127	23,843815	20,639999	23,740000	26,219999	23,820000	20,230000	20,170000	20,039999	20,039999	20,100000	340282346638528860000000000000000000000,000000	0,023381	20,000000	100006,000000	23,299999
4629,000000	19,827799	0,000000	0,000000	0,000000	0,000000	24,921974	25,110643	23,957308	24,636274	24,277245	24,996777	21,391220	20,926455	22,317226	22,422009	23,823584	20,639999	23,699999	26,209999	23,830000	20,219999	20,170000	20,039999	20,049999	20,090000	340282346638528860000000000000000000000,000000	0,023278	20,000000	100006,000000	23,299999
4631,000000	19,827799	0,000000	0,000000	0,000000	0,000000	24,911867	25,110643	23,942133	24,496096	24,282297	24,986668	21,396269	20,931503	22,437176	22,427057	23,828638	20,639999	23,680000	26,189999	23,820000	20,230000	20,170000	20,039999	20,059999	20,100000	619,581055	0,023642	20,000000	100006,000000	23,299999
4633,000000	19,832846	0,000000	0,000000	0,000000	0,000000	24,911867	25,105589	23,947186	24,496096	24,277245	24,981613	21,386171	20,931503	22,322277	22,437176	23,818531	20,639999	23,719999	26,209999	23,799999	20,230000	20,170000	20,039999	20,070000	20,119999	340282346638528860000000000000000000000,000000	0,023527	20,000000	100006,000000	23,299999
4635,000000	19,832846	0,000000	0,000000	0,000000	0,000000	24,916920	25,090408	23,947186	24,626148	24,282297	24,971506	21,225794	20,931503	22,317226	22,401806	23,933409	20,639999	23,650000	26,199999	23,809999	20,230000	20,170000	20,039999	20,070000	20,129999	340282346638528860000000000000000000000,000000	0,023568	20,000000	100002,000000	23,299999
4637,000000	19,832846	0,000000	0,000000	0,000000	0,000000	24,911867	25,095463	24,046902	24,491041	24,277245	24,966433	21,200531	20,916359	22,437176	22,416956	23,828638	20,639999	23,680000	26,199999	23,779999	20,230000	20,170000	20,039999	20,070000	20,129999	340282346638528860000000000000000000000,000000	0,023437	20,000000	100006,000000	23,299999
4639,000000	19,822731	0,000000	0,000000	0,000000	0,000000	24,911867	25,100536	24,051954	24,491041	24,267117	24,961376	21,215696	20,936550	22,437176	22,422009	23,869078	20,639999	23,730000	26,199999	23,779999	20,230000	20,170000	20,049999	20,070000	20,129999	340282346638528860000000000000000000000,000000	0,023508	20,000000	100006,000000	23,299999
4641,000000	19,827799	0,000000	0,000000	0,000000	0,000000	24,906813	25,095463	24,046902	24,491041	24,257011	24,966433	21,210648	20,926455	22,322277	22,427057	24,009253	20,639999	23,769999	26,199999	23,769999	20,230000	20,180000	20,049999	20,080000	20,119999	340282346638528860000000000000000000000,000000	0,023484	20,000000	100006,000000	23,299999
4644,000000	19,832846	0,000000	0,000000	0,000000	0,000000	24,901737	25,100536	24,062080	24,491041	24,251959	24,966433	21,225794	20,921406	22,322277	22,422009	23,848866	20,639999	23,750000	26,180000	23,799999	20,230000	20,180000	20,049999	20,070000	20,139999	340282346638528860000000000000000000000,000000	0,023568	20,000000	100006,000000	23,299999
4646,000000	19,837891	0,000000	0,000000	0,000000	0,000000	24,906813	25,095463	24,057026	24,485987	24,262064	24,966433	21,230862	20,911291	22,317226	22,396736	23,928356	20,639999	23,709999	26,180000	23,809999	20,230000	20,180000	20,049999	20,049999	20,150000	620,221008	0,023460	20,000000	100006,000000	23,299999
4648,000000	19,832846	0,000000	0,000000	0,000000	0,000000	24,911867	25,080297	24,046902	24,485987	24,257011	24,956322	21,230862	20,936550	22,432127	22,416956	23,813459	20,639999	23,680000	26,170000	23,799999	20,230000	20,180000	20,049999	20,049999	20,150000	340282346638528860000000000000000000000,000000	0,023332	20,000000	100006,000000	23,299999
4650,000000	19,837891	0,000000	0,000000	0,000000	0,000000	24,921974	25,095463	24,046902	24,485987	24,121906	24,971506	21,215696	20,826714	22,317226	22,322277	24,004200	20,639999	23,730000	26,189999	23,769999	20,230000	20,180000	20,049999	20,039999	20,160000	340282346638528860000000000000000000000,000000	0,023347	20,000000	100006,000000	23,299999
4652,000000	19,832846	0,000000	0,000000	0,000000	0,000000	24,916920	25,090408	24,051954	24,485987	24,121906	24,961376	21,210648	20,816597	22,327328	22,437176	23,913198	20,629999	23,730000	26,230000	23,779999	20,230000	20,180000	20,049999	20,029999	20,160000	340282346638528860000000000000000000000,000000	0,023531	20,000000	100006,000000	23,299999
4654,000000	19,863144	0,000000	0,000000	0,000000	0,000000	24,921974	25,085352	24,051954	24,485987	24,116835	24,956322	21,200531	20,816597	22,337448	22,432127	23,923304	20,629999	23,660000	26,230000	23,779999	20,230000	20,189999	20,049999	20,039999	20,160000	605,179016	0,023635	20,000000	100006,000000	23,200001
4656,000000	19,858095	0,000000	0,000000	0,000000	0,000000	24,906813	25,095463	24,051954	24,485987	24,111780	24,961376	21,220745	20,831760	22,342497	22,432127	23,843815	20,629999	23,709999	26,230000	23,769999	20,230000	20,189999	20,049999	20,039999	20,139999	617,038025	0,023645	20,000000	100002,000000	23,200001
4658,000000	19,868210	0,000000	0,000000	0,000000	0,000000	24,901737	25,100536	24,062080	24,485987	24,251959	24,966433	21,220745	20,831760	22,347548	22,427057	23,874149	20,629999	23,750000	26,230000	23,799999	20,230000	20,189999	20,049999	20,039999	20,129999	340282346638528860000000000000000000000,000000	0,023275	20,000000	100002,000000	23,200001
4660,000000	19,868210	0,000000	0,000000	0,000000	0,000000	24,911867	25,105589	24,051954	24,485987	24,111780	24,956322	21,210648	20,936550	22,342497	22,432127	23,828638	20,629999	23,750000	26,230000	23,760000	20,219999	20,189999	20,049999	20,039999	20,119999	604,750000	0,023235	20,000000	100002,000000	23,200001
4662,000000	19,858095	0,000000	0,000000	0,000000	0,000000	24,911867	25,095463	23,942133	24,480934	24,091570	24,951269	21,305338	20,926455	22,347548	22,432127	23,833691	20,629999	23,709999	26,209999	23,750000	20,219999	20,189999	20,049999	20,049999	20,150000	340282346638528860000000000000000000000,000000	0,023385	20,000000	100002,000000	23,200001
4664,000000	19,858095	0,000000	0,000000	0,000000	0,000000	24,911867	25,100536	24,041849	24,485987	24,086498	24,951269	21,305338	20,916359	22,357666	22,322277	23,843815	20,629999	23,750000	26,219999	23,740000	20,219999	20,189999	20,049999	20,049999	20,160000	340282346638528860000000000000000000000,000000	0,023692	20,000000	100002,000000	23,200001
4666,000000	19,842937	0,000000	0,000000	0,000000	0,000000	24,896685	25,100536	24,046902	24,480934	24,081444	24,951269	21,310387	20,916359	22,347548	22,411905	23,858971	20,619999	23,750000	26,219999	23,760000	20,219999	20,189999	20,049999	20,059999	20,170000	604,698059	0,023532	20,000000	100002,000000	23,200001
4668,000000	19,848003	0,000000	0,000000	0,000000	0,000000	24,896685	25,100536	24,036797	24,480934	24,096622	24,966433	21,310387	20,816597	22,347548	22,437176	23,869078	20,619999	23,760000	26,219999	23,760000	20,219999	20,189999	20,049999	20,049999	20,160000	595,902039	0,023405	20,000000	100002,000000	23,200001
4670,000000	19,853050	0,000000	0,000000	0,000000	0,000000	24,901737	25,105589	24,036797	24,485987	24,091570	24,961376	21,376057	20,936550	22,352596	22,437176	23,848866	20,619999	23,730000	26,219999	23,760000	20,219999	20,180000	20,049999	20,049999	20,150000	617,471008	0,023266	20,000000	100002,000000	23,299999
4672,000000	19,853050	0,000000	0,000000	0,000000	0,000000	24,906813	25,100536	24,051954	24,480934	24,096622	24,966433	21,230862	20,826714	22,347548	22,322277	23,843815	20,619999	23,719999	26,219999	23,769999	20,219999	20,189999	20,049999	20,059999	20,129999	340282346638528860000000000000000000000,000000	0,023339	20,000000	100002,000000	23,299999
4674,000000	19,858095	0,000000	0,000000	0,000000	0,000000	24,906813	25,105589	24,046902	24,480934	24,111780	24,961376	21,386171	20,816597	22,347548	22,342497	23,908127	20,619999	23,709999	26,209999	23,769999	20,219999	20,180000	20,049999	20,059999	20,129999	611,115051	0,023282	20,000000	100002,000000	23,299999
4676,000000	19,858095	0,000000	0,000000	0,000000	0,000000	24,937157	25,120773	23,942133	24,480934	24,116835	24,951269	21,386171	20,826714	22,347548	22,332397	23,692125	20,619999	23,609999	26,209999	23,769999	20,219999	20,189999	20,049999	20,039999	20,119999	597,008057	0,023465	20,000000	100002,000000	23,299999
4678,000000	19,853050	0,000000	0,000000	0,000000	0,000000	24,932100	25,120773	24,057026	24,480934	24,251959	24,961376	21,316746	20,846924	22,332397	22,317226	23,877792	20,619999	23,580000	26,199999	23,799999	20,219999	20,180000	20,049999	20,039999	20,100000	623,238037	0,023509	20,000000	100002,000000	23,299999
4680,000000	19,853050	0,000000	0,000000	0,000000	0,000000	24,827337	25,115698	23,942133	24,480934	24,262064	24,966433	21,416483	20,867115	22,327328	22,432127	23,742689	20,619999	23,639999	26,209999	23,840000	20,219999	20,189999	20,049999	20,020000	20,100000	340282346638528860000000000000000000000,000000	0,023181	20,000000	100002,000000	23,299999
4682,000000	20,013414	0,000000	0,000000	0,000000	0,000000	24,832390	25,120773	23,957308	24,491041	24,302526	24,981613	21,411434	20,862068	22,322277	22,411905	23,707304	20,619999	23,590000	26,199999	23,869999	20,219999	20,189999	20,049999	20,020000	20,100000	340282346638528860000000000000000000000,000000	0,023414	20,000000	100002,000000	23,299999
4684,000000	20,023508	0,000000	0,000000	0,000000	0,000000	24,832390	25,110643	23,962360	24,485987	24,197739	24,986668	21,436676	20,867115	22,437176	22,386637	23,722460	20,619999	23,549999	26,189999	23,889999	20,219999	20,189999	20,049999	20,010000	20,090000	340282346638528860000000000000000000000,000000	0,023262	20,000000	100002,000000	23,299999
4686,000000	20,023508	0,000000	0,000000	0,000000	0,000000	24,817209	25,115698	23,972486	24,491041	24,197739	24,986668	21,426580	21,002232	22,432127	22,396736	23,877792	20,619999	23,609999	26,180000	23,889999	20,219999	20,189999	20,049999	20,000000	20,080000	620,369019	0,023038	20,000000	100002,000000	23,299999
4688,000000	20,013414	0,000000	0,000000	0,000000	0,000000	24,837444	25,110643	23,962360	24,491041	24,197739	24,991720	21,421532	21,007280	22,422009	22,401806	23,697178	20,619999	23,600000	26,219999	23,879999	20,219999	20,189999	20,049999	20,000000	20,070000	340282346638528860000000000000000000000,000000	0,022952	20,000000	100006,000000	23,299999
4690,000000	20,023508	0,000000	0,000000	0,000000	0,000000	24,847572	25,115698	23,962360	24,491041	24,212919	24,991720	21,321795	21,032539	22,411905	22,416956	23,707304	20,619999	23,559999	26,219999	23,879999	20,219999	20,189999	20,049999	20,000000	20,070000	340282346638528860000000000000000000000,000000	0,023619	20,000000	100006,000000	23,299999
4692,000000	20,008348	0,000000	0,000000	0,000000	0,000000	24,842520	25,266008	23,982592	24,496096	24,228096	25,126850	21,502367	21,027491	22,422009	22,337448	23,712355	20,619999	23,549999	26,219999	23,889999	20,219999	20,180000	20,049999	20,000000	20,059999	617,610046	0,023559	20,000000	100006,000000	23,299999
4694,000000	20,008348	0,000000	0,000000	0,000000	0,000000	24,852627	25,266008	23,977539	24,496096	24,212919	25,131905	21,507416	21,037588	22,322277	22,507917	23,727510	20,609999	23,570000	26,219999	23,850000	20,219999	20,180000	20,049999	19,990000	20,059999	340282346638528860000000000000000000000,000000	0,023498	20,000000	100006,000000	23,299999
4696,000000	20,013414	0,000000	0,000000	0,000000	0,000000	24,867807	25,276119	23,992716	24,496096	24,197739	25,126850	21,372320	21,032539	22,352596	22,502869	23,747740	20,619999	23,590000	26,250000	23,850000	20,219999	20,189999	20,039999	19,990000	20,059999	340282346638528860000000000000000000000,000000	0,023243	20,000000	100006,000000	23,299999
4698,000000	20,013414	0,000000	0,000000	0,000000	0,000000	25,007990	25,286247	23,982592	24,496096	24,192686	25,126850	21,357155	21,052731	22,518040	22,533190	23,877792	20,619999	23,590000	26,260000	23,830000	20,209999	20,180000	20,039999	19,990000	20,049999	581,619019	0,023290	20,000000	100006,000000	23,299999
4700,000000	20,018459	0,000000	0,000000	0,000000	0,000000	25,002916	25,276119	23,982592	24,496096	24,297455	24,996777	21,362204	21,032539	22,533190	22,553411	23,887918	20,609999	23,600000	26,289999	23,830000	20,209999	20,180000	20,039999	19,990000	20,049999	340282346638528860000000000000000000000,000000	0,023237	20,000000	100006,000000	23,299999
4702,000000	20,018459	0,000000	0,000000	0,000000	0,000000	24,867807	25,281174	23,987663	24,626148	24,287350	24,996777	21,372320	21,012327	22,538260	22,438511	23,928356	20,609999	23,619999	26,289999	23,830000	20,209999	20,180000	20,039999	20,000000	20,049999	618,296021	0,023359	20,000000	100006,000000	23,299999
4704,000000	20,003302	0,000000	0,000000	0,000000	0,000000	24,862753	25,281174	23,987663	24,496096	24,282297	25,131905	21,352106	20,872164	22,543308	22,558460	23,833691	20,609999	23,689999	26,289999	23,809999	20,209999	20,180000	20,039999	20,000000	20,049999	595,596008	0,023090	20,000000	100006,000000	23,299999
4706,000000	20,023508	0,000000	0,000000	0,000000	0,000000	24,867807	25,281174	23,977539	24,496096	24,282297	24,996777	21,342009	21,002232	22,448631	22,453680	23,918249	20,609999	23,689999	26,279999	23,809999	20,209999	20,170000	20,039999	20,000000	20,039999	340282346638528860000000000000000000000,000000	0,023194	20,000000	100006,000000	23,299999
4708,000000	20,038666	0,000000	0,000000	0,000000	0,000000	24,867807	25,276119	23,982592	24,496096	24,282297	24,996777	21,502367	20,872164	22,558460	22,538260	23,928356	20,609999	23,639999	26,269999	23,840000	20,209999	20,170000	20,039999	20,000000	20,039999	616,832031	0,023503	20,000000	100006,000000	23,299999
4710,000000	20,028555	0,000000	0,000000	0,000000	0,000000	24,862753	25,281174	23,982592	24,496096	24,297455	25,131905	21,347055	20,862068	22,443581	22,538260	23,864025	20,609999	23,689999	26,269999	23,820000	20,209999	20,170000	20,029999	20,010000	20,049999	340282346638528860000000000000000000000,000000	0,023344	20,000000	100006,000000	23,299999
4712,000000	20,038666	0,000000	0,000000	0,000000	0,000000	24,852627	25,276119	23,977539	24,626148	24,287350	25,131905	21,342009	20,872164	22,458731	22,443581	24,014305	20,609999	23,760000	26,289999	23,809999	20,209999	20,170000	20,029999	20,010000	20,049999	616,182007	0,023200	20,000000	100006,000000	23,299999
4714,000000	20,033621	0,000000	0,000000	0,000000	0,000000	24,852627	25,291302	23,977539	24,626148	24,282297	25,136957	21,352106	21,012327	22,448631	22,438511	23,848866	20,600000	23,740000	26,289999	23,820000	20,209999	20,170000	20,029999	20,010000	20,059999	340282346638528860000000000000000000000,000000	0,023082	20,000000	100006,000000	23,299999
4716,000000	20,023508	0,000000	0,000000	0,000000	0,000000	24,852627	25,276119	23,982592	24,626148	24,287350	25,147066	21,357155	21,027491	22,558460	22,538260	24,004200	20,609999	23,730000	26,279999	23,840000	20,209999	20,170000	20,029999	20,020000	20,059999	340282346638528860000000000000000000000,000000	0,023272	20,000000	100006,000000	23,299999
4718,000000	20,033621	0,000000	0,000000	0,000000	0,000000	24,852627	25,276119	23,987663	24,631222	24,282297	25,152142	21,362204	21,022423	22,438511	22,438511	24,014305	20,600000	23,760000	26,289999	23,840000	20,199999	20,170000	20,029999	20,020000	20,059999	340282346638528860000000000000000000000,000000	0,023492	20,000000	100002,000000	23,299999
4720,000000	20,013414	0,000000	0,000000	0,000000	0,000000	24,842520	25,281174	23,992716	24,631222	24,282297	25,147066	21,336939	21,012327	22,548359	22,543308	24,054766	20,600000	23,769999	26,289999	23,830000	20,199999	20,160000	20,029999	20,020000	20,059999	607,753052	0,023125	20,000000	100002,000000	23,299999
4722,000000	19,873255	0,000000	0,000000	0,000000	0,000000	24,832390	25,291302	23,992716	24,631222	24,277245	25,147066	21,436676	21,007280	22,553411	22,443581	24,059818	20,600000	23,799999	26,279999	23,820000	20,199999	20,170000	20,029999	20,029999	20,059999	340282346638528860000000000000000000000,000000	0,023213	20,000000	100006,000000	23,299999
4724,000000	19,873255	0,000000	0,000000	0,000000	0,000000	24,827337	25,301409	23,992716	24,636274	24,287350	25,142012	21,316746	21,017376	22,558460	22,438511	23,949976	20,600000	23,830000	26,279999	23,830000	20,199999	20,160000	20,029999	20,029999	20,080000	613,684021	0,023372	20,000000	100006,000000	23,299999
4726,000000	20,018459	0,000000	0,000000	0,000000	0,000000	24,847572	25,301409	23,992716	24,646381	24,192686	25,147066	21,436676	21,032539	22,538260	22,372818	24,014305	20,600000	23,779999	26,260000	23,859999	20,199999	20,170000	20,029999	20,029999	20,090000	340282346638528860000000000000000000000,000000	0,023250	20,000000	100006,000000	23,299999
4728,000000	20,028555	0,000000	0,000000	0,000000	0,000000	24,862753	25,306486	23,997768	24,646381	24,202812	25,162249	21,321795	21,037588	22,528139	22,347548	23,869078	20,600000	23,730000	26,269999	23,879999	20,199999	20,170000	20,029999	20,039999	20,100000	590,807007	0,023415	20,000000	100006,000000	23,299999
4730,000000	20,038666	0,000000	0,000000	0,000000	0,000000	24,862753	25,196648	24,127823	24,651436	24,207865	25,167303	21,357155	21,047684	22,507917	22,507917	24,009253	20,600000	23,730000	26,279999	23,879999	20,199999	20,170000	20,029999	20,029999	20,090000	340282346638528860000000000000000000000,000000	0,023375	20,000000	100006,000000	23,299999
4732,000000	20,033621	0,000000	0,000000	0,000000	0,000000	24,857679	25,306486	24,132895	24,651436	24,202812	25,172358	21,507416	21,057798	22,502869	22,523090	24,009253	20,600000	23,709999	26,269999	23,869999	20,199999	20,170000	20,029999	20,029999	20,090000	340282346638528860000000000000000000000,000000	0,023405	20,000000	100006,000000	23,299999
4734,000000	20,038666	0,000000	0,000000	0,000000	0,000000	24,862753	25,306486	24,137947	24,651436	24,207865	25,172358	21,532681	20,947943	22,512987	22,528139	23,843815	20,600000	23,750000	26,269999	23,889999	20,199999	20,160000	20,029999	20,029999	20,090000	340282346638528860000000000000000000000,000000	0,023428	20,000000	100006,000000	23,299999
4736,000000	20,038666	0,000000	0,000000	0,000000	0,000000	24,857679	25,291302	24,137947	24,656509	24,223024	25,167303	21,547827	20,968153	22,362719	22,372818	23,928356	20,600000	23,670000	26,250000	23,910000	20,199999	20,170000	20,029999	20,049999	20,109999	614,703003	0,023248	20,000000	100006,000000	23,299999
4738,000000	20,018459	0,000000	0,000000	0,000000	0,000000	24,852627	25,281174	24,132895	24,661562	24,223024	25,152142	21,547827	20,952991	22,347548	22,352596	23,903074	20,600000	23,629999	26,260000	23,910000	20,209999	20,170000	20,029999	20,129999	20,129999	340282346638528860000000000000000000000,000000	0,023210	20,000000	100006,000000	23,299999
4740,000000	19,868210	0,000000	0,000000	0,000000	0,000000	24,862753	25,281174	24,127823	24,661562	24,228096	25,147066	21,372320	21,052731	22,342497	22,317226	23,838743	20,600000	23,660000	26,250000	23,889999	20,219999	20,180000	20,039999	20,160000	20,170000	340282346638528860000000000000000000000,000000	0,023539	20,000000	100006,000000	23,299999
4742,000000	19,873255	0,000000	0,000000	0,000000	0,000000	24,872864	25,281174	23,997768	24,666615	24,207865	25,142012	21,342009	21,042635	22,367767	22,337448	23,858971	20,600000	23,730000	26,260000	23,869999	20,219999	20,180000	20,049999	20,199999	20,180000	616,980042	0,023557	20,000000	100006,000000	23,299999
4744,000000	20,013414	0,000000	0,000000	0,000000	0,000000	24,872864	25,296356	23,982592	24,666615	24,197739	25,131905	21,326843	21,027491	22,518040	22,367767	23,838743	20,600000	23,750000	26,279999	23,830000	20,219999	20,189999	20,049999	20,240000	20,199999	621,198059	0,023410	20,000000	100006,000000	23,299999
4746,000000	20,013414	0,000000	0,000000	0,000000	0,000000	24,872864	25,286247	23,977539	24,666615	24,197739	25,126850	21,336939	21,017376	22,518040	22,342497	23,882845	20,600000	23,670000	26,250000	23,840000	20,230000	20,189999	20,049999	20,230000	20,240000	340282346638528860000000000000000000000,000000	0,023124	20,000000	100006,000000	23,299999
4748,000000	20,018459	0,000000	0,000000	0,000000	0,000000	24,852627	25,271063	23,972486	24,666615	24,197739	25,126850	21,342009	20,862068	22,367767	22,327328	23,732584	20,609999	23,629999	26,170000	23,859999	20,230000	20,199999	20,059999	20,209999	20,250000	340282346638528860000000000000000000000,000000	0,023425	20,000000	100006,000000	23,299999
4750,000000	20,013414	0,000000	0,000000	0,000000	0,000000	24,827337	25,255882	23,977539	24,661562	24,202812	24,976559	21,336939	20,846924	22,352596	22,317226	23,882845	20,609999	23,600000	26,160000	23,850000	20,230000	20,199999	20,059999	20,199999	20,260000	340282346638528860000000000000000000000,000000	0,023337	20,000000	100006,000000	23,299999
4752,000000	19,873255	0,000000	0,000000	0,000000	0,000000	24,827337	25,115698	23,962360	24,661562	24,197739	24,981613	21,342009	20,831760	22,347548	22,437176	23,882845	20,609999	23,639999	26,129999	23,840000	20,240000	20,209999	20,059999	20,209999	20,250000	340282346638528860000000000000000000000,000000	0,023576	20,000000	100006,000000	23,299999
4754,000000	19,863144	0,000000	0,000000	0,000000	0,000000	24,822283	25,100536	23,962360	24,661562	24,207865	24,966433	21,326843	20,831760	22,347548	22,432127	23,908127	20,609999	23,619999	26,119999	23,840000	20,240000	20,209999	20,070000	20,230000	20,240000	340282346638528860000000000000000000000,000000	0,023430	20,000000	100006,000000	23,200001
4756,000000	19,863144	0,000000	0,000000	0,000000	0,000000	24,822283	25,110643	23,962360	24,656509	24,197739	24,971506	21,316746	20,851973	22,347548	22,332397	23,838743	20,609999	23,670000	26,129999	23,850000	20,240000	20,219999	20,070000	20,240000	20,230000	605,592041	0,023355	20,000000	100006,000000	23,100000
4758,000000	20,058872	0,000000	0,000000	0,000000	0,000000	24,837444	25,271063	23,992716	24,656509	24,197739	25,147066	21,352106	21,047684	22,533190	22,528139	24,049694	20,609999	23,760000	26,230000	23,859999	20,240000	20,230000	20,070000	20,240000	20,209999	340282346638528860000000000000000000000,000000	0,023140	20,000000	100006,000000	23,100000
4760,000000	19,999535	0,000000	0,000000	0,000000	0,000000	24,852627	25,291302	24,143000	24,661562	24,197739	25,172358	21,362204	20,958057	22,448631	22,473902	23,975258	20,609999	23,820000	26,289999	23,889999	20,240000	20,230000	20,080000	20,209999	20,189999	610,954041	0,023437	20,000000	100006,000000	23,100000
4762,000000	20,159901	0,000000	0,000000	0,000000	0,000000	25,007990	25,311541	24,153124	24,666615	24,217972	25,062540	21,367252	20,963106	22,478952	22,484003	23,980330	20,609999	23,840000	26,320000	23,910000	20,240000	20,230000	20,080000	20,160000	20,170000	340282346638528860000000000000000000000,000000	0,023387	20,000000	100006,000000	23,100000
4764,000000	20,070269	0,000000	0,000000	0,000000	0,000000	25,013042	25,206776	24,168283	24,671669	24,233149	25,077702	21,352106	20,973204	22,473902	22,448631	23,995489	20,609999	23,859999	26,330000	23,910000	20,240000	20,230000	20,070000	20,129999	20,139999	604,322021	0,023480	20,000000	100006,000000	23,100000
4766,000000	20,090475	0,000000	0,000000	0,000000	0,000000	25,028227	25,221960	24,168283	24,676722	24,238201	25,087830	21,352106	21,128510	22,478952	22,453680	24,145773	20,619999	23,889999	26,330000	23,900000	20,240000	20,230000	20,070000	20,129999	20,139999	605,342041	0,023661	20,000000	100006,000000	23,100000
4768,000000	20,095520	0,000000	0,000000	0,000000	0,000000	25,043386	25,216906	24,163231	24,681774	24,378363	25,082775	21,352106	21,138628	22,473902	22,553411	24,166002	20,609999	23,900000	26,340000	23,920000	20,240000	20,230000	20,070000	20,129999	20,129999	340282346638528860000000000000000000000,000000	0,023808	20,000000	100006,000000	23,100000
4770,000000	20,095520	0,000000	0,000000	0,000000	0,000000	25,033279	25,227015	24,163231	24,566902	24,378363	25,077702	21,321795	21,138628	22,478952	22,558460	24,155878	20,609999	23,939999	26,340000	23,910000	20,240000	20,230000	20,070000	20,129999	20,129999	606,871033	0,023467	20,000000	100006,000000	23,100000
4772,000000	20,090475	0,000000	0,000000	0,000000	0,000000	25,023151	25,221960	24,158178	24,566902	24,243258	25,082775	21,357155	21,143675	22,473902	22,443581	24,145773	20,609999	23,889999	26,340000	23,930000	20,240000	20,230000	20,070000	20,129999	20,129999	340282346638528860000000000000000000000,000000	0,023524	20,000000	100006,000000	23,200001
4774,000000	20,085428	0,000000	0,000000	0,000000	0,000000	25,013042	25,232069	24,163231	24,577009	24,233149	25,092886	21,357155	20,993414	22,468853	22,443581	23,995489	20,609999	23,879999	26,330000	23,889999	20,240000	20,230000	20,070000	20,119999	20,129999	340282346638528860000000000000000000000,000000	0,023429	20,000000	100006,000000	23,200001
4776,000000	20,080362	0,000000	0,000000	0,000000	0,000000	25,023151	25,221960	24,158178	24,571957	24,217972	25,077702	21,352106	20,968153	22,484003	22,463783	23,944923	20,609999	23,840000	26,320000	23,869999	20,230000	20,230000	20,059999	20,119999	20,129999	592,873047	0,023619	20,000000	100006,000000	23,200001
4778,000000	20,175062	0,000000	0,000000	0,000000	0,000000	25,023151	25,206776	24,153124	24,571957	24,192686	25,062540	21,367252	20,952991	22,468853	22,468853	23,939871	20,609999	23,809999	26,330000	23,879999	20,230000	20,230000	20,059999	20,109999	20,129999	606,380005	0,023662	20,000000	100006,000000	23,299999
4780,000000	20,164949	0,000000	0,000000	0,000000	0,000000	25,007990	25,206776	24,163231	24,571957	24,187634	25,182487	21,507416	21,052731	22,473902	22,478952	24,004200	20,609999	23,779999	26,299999	23,859999	20,230000	20,219999	20,059999	20,109999	20,129999	340282346638528860000000000000000000000,000000	0,023350	20,000000	100006,000000	23,299999
4782,000000	20,175062	0,000000	0,000000	0,000000	0,000000	25,002916	25,221960	24,143000	24,571957	24,192686	25,172358	21,507416	21,032539	22,463783	22,448631	23,828638	20,609999	23,699999	26,289999	23,869999	20,230000	20,230000	20,059999	20,100000	20,129999	610,356018	0,023197	20,000000	100006,000000	23,299999
4784,000000	20,149809	0,000000	0,000000	0,000000	0,000000	25,013042	25,206776	24,148052	24,577009	24,192686	25,162249	21,552896	21,017376	22,443581	22,443581	23,843815	20,609999	23,660000	26,250000	23,879999	20,230000	20,230000	20,059999	20,090000	20,119999	340282346638528860000000000000000000000,000000	0,023526	20,000000	100006,000000	23,299999
4786,000000	20,144741	0,000000	0,000000	0,000000	0,000000	24,857679	25,311541	24,148052	24,566902	24,192686	25,157196	21,437992	21,007280	22,543308	22,438511	23,828638	20,609999	23,689999	26,230000	23,879999	20,230000	20,219999	20,059999	20,080000	20,109999	602,779053	0,023422	20,000000	100006,000000	23,299999
4788,000000	19,999535	0,000000	0,000000	0,000000	0,000000	24,857679	25,281174	24,132895	24,571957	24,192686	25,157196	21,443041	21,012327	22,512987	22,543308	23,853918	20,609999	23,719999	26,219999	23,869999	20,230000	20,230000	20,059999	20,080000	20,109999	340282346638528860000000000000000000000,000000	0,023483	20,000000	100006,000000	23,299999
4790,000000	19,979330	0,000000	0,000000	0,000000	0,000000	24,847572	25,281174	24,137947	24,566902	24,197739	25,142012	21,537729	21,007280	22,502869	22,523090	23,933409	20,609999	23,689999	26,199999	23,869999	20,230000	20,219999	20,059999	20,080000	20,100000	621,452026	0,023357	20,000000	100006,000000	23,299999
4792,000000	19,959124	0,000000	0,000000	0,000000	0,000000	24,832390	25,271063	24,137947	24,571957	24,212919	25,142012	21,552896	21,002232	22,362719	22,533190	23,887918	20,609999	23,629999	26,170000	23,879999	20,230000	20,230000	20,070000	20,080000	20,080000	593,805054	0,023500	20,000000	100006,000000	23,299999
4794,000000	19,949032	0,000000	0,000000	0,000000	0,000000	24,827337	25,255882	23,992716	24,681774	24,207865	25,136957	21,458208	20,872164	22,352596	22,528139	23,882845	20,609999	23,600000	26,150000	23,889999	20,230000	20,230000	20,059999	20,080000	20,080000	340282346638528860000000000000000000000,000000	0,023196	20,000000	100006,000000	23,299999
4796,000000	20,053823	0,000000	0,000000	0,000000	0,000000	24,827337	25,120773	23,992716	24,686850	24,197739	24,991720	21,557943	20,862068	22,347548	22,507917	23,923304	20,600000	23,600000	26,150000	23,869999	20,230000	20,219999	20,070000	20,070000	20,080000	592,289001	0,023568	20,000000	100006,000000	23,299999
4798,000000	20,038666	0,000000	0,000000	0,000000	0,000000	24,937157	25,110643	23,982592	24,686850	24,187634	24,991720	21,362204	20,867115	22,342497	22,347548	23,813459	20,600000	23,670000	26,150000	23,850000	20,230000	20,219999	20,059999	20,059999	20,070000	566,407043	0,023680	20,000000	100006,000000	23,299999
4800,000000	20,048759	0,000000	0,000000	0,000000	0,000000	24,822283	25,120773	23,962360	24,676722	24,292402	24,981613	21,316746	20,851973	22,347548	22,352596	23,823584	20,600000	23,689999	26,180000	23,820000	20,230000	20,219999	20,059999	20,070000	20,070000	582,576050	0,023403	20,000000	100006,000000	23,299999
4802,000000	20,043713	0,000000	0,000000	0,000000	0,000000	24,832390	25,255882	23,967432	24,671669	24,277245	24,991720	21,436676	20,846924	22,372818	22,507917	23,838743	20,600000	23,689999	26,189999	23,799999	20,230000	20,219999	20,059999	20,059999	20,059999	340282346638528860000000000000000000000,000000	0,023132	20,000000	100006,000000	23,299999
4804,000000	20,013414	0,000000	0,000000	0,000000	0,000000	24,822283	25,271063	23,962360	24,671669	24,272192	24,986668	21,401318	20,836809	22,523090	22,372818	23,874149	20,600000	23,719999	26,199999	23,789999	20,230000	20,219999	20,059999	20,059999	20,059999	592,141052	0,023209	20,000000	100006,000000	23,200001
4806,000000	20,023508	0,000000	0,000000	0,000000	0,000000	24,822283	25,260935	23,962360	24,671669	24,272192	24,991720	21,401318	20,851973	22,533190	22,507917	24,019360	20,600000	23,769999	26,209999	23,789999	20,230000	20,209999	20,059999	20,059999	20,049999	340282346638528860000000000000000000000,000000	0,023635	20,000000	100006,000000	23,200001
4808,000000	20,033621	0,000000	0,000000	0,000000	0,000000	24,937157	25,271063	23,967432	24,661562	24,272192	24,991720	21,391220	20,857019	22,528139	22,372818	24,029484	20,600000	23,779999	26,209999	23,799999	20,230000	20,209999	20,059999	20,070000	20,049999	589,294006	0,023480	20,000000	100006,000000	23,200001
4810,000000	20,043713	0,000000	0,000000	0,000000	0,000000	24,921974	25,271063	23,972486	24,661562	24,272192	24,996777	21,246006	20,857019	22,538260	22,502869	24,059818	20,600000	23,820000	26,240000	23,799999	20,230000	20,209999	20,059999	20,070000	20,059999	620,785034	0,023354	20,000000	100006,000000	23,200001
4812,000000	20,028555	0,000000	0,000000	0,000000	0,000000	24,817209	25,260935	23,962360	24,661562	24,257011	24,991720	21,215696	20,857019	22,543308	22,372818	23,949976	20,600000	23,830000	26,250000	23,769999	20,230000	20,209999	20,059999	20,059999	20,049999	340282346638528860000000000000000000000,000000	0,023475	20,000000	100006,000000	23,200001
4814,000000	20,018459	0,000000	0,000000	0,000000	0,000000	24,932100	25,271063	23,962360	24,666615	24,111780	24,981613	21,210648	20,872164	22,533190	22,372818	23,949976	20,600000	23,820000	26,240000	23,769999	20,230000	20,209999	20,049999	20,059999	20,059999	340282346638528860000000000000000000000,000000	0,023007	20,000000	100006,000000	23,200001
4816,000000	20,018459	0,000000	0,000000	0,000000	0,000000	24,817209	25,255882	23,967432	24,656509	24,121906	24,981613	21,195482	20,867115	22,533190	22,372818	23,960102	20,590000	23,820000	26,250000	23,769999	20,230000	20,209999	20,059999	20,059999	20,070000	340282346638528860000000000000000000000,000000	0,023305	20,000000	100006,000000	23,200001
4818,000000	20,033621	0,000000	0,000000	0,000000	0,000000	24,921974	25,255882	23,967432	24,656509	24,101675	24,981613	21,190435	20,872164	22,528139	22,362719	23,949976	20,600000	23,859999	26,260000	23,769999	20,230000	20,209999	20,049999	20,059999	20,080000	340282346638528860000000000000000000000,000000	0,023556	20,000000	100006,000000	23,200001
4820,000000	20,028555	0,000000	0,000000	0,000000	0,000000	24,817209	25,271063	23,952257	24,661562	24,091570	24,976559	21,225794	20,846924	22,528139	22,362719	23,853918	20,600000	23,779999	26,250000	23,750000	20,240000	20,209999	20,049999	20,059999	20,070000	340282346638528860000000000000000000000,000000	0,023189	20,000000	100006,000000	23,200001
4822,000000	20,008348	0,000000	0,000000	0,000000	0,000000	24,817209	25,120773	23,952257	24,651436	24,111780	24,986668	21,376057	20,821665	22,502869	22,437176	23,828638	20,590000	23,699999	26,219999	23,809999	20,240000	20,209999	20,059999	20,049999	20,070000	340282346638528860000000000000000000000,000000	0,023598	20,000000	100006,000000	23,200001
4824,000000	19,873255	0,000000	0,000000	0,000000	0,000000	24,921974	25,105589	23,952257	24,646381	24,251959	24,976559	21,406366	20,936550	22,342497	22,406857	23,853918	20,600000	23,650000	26,180000	23,809999	20,240000	20,209999	20,059999	20,059999	20,059999	340282346638528860000000000000000000000,000000	0,023490	20,000000	100010,000000	23,200001
4826,000000	19,863144	0,000000	0,000000	0,000000	0,000000	24,916920	25,110643	23,942133	24,646381	24,257011	24,966433	21,386171	20,821665	22,322277	22,381586	24,004200	20,590000	23,719999	26,160000	23,809999	20,240000	20,209999	20,059999	20,070000	20,070000	340282346638528860000000000000000000000,000000	0,023578	20,000000	100006,000000	23,299999
4828,000000	19,868210	0,000000	0,000000	0,000000	0,000000	24,916920	25,085352	23,947186	24,641327	24,257011	24,971506	21,246006	20,816597	22,317226	22,246468	23,838743	20,590000	23,760000	26,160000	23,799999	20,240000	20,209999	20,059999	20,059999	20,059999	612,789001	0,023402	20,000000	100006,000000	23,299999
4830,000000	20,003302	0,000000	0,000000	0,000000	0,000000	24,921974	25,095463	24,057026	24,641327	24,262064	24,966433	21,376057	20,831760	22,322277	22,381586	23,918249	20,590000	23,709999	26,180000	23,789999	20,240000	20,209999	20,059999	20,059999	20,059999	340282346638528860000000000000000000000,000000	0,023171	20,000000	100006,000000	23,299999
4832,000000	20,003302	0,000000	0,000000	0,000000	0,000000	24,927048	25,090408	23,942133	24,636274	24,272192	24,961376	21,401318	20,857019	22,327328	22,416956	23,818531	20,590000	23,660000	26,170000	23,809999	20,230000	20,209999	20,059999	20,059999	20,070000	603,964050	0,023316	20,000000	100010,000000	23,299999
4834,000000	20,043713	0,000000	0,000000	0,000000	0,000000	24,817209	25,105589	23,957308	24,636274	24,282297	24,971506	21,426580	20,857019	22,342497	22,332397	23,843815	20,590000	23,699999	26,199999	23,809999	20,230000	20,209999	20,059999	20,070000	20,090000	340282346638528860000000000000000000000,000000	0,023383	20,000000	100010,000000	23,299999
4836,000000	19,938919	0,000000	0,000000	0,000000	0,000000	24,932100	25,115698	23,962360	24,641327	24,192686	24,981613	21,411434	20,867115	22,357666	22,342497	24,009253	20,590000	23,740000	26,209999	23,830000	20,230000	20,209999	20,059999	20,070000	20,100000	622,698059	0,023378	20,000000	100010,000000	23,400000
4838,000000	19,943966	0,000000	0,000000	0,000000	0,000000	24,822283	25,266008	23,977539	24,641327	24,302526	24,976559	21,411434	21,002232	22,367767	22,357666	24,009253	20,590000	23,760000	26,219999	23,799999	20,240000	20,209999	20,059999	20,059999	20,090000	608,164001	0,023514	20,000000	100010,000000	23,400000
4840,000000	19,949032	0,000000	0,000000	0,000000	0,000000	24,822283	25,266008	23,977539	24,646381	24,297455	24,976559	21,421532	21,007280	22,362719	22,352596	24,024431	20,590000	23,760000	26,240000	23,799999	20,240000	20,209999	20,059999	20,059999	20,080000	340282346638528860000000000000000000000,000000	0,023601	20,000000	100010,000000	23,400000
4842,000000	20,053823	0,000000	0,000000	0,000000	0,000000	24,822283	25,250828	23,977539	24,646381	24,187634	24,991720	21,321795	20,872164	22,352596	22,347548	24,004200	20,590000	23,750000	26,230000	23,840000	20,240000	20,199999	20,059999	20,059999	20,080000	620,671021	0,023466	20,000000	100010,000000	23,400000
4844,000000	20,053823	0,000000	0,000000	0,000000	0,000000	24,937157	25,115698	23,987663	24,646381	24,187634	24,991720	21,362204	21,002232	22,357666	22,362719	24,014305	20,590000	23,750000	26,209999	23,850000	20,240000	20,199999	20,059999	20,070000	20,080000	340282346638528860000000000000000000000,000000	0,023426	20,000000	100010,000000	23,400000
4846,000000	20,053823	0,000000	0,000000	0,000000	0,000000	24,937157	25,120773	23,992716	24,646381	24,307581	25,131905	21,502367	21,002232	22,352596	22,502869	23,843815	20,590000	23,719999	26,199999	23,859999	20,240000	20,199999	20,059999	20,059999	20,080000	618,851013	0,023143	20,000000	100010,000000	23,400000
4848,000000	20,058872	0,000000	0,000000	0,000000	0,000000	24,832390	25,266008	23,987663	24,646381	24,192686	25,126850	21,512466	21,017376	22,367767	22,372818	23,928356	20,590000	23,689999	26,219999	23,850000	20,240000	20,199999	20,059999	20,059999	20,080000	618,655029	0,023626	20,000000	100010,000000	23,400000
4850,000000	20,048759	0,000000	0,000000	0,000000	0,000000	24,837444	25,271063	23,987663	24,651436	24,192686	24,996777	21,502367	21,022423	22,362719	22,357666	23,903074	20,590000	23,639999	26,219999	23,850000	20,240000	20,199999	20,059999	20,049999	20,080000	620,375000	0,023530	20,000000	100010,000000	23,400000
4852,000000	20,058872	0,000000	0,000000	0,000000	0,000000	24,837444	25,276119	23,997768	24,651436	24,197739	24,991720	21,347055	21,037588	22,362719	22,342497	23,828638	20,590000	23,689999	26,230000	23,850000	20,240000	20,199999	20,059999	20,039999	20,070000	340282346638528860000000000000000000000,000000	0,023205	20,000000	100006,000000	23,400000
4854,000000	19,954077	0,000000	0,000000	0,000000	0,000000	24,847572	25,286247	23,982592	24,656509	24,192686	24,996777	21,336939	21,047684	22,502869	22,367767	23,874149	20,590000	23,730000	26,260000	23,830000	20,240000	20,209999	20,059999	20,029999	20,059999	340282346638528860000000000000000000000,000000	0,023467	20,000000	100006,000000	23,400000
4856,000000	19,979330	0,000000	0,000000	0,000000	0,000000	24,847572	25,291302	23,982592	24,661562	24,187634	25,126850	21,331892	21,037588	22,523090	22,518040	23,853918	20,590000	23,719999	26,250000	23,830000	20,240000	20,209999	20,059999	20,029999	20,039999	340282346638528860000000000000000000000,000000	0,023446	20,000000	100006,000000	23,400000
4858,000000	19,964170	0,000000	0,000000	0,000000	0,000000	24,852627	25,291302	23,992716	24,656509	24,187634	25,136957	21,331892	21,017376	22,533190	22,533190	23,838743	20,580000	23,730000	26,240000	23,830000	20,230000	20,209999	20,059999	20,020000	20,029999	612,845032	0,023268	20,000000	100006,000000	23,400000
4860,000000	19,959124	0,000000	0,000000	0,000000	0,000000	24,837444	25,281174	23,997768	24,666615	24,192686	25,136957	21,357155	21,022423	22,512987	22,528139	23,864025	20,580000	23,699999	26,240000	23,850000	20,230000	20,209999	20,059999	20,010000	20,029999	619,081055	0,023229	20,000000	100006,000000	23,400000
4862,000000	19,943966	0,000000	0,000000	0,000000	0,000000	24,832390	25,271063	23,997768	24,661562	24,187634	25,126850	21,362204	21,017376	22,512987	22,502869	23,933409	20,580000	23,719999	26,230000	23,859999	20,230000	20,209999	20,059999	20,000000	20,029999	340282346638528860000000000000000000000,000000	0,023447	20,000000	100006,000000	23,400000
4864,000000	20,048759	0,000000	0,000000	0,000000	0,000000	24,857679	25,250828	23,992716	24,661562	24,192686	24,981613	21,367252	21,012327	22,367767	22,347548	23,702232	20,580000	23,609999	26,199999	23,859999	20,230000	20,209999	20,059999	20,000000	20,020000	340282346638528860000000000000000000000,000000	0,023579	20,000000	100006,000000	23,400000
4866,000000	20,023508	0,000000	0,000000	0,000000	0,000000	24,847572	25,250828	23,987663	24,661562	24,302526	24,971506	21,367252	21,037588	22,342497	22,332397	23,781740	20,590000	23,549999	26,199999	23,850000	20,230000	20,209999	20,059999	19,990000	20,010000	340282346638528860000000000000000000000,000000	0,023727	20,000000	100006,000000	23,400000
4868,000000	20,033621	0,000000	0,000000	0,000000	0,000000	24,852627	25,255882	23,992716	24,661562	24,307581	24,971506	21,357155	21,032539	22,352596	22,342497	23,621338	20,580000	23,490000	26,219999	23,850000	20,230000	20,209999	20,049999	19,980000	20,010000	616,465027	0,023627	20,000000	100006,000000	23,400000
4870,000000	20,033621	0,000000	0,000000	0,000000	0,000000	24,867807	25,260935	23,982592	24,666615	24,287350	24,976559	21,331892	21,027491	22,372818	22,362719	23,707304	20,590000	23,539999	26,219999	23,820000	20,219999	20,209999	20,059999	19,980000	20,010000	622,970032	0,023508	20,000000	100006,000000	23,400000
4872,000000	20,048759	0,000000	0,000000	0,000000	0,000000	24,867807	25,266008	23,982592	24,656509	24,292402	24,976559	21,331892	21,052731	22,512987	22,347548	23,908127	20,580000	23,639999	26,240000	23,820000	20,230000	20,209999	20,059999	19,980000	20,010000	609,506042	0,023567	20,000000	100006,000000	23,400000
4874,000000	19,949032	0,000000	0,000000	0,000000	0,000000	24,867807	25,281174	23,987663	24,661562	24,302526	24,986668	21,331892	21,047684	22,507917	22,342497	23,882845	20,580000	23,660000	26,250000	23,830000	20,219999	20,199999	20,049999	19,980000	20,000000	604,352051	0,023602	20,000000	100006,000000	23,400000
4876,000000	19,959124	0,000000	0,000000	0,000000	0,000000	25,002916	25,291302	23,987663	24,661562	24,192686	24,986668	21,357155	21,057798	22,512987	22,347548	23,737637	20,580000	23,600000	26,230000	23,859999	20,219999	20,199999	20,049999	19,969999	20,000000	609,485046	0,023313	20,000000	100006,000000	23,400000
4878,000000	19,969238	0,000000	0,000000	0,000000	0,000000	25,002916	25,286247	23,997768	24,666615	24,202812	24,996777	21,352106	21,047684	22,512987	22,357666	23,707304	20,580000	23,590000	26,250000	23,869999	20,219999	20,199999	20,049999	19,959999	19,990000	340282346638528860000000000000000000000,000000	0,023191	20,000000	100006,000000	23,400000
4880,000000	19,979330	0,000000	0,000000	0,000000	0,000000	25,033279	25,296356	23,992716	24,666615	24,217972	25,126850	21,347055	20,937847	22,523090	22,367767	23,812075	20,580000	23,559999	26,260000	23,869999	20,209999	20,199999	20,049999	19,959999	19,990000	340282346638528860000000000000000000000,000000	0,023818	20,000000	100006,000000	23,400000
4882,000000	19,974283	0,000000	0,000000	0,000000	0,000000	25,043386	25,306486	23,997768	24,671669	24,202812	25,131905	21,347055	21,042635	22,538260	22,367767	23,697178	20,580000	23,580000	26,260000	23,869999	20,209999	20,199999	20,039999	19,959999	20,000000	603,439026	0,023687	20,000000	100006,000000	23,400000
4884,000000	19,969238	0,000000	0,000000	0,000000	0,000000	25,048460	25,191593	24,132895	24,671669	24,202812	25,126850	21,357155	21,047684	22,543308	22,502869	23,707304	20,580000	23,549999	26,240000	23,859999	20,209999	20,189999	20,039999	19,959999	20,000000	340282346638528860000000000000000000000,000000	0,023707	20,000000	100006,000000	23,400000
4886,000000	19,964170	0,000000	0,000000	0,000000	0,000000	25,043386	25,201721	24,132895	24,671669	24,202812	24,996777	21,517515	21,052731	22,558460	22,523090	23,717407	20,580000	23,570000	26,250000	23,840000	20,209999	20,189999	20,039999	19,969999	20,000000	340282346638528860000000000000000000000,000000	0,023329	20,000000	100006,000000	23,400000
4888,000000	19,949032	0,000000	0,000000	0,000000	0,000000	25,038334	25,201721	24,143000	24,671669	24,207865	25,131905	21,522583	21,017376	22,443581	22,558460	23,717407	20,580000	23,570000	26,230000	23,850000	20,199999	20,189999	20,039999	19,959999	20,000000	611,383057	0,023735	20,000000	100006,000000	23,400000
4890,000000	19,954077	0,000000	0,000000	0,000000	0,000000	25,043386	25,201721	24,127823	24,676722	24,187634	25,126850	21,517515	20,867115	22,453680	22,448631	23,747740	20,580000	23,580000	26,250000	23,840000	20,209999	20,189999	20,039999	19,959999	20,000000	619,356018	0,023470	20,000000	100006,000000	23,400000
4892,000000	19,959124	0,000000	0,000000	0,000000	0,000000	25,018097	25,191593	24,132895	24,681774	24,307581	25,136957	21,507416	20,872164	22,448631	22,443581	23,923304	20,570000	23,639999	26,240000	23,830000	20,199999	20,180000	20,039999	19,949999	20,010000	608,394043	0,023544	20,000000	100006,000000	23,400000
4894,000000	19,964170	0,000000	0,000000	0,000000	0,000000	25,007990	25,301409	23,997768	24,681774	24,287350	25,136957	21,352106	20,872164	22,448631	22,443581	23,843815	20,570000	23,680000	26,240000	23,809999	20,199999	20,180000	20,039999	19,959999	20,010000	340282346638528860000000000000000000000,000000	0,023474	20,000000	100006,000000	23,299999
4896,000000	19,959124	0,000000	0,000000	0,000000	0,000000	25,007990	25,291302	23,997768	24,681774	24,282297	24,991720	21,352106	20,867115	22,463783	22,438511	23,843815	20,580000	23,719999	26,240000	23,799999	20,199999	20,180000	20,039999	19,949999	20,010000	340282346638528860000000000000000000000,000000	0,023459	20,000000	100006,000000	23,299999
4898,000000	19,943966	0,000000	0,000000	0,000000	0,000000	24,852627	25,286247	23,987663	24,671669	24,287350	24,991720	21,326843	20,862068	22,463783	22,553411	23,864025	20,580000	23,709999	26,230000	23,809999	20,199999	20,180000	20,029999	19,959999	20,000000	590,053040	0,023455	20,000000	100006,000000	23,200001
4900,000000	19,943966	0,000000	0,000000	0,000000	0,000000	24,857679	25,276119	23,977539	24,671669	24,282297	24,996777	21,321795	21,002232	22,453680	22,533190	24,034536	20,570000	23,760000	26,230000	23,820000	20,189999	20,180000	20,029999	19,959999	20,000000	596,275024	0,023579	20,000000	100006,000000	23,200001
4902,000000	20,058872	0,000000	0,000000	0,000000	0,000000	24,847572	25,286247	23,992716	24,671669	24,302526	25,131905	21,342009	20,872164	22,448631	22,523090	24,034536	20,570000	23,789999	26,250000	23,840000	20,189999	20,180000	20,029999	19,959999	19,990000	599,237000	0,023324	20,000000	100006,000000	23,200001
4904,000000	20,058872	0,000000	0,000000	0,000000	0,000000	24,842520	25,291302	23,997768	24,671669	24,192686	24,996777	21,357155	20,867115	22,558460	22,367767	23,864025	20,570000	23,740000	26,209999	23,850000	20,189999	20,180000	20,029999	19,959999	19,990000	340282346638528860000000000000000000000,000000	0,023701	20,000000	100006,000000	23,299999
4906,000000	20,048759	0,000000	0,000000	0,000000	0,000000	24,827337	25,276119	23,997768	24,676722	24,202812	25,126850	21,372320	20,862068	22,533190	22,367767	23,853918	20,580000	23,709999	26,209999	23,859999	20,189999	20,170000	20,020000	19,969999	19,990000	620,096008	0,023494	20,000000	100010,000000	23,299999
4908,000000	20,048759	0,000000	0,000000	0,000000	0,000000	24,842520	25,276119	23,992716	24,671669	24,197739	24,996777	21,336939	20,857019	22,543308	22,528139	23,864025	20,580000	23,719999	26,230000	23,850000	20,189999	20,170000	20,020000	19,969999	19,980000	340282346638528860000000000000000000000,000000	0,023282	20,000000	100010,000000	23,299999
4910,000000	20,023508	0,000000	0,000000	0,000000	0,000000	24,842520	25,271063	24,127823	24,671669	24,197739	24,996777	21,372320	20,872164	22,438511	22,528139	23,848866	20,580000	23,730000	26,250000	23,850000	20,189999	20,170000	20,020000	19,959999	19,980000	613,002014	0,023421	20,000000	100006,000000	23,299999
4912,000000	19,868210	0,000000	0,000000	0,000000	0,000000	24,832390	25,255882	23,992716	24,666615	24,192686	24,996777	21,372320	20,851973	22,553411	22,512987	23,923304	20,580000	23,680000	26,219999	23,850000	20,189999	20,160000	20,020000	19,959999	19,980000	608,720032	0,023357	20,000000	100006,000000	23,299999
4914,000000	19,873255	0,000000	0,000000	0,000000	0,000000	24,937157	25,250828	23,992716	24,671669	24,192686	24,986668	21,502367	20,851973	22,533190	22,367767	23,828638	20,580000	23,660000	26,189999	23,840000	20,180000	20,170000	20,020000	19,969999	19,969999	595,337036	0,023143	20,000000	100006,000000	23,400000
4916,000000	20,003302	0,000000	0,000000	0,000000	0,000000	24,822283	25,260935	23,982592	24,666615	24,192686	24,991720	21,347055	20,851973	22,512987	22,347548	23,843815	20,570000	23,699999	26,189999	23,840000	20,180000	20,170000	20,020000	19,969999	19,969999	340282346638528860000000000000000000000,000000	0,023301	20,000000	100006,000000	23,400000
4918,000000	20,013414	0,000000	0,000000	0,000000	0,000000	24,837444	25,260935	23,987663	24,666615	24,192686	24,991720	21,326843	20,862068	22,518040	22,357666	24,009253	20,570000	23,740000	26,199999	23,840000	20,180000	20,170000	20,020000	19,959999	19,969999	599,969055	0,023254	20,000000	100006,000000	23,299999
4920,000000	20,038666	0,000000	0,000000	0,000000	0,000000	24,832390	25,276119	23,987663	24,666615	24,187634	24,991720	21,436676	20,867115	22,538260	22,512987	24,014305	20,570000	23,760000	26,230000	23,820000	20,180000	20,170000	20,020000	19,959999	19,969999	597,793030	0,023115	20,000000	100006,000000	23,299999
4922,000000	20,038666	0,000000	0,000000	0,000000	0,000000	24,847572	25,286247	23,992716	24,666615	24,302526	24,991720	21,426580	20,862068	22,438511	22,533190	24,019360	20,570000	23,769999	26,219999	23,799999	20,180000	20,170000	20,020000	19,959999	19,969999	608,220032	0,023495	20,000000	100006,000000	23,299999
4924,000000	19,938919	0,000000	0,000000	0,000000	0,000000	24,847572	25,281174	23,992716	24,671669	24,307581	25,126850	21,321795	20,862068	22,558460	22,507917	24,049694	20,570000	23,769999	26,219999	23,820000	20,170000	20,170000	20,020000	19,969999	19,969999	340282346638528860000000000000000000000,000000	0,023437	20,000000	100006,000000	23,299999
4926,000000	19,954077	0,000000	0,000000	0,000000	0,000000	24,857679	25,296356	23,997768	24,666615	24,192686	25,142012	21,426580	20,872164	22,438511	22,533190	24,049694	20,570000	23,799999	26,209999	23,840000	20,180000	20,170000	20,020000	19,969999	19,969999	607,991028	0,023197	20,000000	100006,000000	23,400000
4928,000000	19,949032	0,000000	0,000000	0,000000	0,000000	24,847572	25,291302	23,992716	24,671669	24,197739	25,147066	21,326843	21,002232	22,438511	22,533190	23,949976	20,570000	23,809999	26,230000	23,840000	20,180000	20,170000	20,020000	19,969999	19,969999	340282346638528860000000000000000000000,000000	0,023435	20,000000	100006,000000	23,400000
4930,000000	19,949032	0,000000	0,000000	0,000000	0,000000	24,857679	25,311541	23,997768	24,676722	24,202812	25,136957	21,321795	21,002232	22,458731	22,538260	23,944923	20,570000	23,809999	26,250000	23,830000	20,180000	20,170000	20,020000	19,969999	19,980000	340282346638528860000000000000000000000,000000	0,023266	20,000000	100006,000000	23,400000
4932,000000	19,954077	0,000000	0,000000	0,000000	0,000000	24,857679	25,311541	23,987663	24,671669	24,197739	25,147066	21,426580	21,022423	22,463783	22,543308	23,980330	20,570000	23,820000	26,250000	23,840000	20,170000	20,170000	20,020000	19,980000	19,980000	602,069031	0,023268	20,000000	100006,000000	23,400000
4934,000000	19,979330	0,000000	0,000000	0,000000	0,000000	24,867807	25,191593	24,127823	24,671669	24,197739	25,152142	21,431627	21,032539	22,468853	22,443581	23,990437	20,570000	23,850000	26,279999	23,840000	20,170000	20,170000	20,020000	19,990000	19,980000	612,575012	0,023355	20,000000	100006,000000	23,400000
4936,000000	19,994490	0,000000	0,000000	0,000000	0,000000	24,862753	25,191593	24,132895	24,671669	24,192686	25,152142	21,421532	21,042635	22,489052	22,458731	23,990437	20,570000	23,850000	26,299999	23,850000	20,170000	20,170000	20,020000	19,990000	19,980000	340282346638528860000000000000000000000,000000	0,023771	20,000000	100006,000000	23,400000
4938,000000	19,999535	0,000000	0,000000	0,000000	0,000000	24,862753	25,201721	24,143000	24,681774	24,192686	25,157196	21,326843	21,032539	22,484003	22,458731	24,059818	20,570000	23,830000	26,320000	23,859999	20,170000	20,170000	20,020000	20,000000	19,990000	340282346638528860000000000000000000000,000000	0,023533	20,000000	100006,000000	23,400000
4940,000000	19,994490	0,000000	0,000000	0,000000	0,000000	24,867807	25,191593	24,163231	24,686850	24,202812	25,157196	21,352106	21,042635	22,473902	22,558460	24,024431	20,570000	23,769999	26,289999	23,859999	20,180000	20,170000	20,020000	20,000000	19,990000	340282346638528860000000000000000000000,000000	0,023297	20,000000	100006,000000	23,400000
4942,000000	19,999535	0,000000	0,000000	0,000000	0,000000	25,002916	25,196648	24,148052	24,681774	24,202812	25,152142	21,342009	21,047684	22,473902	22,453680	24,019360	20,570000	23,750000	26,309999	23,859999	20,180000	20,170000	20,020000	20,000000	19,990000	340282346638528860000000000000000000000,000000	0,023423	20,000000	100006,000000	23,400000
4944,000000	19,984377	0,000000	0,000000	0,000000	0,000000	24,872864	25,191593	24,158178	24,681774	24,197739	25,157196	21,517515	21,052731	22,468853	22,443581	24,009253	20,570000	23,750000	26,320000	23,859999	20,180000	20,170000	20,020000	20,000000	19,990000	340282346638528860000000000000000000000,000000	0,023854	20,000000	100006,000000	23,400000
4947,000000	19,974283	0,000000	0,000000	0,000000	0,000000	24,872864	25,311541	24,148052	24,686850	24,197739	25,167303	21,372320	21,037588	22,458731	22,463783	24,019360	20,570000	23,750000	26,289999	23,869999	20,180000	20,170000	20,020000	20,010000	20,000000	340282346638528860000000000000000000000,000000	0,023496	20,000000	100006,000000	23,400000
4949,000000	19,969238	0,000000	0,000000	0,000000	0,000000	24,872864	25,191593	24,148052	24,686850	24,202812	25,167303	21,362204	21,037588	22,463783	22,463783	24,029484	20,570000	23,750000	26,279999	23,869999	20,180000	20,170000	20,020000	20,010000	20,000000	340282346638528860000000000000000000000,000000	0,023101	20,000000	100006,000000	23,400000
4951,000000	19,974283	0,000000	0,000000	0,000000	0,000000	25,002916	25,191593	24,148052	24,686850	24,187634	25,157196	21,362204	21,037588	22,463783	22,458731	24,029484	20,570000	23,760000	26,279999	23,850000	20,180000	20,170000	20,020000	20,010000	20,000000	340282346638528860000000000000000000000,000000	0,023378	20,000000	100006,000000	23,400000
4953,000000	19,979330	0,000000	0,000000	0,000000	0,000000	25,018097	25,201721	24,163231	24,566902	24,192686	25,157196	21,512466	21,032539	22,458731	22,448631	24,054766	20,559999	23,779999	26,279999	23,850000	20,180000	20,170000	20,020000	20,010000	20,010000	606,165039	0,023419	20,000000	100006,000000	23,400000
4955,000000	19,979330	0,000000	0,000000	0,000000	0,000000	25,002916	25,311541	24,153124	24,566902	24,197739	25,162249	21,512466	21,037588	22,463783	22,458731	24,039587	20,570000	23,760000	26,269999	23,869999	20,180000	20,170000	20,020000	20,000000	20,010000	340282346638528860000000000000000000000,000000	0,023402	20,000000	100010,000000	23,400000
4957,000000	19,984377	0,000000	0,000000	0,000000	0,000000	25,007990	25,191593	24,158178	24,566902	24,197739	25,167303	21,517515	21,037588	22,463783	22,453680	24,039587	20,559999	23,769999	26,289999	23,869999	20,180000	20,170000	20,020000	20,000000	20,000000	604,159058	0,023456	20,000000	100006,000000	23,400000
4959,000000	19,989443	0,000000	0,000000	0,000000	0,000000	25,013042	25,191593	24,163231	24,566902	24,192686	25,167303	21,372320	21,027491	22,473902	22,468853	24,024431	20,559999	23,740000	26,289999	23,869999	20,180000	20,170000	20,010000	20,010000	20,000000	619,551025	0,023550	20,000000	100006,000000	23,400000
4961,000000	19,994490	0,000000	0,000000	0,000000	0,000000	25,023151	25,196648	24,153124	24,566902	24,307581	25,167303	21,527632	21,027491	22,484003	22,489052	24,019360	20,559999	23,750000	26,299999	23,859999	20,180000	20,170000	20,020000	20,010000	19,990000	606,310059	0,023101	20,000000	100006,000000	23,400000
4963,000000	19,999535	0,000000	0,000000	0,000000	0,000000	25,028227	25,201721	24,158178	24,571957	24,307581	25,167303	21,522583	21,027491	22,484003	22,468853	23,858971	20,559999	23,740000	26,289999	23,859999	20,180000	20,170000	20,020000	20,010000	19,990000	340282346638528860000000000000000000000,000000	0,023162	20,000000	100006,000000	23,400000
4965,000000	19,994490	0,000000	0,000000	0,000000	0,000000	25,028227	25,201721	24,173355	24,577009	24,307581	25,172358	21,542780	21,032539	22,473902	22,478952	23,858971	20,559999	23,699999	26,299999	23,879999	20,180000	20,170000	20,020000	20,010000	19,990000	340282346638528860000000000000000000000,000000	0,023624	20,000000	100006,000000	23,400000
4967,000000	19,999535	0,000000	0,000000	0,000000	0,000000	25,023151	25,206776	24,158178	24,577009	24,302526	25,177410	21,537729	21,037588	22,473902	22,499174	24,004200	20,559999	23,730000	26,320000	23,869999	20,180000	20,160000	20,020000	20,010000	19,980000	602,435059	0,023361	20,000000	100006,000000	23,400000
4969,000000	19,989443	0,000000	0,000000	0,000000	0,000000	25,013042	25,201721	24,168283	24,571957	24,197739	25,182487	21,537729	21,037588	22,463783	22,468853	24,029484	20,559999	23,750000	26,320000	23,879999	20,180000	20,160000	20,020000	20,010000	19,980000	583,743042	0,023603	20,000000	100006,000000	23,400000
4971,000000	19,994490	0,000000	0,000000	0,000000	0,000000	25,013042	25,191593	24,158178	24,571957	24,223024	25,182487	21,517515	21,047684	22,453680	22,533190	24,034536	20,559999	23,760000	26,320000	23,910000	20,180000	20,170000	20,020000	20,020000	19,980000	340282346638528860000000000000000000000,000000	0,023607	20,000000	100006,000000	23,400000
4973,000000	19,989443	0,000000	0,000000	0,000000	0,000000	25,013042	25,196648	24,148052	24,571957	24,223024	25,062540	21,362204	21,037588	22,458731	22,558460	24,059818	20,559999	23,799999	26,309999	23,900000	20,180000	20,160000	20,020000	20,029999	19,980000	616,062012	0,023469	20,000000	100006,000000	23,299999
4975,000000	19,999535	0,000000	0,000000	0,000000	0,000000	25,028227	25,196648	24,153124	24,571957	24,212919	25,062540	21,342009	21,037588	22,489052	22,463783	24,059818	20,559999	23,799999	26,320000	23,859999	20,180000	20,160000	20,010000	20,039999	19,990000	608,111023	0,023748	20,000000	100010,000000	23,299999
4977,000000	19,999535	0,000000	0,000000	0,000000	0,000000	25,028227	25,221960	24,143000	24,577009	24,212919	25,172358	21,352106	21,037588	22,489052	22,558460	24,049694	20,559999	23,799999	26,330000	23,859999	20,180000	20,160000	20,020000	20,039999	19,990000	340282346638528860000000000000000000000,000000	0,023329	20,000000	100010,000000	23,299999
4979,000000	19,979330	0,000000	0,000000	0,000000	0,000000	25,018097	25,211832	24,143000	24,571957	24,223024	25,172358	21,336939	21,027491	22,478952	22,553411	24,054766	20,559999	23,799999	26,309999	23,869999	20,180000	20,160000	20,010000	20,039999	19,990000	340282346638528860000000000000000000000,000000	0,023207	20,000000	100010,000000	23,200001
4981,000000	19,994490	0,000000	0,000000	0,000000	0,000000	25,007990	25,206776	24,143000	24,577009	24,223024	25,167303	21,342009	21,022423	22,484003	22,438511	24,004200	20,559999	23,809999	26,299999	23,869999	20,189999	20,170000	20,020000	20,029999	19,990000	576,954041	0,023629	20,000000	100010,000000	23,200001
4983,000000	19,969238	0,000000	0,000000	0,000000	0,000000	25,023151	25,201721	24,143000	24,577009	24,223024	25,162249	21,357155	21,017376	22,448631	22,548359	23,853918	20,559999	23,730000	26,279999	23,879999	20,189999	20,170000	20,020000	20,020000	20,000000	574,979004	0,023580	20,000000	100006,000000	23,299999
4985,000000	19,959124	0,000000	0,000000	0,000000	0,000000	25,013042	25,191593	24,137947	24,582062	24,228096	25,162249	21,347055	21,017376	22,438511	22,528139	23,818531	20,559999	23,719999	26,260000	23,889999	20,189999	20,170000	20,020000	20,020000	19,990000	603,708008	0,023560	20,000000	100010,000000	23,299999
4987,000000	19,938919	0,000000	0,000000	0,000000	0,000000	25,007990	25,311541	24,132895	24,571957	24,207865	25,157196	21,527632	21,027491	22,558460	22,548359	23,882845	20,559999	23,650000	26,260000	23,869999	20,189999	20,170000	20,020000	20,020000	19,990000	587,778015	0,023668	20,000000	100010,000000	23,299999
4989,000000	20,053823	0,000000	0,000000	0,000000	0,000000	25,023151	25,306486	24,132895	24,571957	24,207865	25,152142	21,537729	21,042635	22,543308	22,548359	23,707304	20,559999	23,619999	26,260000	23,879999	20,189999	20,170000	20,020000	20,010000	19,990000	611,252014	0,023278	20,000000	100010,000000	23,400000
4991,000000	20,058872	0,000000	0,000000	0,000000	0,000000	25,018097	25,191593	24,143000	24,571957	24,212919	25,142012	21,557943	21,027491	22,538260	22,538260	23,807022	20,559999	23,559999	26,260000	23,879999	20,189999	20,170000	20,010000	20,010000	20,000000	340282346638528860000000000000000000000,000000	0,023084	20,000000	100010,000000	23,400000
4993,000000	20,038666	0,000000	0,000000	0,000000	0,000000	25,023151	25,301409	24,132895	24,571957	24,228096	25,142012	21,557943	21,027491	22,518040	22,367767	23,781740	20,559999	23,539999	26,240000	23,900000	20,189999	20,170000	20,010000	20,010000	20,000000	340282346638528860000000000000000000000,000000	0,023123	20,000000	100010,000000	23,400000
4995,000000	20,043713	0,000000	0,000000	0,000000	0,000000	25,033279	25,286247	24,137947	24,571957	24,212919	25,142012	21,552896	21,042635	22,372818	22,342497	23,737637	20,559999	23,549999	26,240000	23,889999	20,189999	20,170000	20,010000	20,010000	20,000000	605,463013	0,023295	20,000000	100010,000000	23,400000
4997,000000	20,058872	0,000000	0,000000	0,000000	0,000000	25,023151	25,281174	24,137947	24,577009	24,233149	25,152142	21,517515	21,047684	22,502869	22,357666	23,813459	20,559999	23,670000	26,250000	23,889999	20,189999	20,170000	20,010000	20,000000	20,000000	340282346638528860000000000000000000000,000000	0,023292	20,000000	100010,000000	23,400000
4999,000000	19,943966	0,000000	0,000000	0,000000	0,000000	25,033279	25,281174	24,137947	24,577009	24,223024	25,152142	21,362204	21,047684	22,533190	22,502869	23,853918	20,559999	23,730000	26,289999	23,879999	20,189999	20,170000	20,010000	20,000000	20,000000	590,212036	0,023298	20,000000	100010,000000	23,400000
5001,000000	19,949032	0,000000	0,000000	0,000000	0,000000	25,038334	25,291302	24,137947	24,571957	24,212919	25,152142	21,502367	21,042635	22,553411	22,507917	23,858971	20,559999	23,730000	26,279999	23,859999	20,189999	20,170000	20,010000	20,000000	20,000000	599,333008	0,023709	20,000000	100010,000000	23,400000
5003,000000	19,964170	0,000000	0,000000	0,000000	0,000000	25,033279	25,301409	24,153124	24,571957	24,223024	25,162249	21,362204	21,032539	22,438511	22,518040	23,874149	20,559999	23,750000	26,279999	23,879999	20,189999	20,180000	20,010000	19,990000	20,000000	605,659058	0,023388	20,000000	100010,000000	23,400000
5005,000000	19,959124	0,000000	0,000000	0,000000	0,000000	25,023151	25,306486	24,148052	24,577009	24,217972	25,157196	21,357155	21,037588	22,453680	22,533190	24,029484	20,559999	23,769999	26,269999	23,850000	20,189999	20,180000	20,010000	19,990000	20,000000	608,673035	0,023255	20,000000	100010,000000	23,400000
5007,000000	19,969238	0,000000	0,000000	0,000000	0,000000	25,028227	25,196648	24,158178	24,571957	24,223024	25,152142	21,367252	21,047684	22,468853	22,543308	24,029484	20,559999	23,769999	26,279999	23,859999	20,189999	20,180000	20,010000	19,980000	19,990000	340282346638528860000000000000000000000,000000	0,023156	20,000000	100010,000000	23,400000
5009,000000	19,969238	0,000000	0,000000	0,000000	0,000000	25,002916	25,296356	24,148052	24,571957	24,233149	25,167303	21,547827	21,042635	22,443581	22,538260	23,874149	20,559999	23,730000	26,240000	23,889999	20,189999	20,180000	20,010000	19,969999	19,990000	619,530029	0,023322	20,000000	100010,000000	23,400000
5011,000000	19,954077	0,000000	0,000000	0,000000	0,000000	24,872864	25,301409	24,148052	24,577009	24,233149	25,167303	21,527632	21,032539	22,548359	22,507917	23,843815	20,559999	23,740000	26,240000	23,910000	20,189999	20,180000	20,010000	19,969999	19,990000	340282346638528860000000000000000000000,000000	0,023563	20,000000	100010,000000	23,400000
5013,000000	19,938919	0,000000	0,000000	0,000000	0,000000	24,867807	25,276119	24,148052	24,571957	24,248310	25,167303	21,517515	21,042635	22,528139	22,357666	23,843815	20,559999	23,699999	26,230000	23,930000	20,189999	20,180000	20,010000	19,980000	19,980000	340282346638528860000000000000000000000,000000	0,023703	20,000000	100010,000000	23,400000
5015,000000	19,943966	0,000000	0,000000	0,000000	0,000000	24,862753	25,301409	24,153124	24,571957	24,378363	25,172358	21,522583	21,037588	22,538260	22,372818	23,913198	20,559999	23,699999	26,230000	23,920000	20,189999	20,189999	20,010000	19,969999	19,969999	340282346638528860000000000000000000000,000000	0,023355	20,000000	100010,000000	23,299999
5017,000000	19,943966	0,000000	0,000000	0,000000	0,000000	25,002916	25,291302	24,143000	24,571957	24,383434	25,172358	21,507416	21,037588	22,528139	22,357666	23,892971	20,559999	23,619999	26,230000	23,930000	20,189999	20,180000	20,010000	19,969999	19,959999	340282346638528860000000000000000000000,000000	0,023490	20,000000	100010,000000	23,299999
5019,000000	19,949032	0,000000	0,000000	0,000000	0,000000	24,872864	25,301409	24,143000	24,571957	24,388487	25,172358	21,517515	21,027491	22,523090	22,352596	23,747740	20,559999	23,629999	26,250000	23,930000	20,189999	20,180000	20,010000	19,959999	19,959999	621,070007	0,023641	20,000000	100010,000000	23,299999
5021,000000	19,943966	0,000000	0,000000	0,000000	0,000000	25,007990	25,296356	24,158178	24,577009	24,378363	25,162249	21,517515	21,042635	22,518040	22,362719	23,903074	20,549999	23,629999	26,260000	23,920000	20,189999	20,180000	20,010000	19,949999	19,949999	592,169006	0,023618	20,000000	100010,000000	23,299999
5023,000000	19,938919	0,000000	0,000000	0,000000	0,000000	25,013042	25,306486	24,153124	24,571957	24,248310	25,142012	21,517515	21,052731	22,528139	22,357666	23,707304	20,559999	23,590000	26,250000	23,900000	20,180000	20,180000	20,010000	19,949999	19,949999	340282346638528860000000000000000000000,000000	0,023181	20,000000	100010,000000	23,299999
5025,000000	20,053823	0,000000	0,000000	0,000000	0,000000	25,013042	25,296356	24,143000	24,571957	24,243258	25,136957	21,542780	21,052731	22,518040	22,362719	23,882845	20,549999	23,600000	26,269999	23,900000	20,180000	20,170000	20,010000	19,959999	19,939999	622,801025	0,023332	20,000000	100010,000000	23,299999
5027,000000	20,053823	0,000000	0,000000	0,000000	0,000000	25,002916	25,291302	24,143000	24,571957	24,238201	25,136957	21,537729	21,057798	22,507917	22,342497	23,877792	20,549999	23,609999	26,250000	23,889999	20,180000	20,170000	20,010000	19,959999	19,939999	592,418030	0,023516	20,000000	100010,000000	23,400000
5029,000000	20,043713	0,000000	0,000000	0,000000	0,000000	25,002916	25,296356	24,132895	24,571957	24,217972	25,126850	21,532681	21,047684	22,518040	22,352596	23,898022	20,549999	23,619999	26,219999	23,869999	20,180000	20,180000	20,010000	19,969999	19,939999	340282346638528860000000000000000000000,000000	0,023558	20,000000	100010,000000	23,400000
5031,000000	20,033621	0,000000	0,000000	0,000000	0,000000	25,002916	25,296356	24,143000	24,571957	24,217972	25,131905	21,512466	21,037588	22,528139	22,357666	23,877792	20,549999	23,629999	26,250000	23,859999	20,189999	20,180000	20,000000	19,959999	19,939999	620,209045	0,023211	20,000000	100010,000000	23,400000
5033,000000	20,038666	0,000000	0,000000	0,000000	0,000000	25,007990	25,296356	24,132895	24,571957	24,202812	25,126850	21,522583	21,047684	22,538260	22,372818	23,742689	20,549999	23,600000	26,250000	23,850000	20,189999	20,180000	20,010000	19,959999	19,949999	605,832031	0,023801	20,000000	100010,000000	23,400000
5035,000000	20,033621	0,000000	0,000000	0,000000	0,000000	25,038334	25,291302	24,143000	24,577009	24,192686	24,996777	21,502367	20,947943	22,548359	22,523090	23,727510	20,549999	23,590000	26,269999	23,859999	20,180000	20,180000	20,000000	19,969999	19,949999	340282346638528860000000000000000000000,000000	0,023487	20,000000	100010,000000	23,400000
5037,000000	20,053823	0,000000	0,000000	0,000000	0,000000	25,053514	25,191593	24,148052	24,566902	24,302526	24,996777	21,502367	20,942896	22,558460	22,538260	23,796898	20,559999	23,570000	26,289999	23,840000	20,189999	20,180000	20,000000	19,959999	19,949999	607,446045	0,023280	20,000000	100010,000000	23,400000
5039,000000	20,043713	0,000000	0,000000	0,000000	0,000000	25,053514	25,191593	24,137947	24,566902	24,302526	24,996777	21,362204	20,937847	22,448631	22,528139	23,786793	20,549999	23,539999	26,260000	23,840000	20,189999	20,180000	20,000000	19,949999	19,959999	616,786011	0,023204	20,000000	100010,000000	23,400000
5041,000000	20,048759	0,000000	0,000000	0,000000	0,000000	25,053514	25,201721	24,148052	24,571957	24,192686	25,131905	21,512466	20,937847	22,438511	22,533190	23,812075	20,549999	23,539999	26,260000	23,869999	20,180000	20,170000	20,010000	19,949999	19,969999	340282346638528860000000000000000000000,000000	0,023107	20,000000	100010,000000	23,400000
5043,000000	20,048759	0,000000	0,000000	0,000000	0,000000	25,058571	25,196648	24,153124	24,566902	24,187634	25,147066	21,537729	21,057798	22,443581	22,443581	23,722460	20,549999	23,580000	26,260000	23,879999	20,180000	20,170000	20,010000	19,969999	19,959999	340282346638528860000000000000000000000,000000	0,023689	20,000000	100010,000000	23,400000
5045,000000	19,943966	0,000000	0,000000	0,000000	0,000000	25,038334	25,191593	24,153124	24,571957	24,202812	25,152142	21,453159	21,042635	22,548359	22,543308	23,732584	20,549999	23,580000	26,240000	23,900000	20,180000	20,170000	20,010000	19,969999	19,969999	603,706055	0,023367	20,000000	100010,000000	23,400000
5047,000000	19,949032	0,000000	0,000000	0,000000	0,000000	25,033279	25,301409	24,143000	24,571957	24,217972	25,152142	21,437992	21,012327	22,523090	22,367767	23,877792	20,539999	23,590000	26,209999	23,900000	20,180000	20,170000	20,010000	19,980000	19,959999	340282346638528860000000000000000000000,000000	0,023627	20,000000	100010,000000	23,400000
5049,000000	19,949032	0,000000	0,000000	0,000000	0,000000	25,013042	25,301409	24,143000	24,577009	24,223024	25,142012	21,532681	21,007280	22,507917	22,347548	23,712355	20,549999	23,590000	26,209999	23,920000	20,170000	20,170000	20,010000	20,000000	19,969999	340282346638528860000000000000000000000,000000	0,023287	20,000000	100010,000000	23,400000
5051,000000	20,058872	0,000000	0,000000	0,000000	0,000000	25,013042	25,286247	24,143000	24,571957	24,248310	25,126850	21,537729	21,007280	22,357666	22,396736	23,807022	20,539999	23,559999	26,189999	23,930000	20,170000	20,160000	20,010000	20,029999	19,969999	340282346638528860000000000000000000000,000000	0,023036	20,000000	100010,000000	23,400000
5053,000000	19,943966	0,000000	0,000000	0,000000	0,000000	25,013042	25,286247	24,137947	24,566902	24,388487	25,136957	21,537729	21,012327	22,352596	22,322277	23,801950	20,549999	23,510000	26,209999	23,939999	20,180000	20,160000	20,010000	20,039999	19,980000	340282346638528860000000000000000000000,000000	0,023254	20,000000	100010,000000	23,400000
5055,000000	19,964170	0,000000	0,000000	0,000000	0,000000	25,007990	25,301409	24,137947	24,566902	24,378363	25,136957	21,532681	21,017376	22,352596	22,327328	23,791847	20,539999	23,549999	26,230000	23,900000	20,170000	20,160000	20,010000	20,020000	19,980000	340282346638528860000000000000000000000,000000	0,023369	20,000000	100010,000000	23,400000
5057,000000	19,969238	0,000000	0,000000	0,000000	0,000000	25,028227	25,306486	24,137947	24,566902	24,233149	25,131905	21,437992	21,022423	22,362719	22,342497	23,791847	20,539999	23,539999	26,269999	23,900000	20,170000	20,160000	20,010000	20,000000	19,980000	340282346638528860000000000000000000000,000000	0,023155	20,000000	100010,000000	23,400000
5059,000000	19,974283	0,000000	0,000000	0,000000	0,000000	25,038334	25,301409	24,137947	24,566902	24,243258	25,147066	21,478422	21,042635	22,507917	22,367767	23,796898	20,539999	23,570000	26,269999	23,889999	20,170000	20,150000	20,010000	19,990000	19,980000	340282346638528860000000000000000000000,000000	0,023502	20,000000	100010,000000	23,400000
5061,000000	19,964170	0,000000	0,000000	0,000000	0,000000	25,043386	25,306486	24,158178	24,571957	24,248310	25,142012	21,648884	21,052731	22,507917	22,507917	23,786793	20,539999	23,539999	26,260000	23,889999	20,170000	20,160000	20,010000	19,980000	19,969999	596,008057	0,023366	20,000000	100010,000000	23,400000
5063,000000	19,974283	0,000000	0,000000	0,000000	0,000000	25,038334	25,311541	24,158178	24,571957	24,383434	25,142012	21,483471	21,032539	22,502869	22,372818	23,771618	20,539999	23,519999	26,240000	23,910000	20,170000	20,160000	20,010000	19,969999	19,969999	583,325012	0,023392	20,000000	100010,000000	23,400000
5065,000000	19,974283	0,000000	0,000000	0,000000	0,000000	25,038334	25,296356	24,153124	24,571957	24,383434	25,147066	21,488522	21,047684	22,367767	22,342497	23,606182	20,539999	23,529999	26,250000	23,910000	20,170000	20,160000	20,010000	19,959999	19,969999	340282346638528860000000000000000000000,000000	0,023473	20,000000	100010,000000	23,400000
5067,000000	19,954077	0,000000	0,000000	0,000000	0,000000	25,038334	25,306486	24,158178	24,571957	24,388487	25,147066	21,483471	21,047684	22,362719	22,352596	23,611233	20,539999	23,449999	26,250000	23,920000	20,170000	20,160000	20,010000	19,959999	19,969999	620,387024	0,023274	20,000000	100010,000000	23,400000
5069,000000	19,954077	0,000000	0,000000	0,000000	0,000000	25,043386	25,301409	24,158178	24,571957	24,383434	25,152142	21,468306	21,037588	22,357666	22,317226	23,756460	20,539999	23,490000	26,240000	23,930000	20,170000	20,160000	20,010000	19,959999	19,980000	340282346638528860000000000000000000000,000000	0,023290	20,000000	100010,000000	23,400000
5071,000000	19,954077	0,000000	0,000000	0,000000	0,000000	25,038334	25,291302	24,143000	24,571957	24,243258	25,131905	21,552896	21,017376	22,342497	22,391687	23,786793	20,539999	23,490000	26,240000	23,930000	20,170000	20,150000	20,010000	19,949999	19,980000	340282346638528860000000000000000000000,000000	0,023225	20,000000	100010,000000	23,400000
5073,000000	19,943966	0,000000	0,000000	0,000000	0,000000	25,028227	25,281174	24,132895	24,566902	24,228096	24,991720	21,522583	21,027491	22,367767	22,322277	23,727510	20,539999	23,549999	26,219999	23,879999	20,170000	20,150000	20,010000	19,959999	19,980000	611,321045	0,023402	20,000000	100014,000000	23,400000
5075,000000	19,938919	0,000000	0,000000	0,000000	0,000000	25,023151	25,291302	24,143000	24,566902	24,217972	24,996777	21,502367	21,027491	22,518040	22,352596	23,913198	20,539999	23,660000	26,250000	23,840000	20,170000	20,150000	20,010000	19,949999	19,990000	602,373047	0,023465	20,000000	100014,000000	23,400000
5077,000000	19,964170	0,000000	0,000000	0,000000	0,000000	25,038334	25,191593	24,143000	24,566902	24,207865	24,996777	21,357155	21,027491	22,558460	22,523090	23,923304	20,539999	23,680000	26,269999	23,840000	20,170000	20,150000	20,010000	19,959999	19,990000	602,310059	0,023122	20,000000	100014,000000	23,400000
5079,000000	19,959124	0,000000	0,000000	0,000000	0,000000	25,043386	25,196648	24,143000	24,571957	24,212919	24,996777	21,352106	21,012327	22,453680	22,538260	23,892971	20,539999	23,660000	26,279999	23,830000	20,170000	20,139999	20,010000	19,980000	19,990000	581,295044	0,023177	20,000000	100010,000000	23,400000
5081,000000	19,974283	0,000000	0,000000	0,000000	0,000000	25,038334	25,201721	24,143000	24,566902	24,207865	25,131905	21,372320	21,002232	22,458731	22,533190	23,898022	20,539999	23,629999	26,279999	23,850000	20,170000	20,150000	20,000000	19,990000	19,990000	603,731018	0,023512	20,000000	100014,000000	23,400000
5083,000000	19,964170	0,000000	0,000000	0,000000	0,000000	25,033279	25,196648	24,143000	24,566902	24,217972	25,142012	21,367252	21,022423	22,458731	22,528139	23,898022	20,539999	23,639999	26,250000	23,869999	20,170000	20,139999	20,000000	19,990000	20,000000	618,348022	0,023411	20,000000	100014,000000	23,400000
5085,000000	19,959124	0,000000	0,000000	0,000000	0,000000	25,033279	25,191593	24,143000	24,566902	24,212919	25,136957	21,527632	21,017376	22,448631	22,558460	23,903074	20,529999	23,629999	26,250000	23,859999	20,170000	20,139999	20,000000	19,980000	19,990000	340282346638528860000000000000000000000,000000	0,023407	20,000000	100014,000000	23,400000
5087,000000	19,964170	0,000000	0,000000	0,000000	0,000000	25,018097	25,196648	24,148052	24,566902	24,217972	25,152142	21,552896	21,007280	22,558460	22,548359	23,903074	20,539999	23,629999	26,240000	23,889999	20,170000	20,150000	20,000000	19,969999	19,990000	340282346638528860000000000000000000000,000000	0,023625	20,000000	100014,000000	23,400000
5089,000000	19,964170	0,000000	0,000000	0,000000	0,000000	25,013042	25,301409	24,143000	24,571957	24,212919	25,147066	21,557943	21,007280	22,438511	22,443581	23,928356	20,539999	23,639999	26,219999	23,889999	20,170000	20,150000	20,000000	19,969999	19,990000	619,671021	0,023345	20,000000	100014,000000	23,400000
5091,000000	19,959124	0,000000	0,000000	0,000000	0,000000	25,007990	25,311541	24,148052	24,577009	24,197739	25,142012	21,517515	21,007280	22,443581	22,453680	23,933409	20,539999	23,680000	26,230000	23,869999	20,170000	20,139999	20,000000	19,969999	19,990000	340282346638528860000000000000000000000,000000	0,023517	20,000000	100014,000000	23,400000
5093,000000	19,959124	0,000000	0,000000	0,000000	0,000000	24,867807	25,306486	24,148052	24,577009	24,307581	25,142012	21,372320	21,007280	22,443581	22,458731	23,813459	20,539999	23,670000	26,240000	23,859999	20,170000	20,150000	20,000000	19,959999	19,990000	615,059021	0,023580	20,000000	100014,000000	23,400000
5095,000000	19,954077	0,000000	0,000000	0,000000	0,000000	25,002916	25,191593	24,153124	24,571957	24,307581	25,142012	21,362204	21,002232	22,458731	22,453680	23,848866	20,539999	23,699999	26,260000	23,850000	20,180000	20,139999	20,000000	19,959999	19,990000	590,196045	0,023388	20,000000	100014,000000	23,400000
5097,000000	19,943966	0,000000	0,000000	0,000000	0,000000	24,862753	25,301409	24,137947	24,566902	24,187634	25,142012	21,362204	20,867115	22,458731	22,448631	23,874149	20,539999	23,719999	26,260000	23,850000	20,170000	20,139999	20,000000	19,949999	19,990000	340282346638528860000000000000000000000,000000	0,023207	20,000000	100014,000000	23,299999
5099,000000	20,058872	0,000000	0,000000	0,000000	0,000000	24,857679	25,306486	24,132895	24,566902	24,197739	25,147066	21,362204	21,012327	22,453680	22,553411	23,858971	20,539999	23,740000	26,260000	23,859999	20,170000	20,139999	20,000000	19,949999	19,980000	622,352051	0,023176	20,000000	100014,000000	23,299999
5101,000000	19,949032	0,000000	0,000000	0,000000	0,000000	24,867807	25,301409	24,132895	24,566902	24,197739	25,142012	21,507416	21,012327	22,558460	22,533190	24,009253	20,539999	23,769999	26,240000	23,859999	20,170000	20,139999	20,000000	19,949999	19,980000	340282346638528860000000000000000000000,000000	0,023141	20,000000	100014,000000	23,299999
5103,000000	19,943966	0,000000	0,000000	0,000000	0,000000	24,862753	25,286247	24,137947	24,566902	24,207865	25,147066	21,542780	21,002232	22,543308	22,507917	24,044640	20,529999	23,769999	26,230000	23,889999	20,170000	20,139999	20,000000	19,949999	19,969999	613,323059	0,023234	20,000000	100014,000000	23,299999
5105,000000	19,943966	0,000000	0,000000	0,000000	0,000000	24,852627	25,286247	24,148052	24,566902	24,228096	25,152142	21,437992	20,867115	22,543308	22,528139	23,949976	20,539999	23,809999	26,219999	23,930000	20,170000	20,139999	20,000000	19,949999	19,969999	622,114014	0,023279	20,000000	100014,000000	23,299999
5107,000000	19,954077	0,000000	0,000000	0,000000	0,000000	24,862753	25,291302	24,148052	24,566902	24,217972	25,162249	21,547827	21,002232	22,548359	22,558460	23,853918	20,539999	23,769999	26,240000	23,910000	20,160000	20,139999	20,000000	19,949999	19,969999	618,438049	0,023168	20,000000	100014,000000	23,400000
5109,000000	19,938919	0,000000	0,000000	0,000000	0,000000	25,002916	25,281174	24,148052	24,566902	24,223024	25,157196	21,552896	21,002232	22,543308	22,558460	23,833691	20,539999	23,699999	26,219999	23,900000	20,160000	20,139999	20,000000	19,949999	19,969999	340282346638528860000000000000000000000,000000	0,023260	20,000000	100014,000000	23,400000
5111,000000	20,043713	0,000000	0,000000	0,000000	0,000000	24,862753	25,281174	24,143000	24,577009	24,207865	25,157196	21,557943	20,867115	22,543308	22,448631	24,004200	20,529999	23,740000	26,230000	23,889999	20,160000	20,139999	20,000000	19,939999	19,959999	340282346638528860000000000000000000000,000000	0,023393	20,000000	100014,000000	23,400000
5113,000000	20,048759	0,000000	0,000000	0,000000	0,000000	24,842520	25,281174	24,163231	24,577009	24,217972	25,157196	21,448090	20,872164	22,553411	22,458731	24,024431	20,539999	23,789999	26,230000	23,889999	20,170000	20,139999	20,000000	19,939999	19,959999	340282346638528860000000000000000000000,000000	0,023465	20,000000	100014,000000	23,400000
5115,000000	20,058872	0,000000	0,000000	0,000000	0,000000	24,862753	25,281174	24,158178	24,577009	24,217972	25,162249	21,458208	21,007280	22,438511	22,558460	24,054766	20,529999	23,750000	26,260000	23,889999	20,170000	20,139999	20,000000	19,939999	19,959999	621,949036	0,023292	20,000000	100014,000000	23,400000
5117,000000	19,949032	0,000000	0,000000	0,000000	0,000000	24,842520	25,276119	24,158178	24,571957	24,228096	25,062540	21,443041	21,022423	22,438511	22,548359	23,949976	20,539999	23,809999	26,269999	23,920000	20,170000	20,139999	20,000000	19,939999	19,959999	340282346638528860000000000000000000000,000000	0,023170	20,000000	100014,000000	23,400000
5119,000000	19,964170	0,000000	0,000000	0,000000	0,000000	24,842520	25,291302	24,158178	24,571957	24,223024	25,067595	21,542780	21,022423	22,438511	22,558460	23,955050	20,539999	23,809999	26,279999	23,900000	20,170000	20,150000	19,990000	19,939999	19,949999	588,278015	0,023347	20,000000	100014,000000	23,400000
5121,000000	19,969238	0,000000	0,000000	0,000000	0,000000	24,837444	25,301409	24,158178	24,571957	24,238201	25,182487	21,507416	21,012327	22,443581	22,543308	23,939871	20,529999	23,820000	26,279999	23,910000	20,170000	20,139999	19,990000	19,939999	19,939999	340282346638528860000000000000000000000,000000	0,023323	20,000000	100014,000000	23,400000
5123,000000	19,954077	0,000000	0,000000	0,000000	0,000000	24,842520	25,291302	24,153124	24,571957	24,238201	25,062540	21,357155	21,012327	22,548359	22,518040	23,975258	20,529999	23,840000	26,269999	23,900000	20,160000	20,150000	19,990000	19,939999	19,939999	597,714050	0,023373	20,000000	100014,000000	23,400000
5125,000000	19,964170	0,000000	0,000000	0,000000	0,000000	24,832390	25,296356	24,143000	24,577009	24,223024	25,177410	21,426580	20,872164	22,553411	22,518040	23,949976	20,529999	23,859999	26,269999	23,879999	20,170000	20,139999	19,990000	19,939999	19,930000	340282346638528860000000000000000000000,000000	0,023613	20,000000	100014,000000	23,400000
5127,000000	19,949032	0,000000	0,000000	0,000000	0,000000	24,847572	25,286247	24,132895	24,571957	24,223024	25,162249	21,421532	20,851973	22,543308	22,512987	24,029484	20,529999	23,779999	26,230000	23,859999	20,170000	20,139999	19,990000	19,939999	19,930000	620,770020	0,023664	20,000000	100014,000000	23,400000
5129,000000	19,954077	0,000000	0,000000	0,000000	0,000000	24,842520	25,286247	24,137947	24,571957	24,207865	25,162249	21,436676	20,857019	22,533190	22,512987	23,858971	20,529999	23,750000	26,240000	23,869999	20,170000	20,139999	19,990000	19,939999	19,920000	340282346638528860000000000000000000000,000000	0,023064	20,000000	100014,000000	23,400000
5131,000000	19,954077	0,000000	0,000000	0,000000	0,000000	24,847572	25,281174	24,143000	24,577009	24,207865	25,167303	21,336939	20,867115	22,528139	22,518040	23,853918	20,529999	23,689999	26,209999	23,869999	20,170000	20,150000	19,990000	19,930000	19,920000	340282346638528860000000000000000000000,000000	0,023003	20,000000	100014,000000	23,400000
5133,000000	19,949032	0,000000	0,000000	0,000000	0,000000	24,842520	25,281174	24,153124	24,571957	24,223024	25,157196	21,426580	21,017376	22,533190	22,507917	23,858971	20,529999	23,740000	26,230000	23,879999	20,170000	20,150000	19,990000	19,930000	19,920000	340282346638528860000000000000000000000,000000	0,023227	20,000000	100014,000000	23,400000
5135,000000	19,964170	0,000000	0,000000	0,000000	0,000000	24,862753	25,296356	24,153124	24,571957	24,212919	25,152142	21,431627	21,022423	22,528139	22,512987	23,823584	20,529999	23,719999	26,240000	23,869999	20,180000	20,150000	19,990000	19,930000	19,920000	340282346638528860000000000000000000000,000000	0,023558	20,000000	100014,000000	23,400000
5137,000000	19,959124	0,000000	0,000000	0,000000	0,000000	24,867807	25,301409	24,143000	24,571957	24,217972	25,152142	21,316746	21,022423	22,533190	22,523090	23,818531	20,529999	23,699999	26,230000	23,879999	20,180000	20,139999	19,990000	19,930000	19,920000	622,544006	0,023751	20,000000	100014,000000	23,400000
5139,000000	19,943966	0,000000	0,000000	0,000000	0,000000	25,013042	25,286247	24,143000	24,571957	24,207865	25,162249	21,416483	21,017376	22,523090	22,523090	23,864025	20,529999	23,740000	26,230000	23,869999	20,189999	20,139999	19,990000	19,939999	19,920000	620,138000	0,023360	20,000000	100014,000000	23,400000
5141,000000	19,938919	0,000000	0,000000	0,000000	0,000000	24,867807	25,281174	24,137947	24,566902	24,207865	25,157196	21,421532	21,002232	22,512987	22,352596	23,864025	20,520000	23,760000	26,230000	23,879999	20,180000	20,139999	19,990000	19,949999	19,920000	340282346638528860000000000000000000000,000000	0,023387	20,000000	100018,000000	23,400000
5143,000000	20,058872	0,000000	0,000000	0,000000	0,000000	24,857679	25,276119	24,127823	24,566902	24,217972	25,147066	21,316746	20,867115	22,502869	22,327328	23,838743	20,529999	23,740000	26,209999	23,889999	20,189999	20,139999	19,990000	19,969999	19,920000	616,074036	0,023411	20,000000	100018,000000	23,400000
5145,000000	20,038666	0,000000	0,000000	0,000000	0,000000	24,857679	25,281174	24,137947	24,571957	24,212919	25,152142	21,326843	20,857019	22,367767	22,362719	23,823584	20,520000	23,699999	26,209999	23,900000	20,189999	20,139999	19,990000	19,980000	19,920000	614,453003	0,023597	20,000000	100014,000000	23,400000
5147,000000	20,033621	0,000000	0,000000	0,000000	0,000000	24,867807	25,276119	24,132895	24,571957	24,212919	25,136957	21,316746	20,857019	22,367767	22,332397	23,887918	20,529999	23,639999	26,209999	23,900000	20,189999	20,139999	19,990000	19,990000	19,920000	340282346638528860000000000000000000000,000000	0,023403	20,000000	100014,000000	23,400000
5149,000000	20,018459	0,000000	0,000000	0,000000	0,000000	24,857679	25,276119	24,137947	24,566902	24,207865	25,136957	21,436676	20,862068	22,372818	22,342497	23,903074	20,529999	23,639999	26,209999	23,879999	20,189999	20,139999	19,990000	20,000000	19,920000	340282346638528860000000000000000000000,000000	0,023525	20,000000	100014,000000	23,400000
5151,000000	20,033621	0,000000	0,000000	0,000000	0,000000	24,847572	25,266008	24,127823	24,686850	24,217972	25,136957	21,431627	20,872164	22,362719	22,362719	23,933409	20,529999	23,650000	26,209999	23,869999	20,189999	20,150000	20,000000	20,010000	19,920000	619,766052	0,023615	20,000000	100014,000000	23,400000
5153,000000	20,043713	0,000000	0,000000	0,000000	0,000000	24,857679	25,260935	24,132895	24,566902	24,202812	25,142012	21,426580	20,872164	22,357666	22,357666	23,858971	20,520000	23,709999	26,209999	23,869999	20,189999	20,150000	20,000000	20,020000	19,939999	340282346638528860000000000000000000000,000000	0,023215	20,000000	100018,000000	23,400000
5155,000000	20,033621	0,000000	0,000000	0,000000	0,000000	24,842520	25,260935	24,137947	24,686850	24,217972	25,147066	21,431627	20,867115	22,362719	22,327328	23,818531	20,529999	23,750000	26,230000	23,889999	20,189999	20,139999	20,000000	20,020000	19,939999	619,545044	0,023264	20,000000	100014,000000	23,400000
5157,000000	20,043713	0,000000	0,000000	0,000000	0,000000	24,837444	25,271063	24,132895	24,686850	24,223024	25,147066	21,431627	20,867115	22,502869	22,347548	23,864025	20,520000	23,730000	26,230000	23,900000	20,189999	20,150000	20,000000	20,029999	19,949999	612,709045	0,023366	20,000000	100014,000000	23,299999
5159,000000	20,043713	0,000000	0,000000	0,000000	0,000000	24,847572	25,286247	24,148052	24,686850	24,212919	25,152142	21,426580	21,002232	22,518040	22,352596	23,823584	20,520000	23,740000	26,240000	23,869999	20,189999	20,150000	20,010000	20,020000	19,949999	610,512024	0,023445	20,000000	100014,000000	23,299999
5161,000000	20,038666	0,000000	0,000000	0,000000	0,000000	24,862753	25,281174	24,143000	24,686850	24,217972	25,147066	21,512466	21,027491	22,507917	22,347548	23,722460	20,520000	23,600000	26,230000	23,910000	20,189999	20,150000	20,000000	20,020000	19,939999	621,938049	0,023434	20,000000	100018,000000	23,299999
5164,000000	20,048759	0,000000	0,000000	0,000000	0,000000	24,862753	25,276119	24,143000	24,686850	24,228096	25,147066	21,552896	21,047684	22,528139	22,512987	23,742689	20,520000	23,590000	26,230000	23,900000	20,199999	20,160000	20,000000	20,029999	19,930000	617,536011	0,023399	20,000000	100018,000000	23,299999
5166,000000	20,048759	0,000000	0,000000	0,000000	0,000000	24,872864	25,291302	24,153124	24,686850	24,228096	25,142012	21,552896	21,052731	22,533190	22,523090	23,903074	20,520000	23,600000	26,230000	23,879999	20,199999	20,150000	20,000000	20,039999	19,930000	340282346638528860000000000000000000000,000000	0,023316	20,000000	100018,000000	23,299999
5168,000000	20,058872	0,000000	0,000000	0,000000	0,000000	25,007990	25,311541	24,153124	24,566902	24,207865	25,136957	21,527632	21,047684	22,443581	22,553411	23,913198	20,520000	23,650000	26,240000	23,859999	20,199999	20,160000	20,010000	20,039999	19,930000	621,663025	0,023438	20,000000	100014,000000	23,200001
5171,000000	20,048759	0,000000	0,000000	0,000000	0,000000	25,013042	25,311541	24,153124	24,566902	24,212919	25,142012	21,437992	21,052731	22,553411	22,528139	23,887918	20,520000	23,629999	26,230000	23,869999	20,199999	20,160000	20,000000	20,029999	19,920000	340282346638528860000000000000000000000,000000	0,023349	20,000000	100018,000000	23,200001
5173,000000	20,028555	0,000000	0,000000	0,000000	0,000000	25,002916	25,291302	24,153124	24,566902	24,243258	25,147066	21,463257	20,937847	22,538260	22,518040	23,892971	20,520000	23,639999	26,219999	23,910000	20,199999	20,160000	20,010000	20,029999	19,920000	340282346638528860000000000000000000000,000000	0,023331	20,000000	100018,000000	23,200001
5175,000000	20,033621	0,000000	0,000000	0,000000	0,000000	25,018097	25,296356	24,163231	24,566902	24,248310	25,147066	21,473354	20,947943	22,518040	22,372818	23,898022	20,520000	23,619999	26,240000	23,920000	20,199999	20,160000	20,000000	20,029999	19,930000	340282346638528860000000000000000000000,000000	0,023271	20,000000	100014,000000	23,200001
5177,000000	20,038666	0,000000	0,000000	0,000000	0,000000	25,028227	25,291302	24,173355	24,571957	24,388487	25,157196	21,437992	20,968153	22,512987	22,362719	23,903074	20,520000	23,619999	26,250000	23,959999	20,199999	20,160000	20,010000	20,029999	19,939999	340282346638528860000000000000000000000,000000	0,023267	20,000000	100014,000000	23,200001
5179,000000	19,949032	0,000000	0,000000	0,000000	0,000000	25,023151	25,291302	24,173355	24,571957	24,383434	25,162249	21,537729	20,952991	22,518040	22,362719	23,913198	20,520000	23,650000	26,269999	23,939999	20,199999	20,160000	20,010000	20,039999	19,939999	592,723999	0,023208	20,000000	100014,000000	23,200001
5181,000000	20,058872	0,000000	0,000000	0,000000	0,000000	25,038334	25,191593	24,168283	24,571957	24,383434	25,167303	21,547827	20,952991	22,528139	22,502869	23,898022	20,520000	23,650000	26,279999	23,910000	20,189999	20,160000	20,010000	20,029999	19,930000	585,675049	0,023565	20,000000	100018,000000	23,200001
5183,000000	20,048759	0,000000	0,000000	0,000000	0,000000	25,033279	25,206776	24,178408	24,577009	24,388487	25,167303	21,542780	20,952991	22,548359	22,528139	23,823584	20,520000	23,650000	26,279999	23,910000	20,199999	20,160000	20,010000	20,029999	19,920000	595,234009	0,023706	20,000000	100018,000000	23,299999
5185,000000	20,058872	0,000000	0,000000	0,000000	0,000000	25,053514	25,216906	24,178408	24,577009	24,233149	25,167303	21,517515	20,963106	22,448631	22,438511	24,014305	20,520000	23,719999	26,289999	23,879999	20,199999	20,160000	20,010000	20,029999	19,930000	340282346638528860000000000000000000000,000000	0,023466	20,000000	100014,000000	23,299999
5187,000000	19,959124	0,000000	0,000000	0,000000	0,000000	25,043386	25,216906	24,173355	24,582062	24,223024	25,172358	21,502367	20,942896	22,463783	22,443581	23,874149	20,520000	23,740000	26,279999	23,889999	20,199999	20,160000	20,010000	20,020000	19,930000	601,400024	0,023320	20,000000	100018,000000	23,299999
5189,000000	19,964170	0,000000	0,000000	0,000000	0,000000	25,058571	25,221960	24,173355	24,582062	24,228096	25,167303	21,502367	21,042635	22,468853	22,448631	23,858971	20,510000	23,719999	26,279999	23,879999	20,199999	20,160000	20,010000	20,010000	19,949999	340282346638528860000000000000000000000,000000	0,023245	20,000000	100018,000000	23,400000
5191,000000	19,954077	0,000000	0,000000	0,000000	0,000000	25,048460	25,227015	24,168283	24,587135	24,228096	25,062540	21,362204	21,022423	22,458731	22,438511	23,848866	20,510000	23,719999	26,260000	23,889999	20,199999	20,160000	20,020000	20,010000	19,980000	618,952026	0,023334	20,000000	100018,000000	23,400000
5193,000000	19,959124	0,000000	0,000000	0,000000	0,000000	25,038334	25,206776	24,163231	24,587135	24,223024	25,067595	21,502367	20,867115	22,443581	22,468853	23,828638	20,510000	23,689999	26,260000	23,900000	20,199999	20,170000	20,010000	20,010000	19,980000	340282346638528860000000000000000000000,000000	0,023397	20,000000	100018,000000	23,400000
5195,000000	19,954077	0,000000	0,000000	0,000000	0,000000	25,023151	25,191593	24,158178	24,592190	24,223024	25,062540	21,507416	20,836809	22,438511	22,443581	23,828638	20,510000	23,689999	26,230000	23,900000	20,199999	20,160000	20,010000	20,010000	20,000000	603,436035	0,023222	20,000000	100018,000000	23,400000
5197,000000	19,943966	0,000000	0,000000	0,000000	0,000000	25,007990	25,306486	24,163231	24,592190	24,223024	25,182487	21,512466	20,831760	22,558460	22,448631	23,823584	20,520000	23,689999	26,219999	23,889999	20,199999	20,170000	20,020000	20,020000	19,990000	610,219055	0,023230	20,000000	100018,000000	23,299999
5199,000000	20,048759	0,000000	0,000000	0,000000	0,000000	25,007990	25,306486	24,158178	24,587135	24,223024	25,172358	21,502367	20,872164	22,443581	22,443581	23,864025	20,520000	23,709999	26,240000	23,889999	20,199999	20,170000	20,020000	20,029999	19,980000	340282346638528860000000000000000000000,000000	0,023152	20,000000	100018,000000	23,299999
5201,000000	19,943966	0,000000	0,000000	0,000000	0,000000	25,033279	25,311541	24,163231	24,582062	24,212919	25,177410	21,517515	21,022423	22,453680	22,558460	24,004200	20,520000	23,760000	26,269999	23,889999	20,199999	20,170000	20,020000	20,029999	19,990000	610,911011	0,023315	20,000000	100018,000000	23,299999
5203,000000	19,954077	0,000000	0,000000	0,000000	0,000000	25,023151	25,196648	24,168283	24,582062	24,223024	25,172358	21,517515	21,032539	22,443581	22,553411	23,874149	20,520000	23,730000	26,289999	23,889999	20,199999	20,170000	20,020000	20,029999	19,980000	583,256042	0,023203	20,000000	100014,000000	23,299999
5205,000000	19,954077	0,000000	0,000000	0,000000	0,000000	25,033279	25,196648	24,168283	24,582062	24,223024	25,167303	21,552896	21,027491	22,453680	22,438511	23,858971	20,520000	23,719999	26,299999	23,879999	20,209999	20,170000	20,020000	20,029999	20,000000	619,138000	0,023138	20,000000	100014,000000	23,299999
5207,000000	19,964170	0,000000	0,000000	0,000000	0,000000	25,023151	25,191593	24,163231	24,587135	24,228096	25,167303	21,522583	21,012327	22,468853	22,443581	23,853918	20,520000	23,699999	26,289999	23,889999	20,209999	20,170000	20,029999	20,150000	20,049999	611,314026	0,023177	20,000000	100018,000000	23,299999
5209,000000	19,964170	0,000000	0,000000	0,000000	0,000000	25,002916	25,311541	24,163231	24,582062	24,217972	25,162249	21,372320	20,872164	22,463783	22,553411	23,838743	20,520000	23,709999	26,279999	23,879999	20,209999	20,180000	20,029999	20,230000	20,090000	340282346638528860000000000000000000000,000000	0,023392	20,000000	100018,000000	23,299999
5211,000000	19,959124	0,000000	0,000000	0,000000	0,000000	24,857679	25,291302	24,158178	24,587135	24,207865	25,136957	21,436676	20,831760	22,448631	22,507917	23,813459	20,520000	23,670000	26,279999	23,859999	20,219999	20,189999	20,039999	20,270000	20,129999	619,168030	0,023433	20,000000	100018,000000	23,299999
5213,000000	20,058872	0,000000	0,000000	0,000000	0,000000	24,842520	25,291302	24,148052	24,582062	24,217972	24,996777	21,431627	20,846924	22,438511	22,367767	23,833691	20,520000	23,670000	26,240000	23,859999	20,219999	20,199999	20,049999	20,320000	20,170000	592,869019	0,023319	20,000000	100014,000000	23,299999
5215,000000	20,053823	0,000000	0,000000	0,000000	0,000000	24,852627	25,296356	24,132895	24,577009	24,202812	24,986668	21,416483	20,867115	22,443581	22,518040	23,853918	20,529999	23,689999	26,250000	23,840000	20,230000	20,209999	20,059999	20,340000	20,199999	340282346638528860000000000000000000000,000000	0,023384	20,000000	100014,000000	23,299999
5217,000000	20,053823	0,000000	0,000000	0,000000	0,000000	24,837444	25,291302	23,997768	24,577009	24,202812	24,981613	21,401318	20,867115	22,558460	22,347548	23,828638	20,529999	23,709999	26,260000	23,859999	20,230000	20,209999	20,059999	20,430000	20,240000	340282346638528860000000000000000000000,000000	0,023480	20,000000	100018,000000	23,299999
5219,000000	20,033621	0,000000	0,000000	0,000000	0,000000	24,832390	25,291302	24,132895	24,571957	24,202812	24,986668	21,316746	21,007280	22,553411	22,502869	23,933409	20,529999	23,660000	26,240000	23,869999	20,240000	20,230000	20,070000	21,469999	20,270000	622,894043	0,023206	20,000000	100018,000000	23,400000
5221,000000	20,043713	0,000000	0,000000	0,000000	0,000000	24,852627	25,291302	24,137947	24,577009	24,207865	24,991720	21,367252	21,012327	22,543308	22,502869	23,742689	20,529999	23,629999	26,250000	23,879999	20,250000	20,240000	20,080000	22,240000	20,320000	593,394043	0,023474	20,000000	100018,000000	23,400000
5223,000000	19,938919	0,000000	0,000000	0,000000	0,000000	24,847572	25,296356	24,148052	24,571957	24,238201	24,996777	21,517515	20,867115	22,528139	22,367767	23,887918	20,529999	23,600000	26,230000	23,920000	20,250000	20,250000	20,080000	22,070000	20,350000	609,722046	0,023369	20,000000	100018,000000	23,400000
5225,000000	20,053823	0,000000	0,000000	0,000000	0,000000	24,837444	25,306486	24,148052	24,571957	24,233149	24,996777	21,517515	20,841858	22,507917	22,367767	23,882845	20,539999	23,609999	26,209999	23,939999	20,260000	20,260000	20,090000	21,750000	20,359999	340282346638528860000000000000000000000,000000	0,023281	20,000000	100018,000000	23,400000
5227,000000	20,043713	0,000000	0,000000	0,000000	0,000000	24,827337	25,291302	24,143000	24,571957	24,233149	24,996777	21,362204	20,931503	22,362719	22,322277	23,877792	20,539999	23,619999	26,189999	23,930000	20,270000	20,270000	20,100000	21,580000	20,400000	614,086060	0,023405	20,000000	100018,000000	23,299999
5229,000000	20,018459	0,000000	0,000000	0,000000	0,000000	24,927048	25,271063	24,127823	24,571957	24,233149	24,976559	21,347055	20,906244	22,337448	22,401806	23,707304	20,549999	23,570000	26,150000	23,930000	20,270000	20,279999	20,100000	21,559999	20,430000	611,534058	0,023458	20,000000	100018,000000	23,299999
5231,000000	20,003302	0,000000	0,000000	0,000000	0,000000	24,937157	25,266008	23,992716	24,566902	24,202812	24,971506	21,342009	20,875937	22,332397	22,416956	23,707304	20,549999	23,570000	26,139999	23,879999	20,270000	20,279999	20,109999	21,410000	20,469999	340282346638528860000000000000000000000,000000	0,023578	20,000000	100018,000000	23,299999
5233,000000	20,008348	0,000000	0,000000	0,000000	0,000000	24,916920	25,250828	23,982592	24,686850	24,212919	24,971506	21,431627	20,906244	22,327328	22,381586	23,717407	20,549999	23,600000	26,129999	23,900000	20,279999	20,289999	20,119999	21,270000	20,500000	606,812012	0,023536	20,000000	100018,000000	23,299999
5235,000000	20,018459	0,000000	0,000000	0,000000	0,000000	24,937157	25,255882	23,987663	24,566902	24,202812	24,966433	21,416483	20,816597	22,342497	22,401806	23,887918	20,559999	23,629999	26,129999	23,879999	20,279999	20,289999	20,119999	21,350000	20,500000	622,124023	0,023398	20,000000	100018,000000	23,299999
5237,000000	20,033621	0,000000	0,000000	0,000000	0,000000	24,817209	25,266008	23,997768	24,681774	24,192686	24,961376	21,436676	20,821665	22,342497	22,437176	23,712355	20,559999	23,629999	26,160000	23,859999	20,279999	20,299999	20,129999	21,350000	20,490000	340282346638528860000000000000000000000,000000	0,023547	20,000000	100018,000000	23,299999
5239,000000	20,048759	0,000000	0,000000	0,000000	0,000000	24,827337	25,276119	23,997768	24,681774	24,197739	24,971506	21,436676	20,831760	22,357666	22,437176	23,877792	20,559999	23,580000	26,199999	23,879999	20,289999	20,309999	20,129999	21,189999	20,490000	602,552002	0,023129	20,000000	100018,000000	23,299999
5241,000000	20,053823	0,000000	0,000000	0,000000	0,000000	24,832390	25,271063	24,132895	24,686850	24,197739	24,976559	21,362204	20,851973	22,357666	22,327328	23,918249	20,570000	23,639999	26,199999	23,900000	20,289999	20,320000	20,129999	21,189999	20,480000	617,493042	0,023252	20,000000	100018,000000	23,299999
5243,000000	19,943966	0,000000	0,000000	0,000000	0,000000	24,832390	25,276119	24,153124	24,681774	24,223024	24,996777	21,532681	20,857019	22,362719	22,337448	23,892971	20,570000	23,650000	26,219999	23,910000	20,289999	20,330000	20,139999	21,189999	20,490000	607,111023	0,023326	20,000000	100018,000000	23,299999
5245,000000	19,959124	0,000000	0,000000	0,000000	0,000000	24,827337	25,276119	24,168283	24,686850	24,228096	25,126850	21,532681	20,857019	22,502869	22,352596	23,892971	20,570000	23,629999	26,230000	23,930000	20,289999	20,330000	20,139999	21,379999	20,459999	340282346638528860000000000000000000000,000000	0,023548	20,000000	100018,000000	23,299999
5247,000000	19,959124	0,000000	0,000000	0,000000	0,000000	24,827337	25,281174	24,153124	24,686850	24,243258	25,142012	21,507416	20,846924	22,362719	22,327328	23,903074	20,580000	23,650000	26,219999	23,949999	20,299999	20,330000	20,150000	21,420000	20,469999	608,040039	0,023500	20,000000	100018,000000	23,299999
5249,000000	19,938919	0,000000	0,000000	0,000000	0,000000	24,837444	25,271063	24,143000	24,686850	24,238201	25,126850	21,331892	20,821665	22,357666	22,416956	23,742689	20,580000	23,639999	26,209999	23,930000	20,299999	20,340000	20,150000	21,309999	20,480000	623,267029	0,023449	20,000000	100022,000000	23,400000
5251,000000	20,048759	0,000000	0,000000	0,000000	0,000000	24,822283	25,255882	24,137947	24,566902	24,238201	25,126850	21,326843	20,841858	22,342497	22,401806	23,877792	20,590000	23,639999	26,189999	23,939999	20,309999	20,340000	20,160000	21,350000	20,500000	597,959045	0,023547	20,000000	100022,000000	23,400000
5253,000000	20,048759	0,000000	0,000000	0,000000	0,000000	24,827337	25,260935	24,137947	24,686850	24,228096	25,126850	21,326843	20,867115	22,347548	22,416956	23,818531	20,590000	23,689999	26,189999	23,930000	20,309999	20,340000	20,160000	21,199999	20,510000	605,006042	0,023466	20,000000	100022,000000	23,400000
5255,000000	19,949032	0,000000	0,000000	0,000000	0,000000	24,837444	25,286247	24,153124	24,686850	24,238201	25,126850	21,336939	21,012327	22,372818	22,337448	23,838743	20,590000	23,709999	26,230000	23,900000	20,309999	20,350000	20,170000	21,080000	20,510000	340282346638528860000000000000000000000,000000	0,023385	20,000000	100018,000000	23,400000
5257,000000	19,974283	0,000000	0,000000	0,000000	0,000000	24,847572	25,291302	24,163231	24,686850	24,248310	25,142012	21,502367	21,047684	22,512987	22,357666	23,833691	20,590000	23,689999	26,269999	23,939999	20,309999	20,350000	20,170000	20,949999	20,510000	340282346638528860000000000000000000000,000000	0,023420	20,000000	100018,000000	23,400000
5259,000000	20,134649	0,000000	0,000000	0,000000	0,000000	25,013042	25,311541	24,183460	24,571957	24,388487	25,152142	21,448090	20,983299	22,523090	22,502869	23,838743	20,590000	23,699999	26,260000	23,959999	20,309999	20,350000	20,170000	20,879999	20,510000	340282346638528860000000000000000000000,000000	0,023467	20,000000	100018,000000	23,400000
5261,000000	20,144741	0,000000	0,000000	0,000000	0,000000	25,023151	25,201721	24,068586	24,582062	24,408720	25,167303	21,458208	20,978251	22,518040	22,362719	23,864025	20,600000	23,689999	26,279999	23,980000	20,320000	20,350000	20,180000	20,820000	20,520000	620,287048	0,023147	20,000000	100018,000000	23,400000
5263,000000	20,144741	0,000000	0,000000	0,000000	0,000000	24,867807	25,311541	24,068586	24,577009	24,433987	25,152142	21,488522	20,968153	22,507917	22,347548	23,823584	20,600000	23,709999	26,279999	24,010000	20,320000	20,359999	20,170000	20,760000	20,529999	340282346638528860000000000000000000000,000000	0,023233	20,000000	100018,000000	23,400000
5265,000000	20,149809	0,000000	0,000000	0,000000	0,000000	25,002916	25,311541	24,073639	24,582062	24,319111	25,152142	21,653933	20,963106	22,502869	22,372818	23,933409	20,600000	23,660000	26,269999	24,010000	20,320000	20,359999	20,180000	20,699999	20,520000	340282346638528860000000000000000000000,000000	0,023379	20,000000	100018,000000	23,400000
5267,000000	20,144741	0,000000	0,000000	0,000000	0,000000	25,007990	25,191593	24,073639	24,587135	24,324163	25,147066	21,638784	20,963106	22,507917	22,507917	23,903074	20,609999	23,650000	26,260000	24,010000	20,320000	20,359999	20,180000	20,660000	20,510000	340282346638528860000000000000000000000,000000	0,023212	20,000000	100018,000000	23,400000
5269,000000	20,129583	0,000000	0,000000	0,000000	0,000000	25,013042	25,196648	24,073639	24,597244	24,314058	25,136957	21,633736	20,952991	22,502869	22,362719	23,707304	20,609999	23,590000	26,269999	23,980000	20,320000	20,369999	20,180000	20,639999	20,520000	340282346638528860000000000000000000000,000000	0,023417	20,000000	100018,000000	23,400000
5271,000000	19,999535	0,000000	0,000000	0,000000	0,000000	25,018097	25,206776	24,068586	24,597244	24,418825	25,136957	21,659000	20,958057	22,367767	22,362719	23,882845	20,619999	23,600000	26,269999	23,969999	20,320000	20,359999	20,189999	20,660000	20,529999	614,337036	0,023296	20,000000	100018,000000	23,400000
5273,000000	20,129583	0,000000	0,000000	0,000000	0,000000	25,013042	25,201721	24,183460	24,592190	24,413773	25,147066	21,628668	21,057798	22,367767	22,352596	23,732584	20,619999	23,619999	26,250000	23,969999	20,320000	20,369999	20,189999	20,619999	20,529999	340282346638528860000000000000000000000,000000	0,023119	20,000000	100018,000000	23,400000
5275,000000	19,984377	0,000000	0,000000	0,000000	0,000000	25,002916	25,211832	24,183460	24,592190	24,393539	25,152142	21,633736	21,047684	22,367767	22,347548	23,908127	20,619999	23,609999	26,250000	23,959999	20,330000	20,359999	20,180000	20,609999	20,520000	340282346638528860000000000000000000000,000000	0,023243	20,000000	100018,000000	23,400000
5277,000000	19,974283	0,000000	0,000000	0,000000	0,000000	25,007990	25,196648	24,178408	24,602297	24,383434	25,152142	21,483471	21,042635	22,367767	22,322277	23,823584	20,619999	23,670000	26,240000	23,939999	20,320000	20,359999	20,180000	20,600000	20,529999	609,244019	0,023495	20,000000	100018,000000	23,400000
5279,000000	19,954077	0,000000	0,000000	0,000000	0,000000	24,867807	25,201721	24,063515	24,592190	24,248310	25,142012	21,448090	21,047684	22,367767	22,347548	24,014305	20,629999	23,730000	26,230000	23,949999	20,320000	20,359999	20,180000	20,570000	20,549999	603,740051	0,023206	20,000000	100018,000000	23,400000
5281,000000	19,938919	0,000000	0,000000	0,000000	0,000000	24,862753	25,301409	24,168283	24,597244	24,228096	25,136957	21,522583	21,032539	22,507917	22,367767	24,009253	20,629999	23,769999	26,269999	23,920000	20,320000	20,350000	20,170000	20,539999	20,580000	595,809021	0,023173	20,000000	100018,000000	23,400000
5283,000000	19,943966	0,000000	0,000000	0,000000	0,000000	24,872864	25,191593	24,168283	24,592190	24,207865	25,131905	21,522583	21,022423	22,538260	22,528139	23,869078	20,619999	23,740000	26,299999	23,879999	20,320000	20,350000	20,170000	20,520000	20,549999	607,731018	0,023480	20,000000	100018,000000	23,400000
5285,000000	19,949032	0,000000	0,000000	0,000000	0,000000	25,002916	25,311541	24,183460	24,592190	24,197739	25,131905	21,552896	21,037588	22,548359	22,538260	23,843815	20,629999	23,740000	26,299999	23,889999	20,320000	20,350000	20,170000	20,500000	20,520000	615,147034	0,023558	20,000000	100018,000000	23,400000
5287,000000	19,954077	0,000000	0,000000	0,000000	0,000000	25,007990	25,196648	24,183460	24,592190	24,207865	25,152142	21,437992	21,052731	22,548359	22,518040	23,828638	20,629999	23,730000	26,269999	23,939999	20,320000	20,340000	20,160000	20,480000	20,500000	566,887024	0,023210	20,000000	100018,000000	23,400000
5289,000000	19,959124	0,000000	0,000000	0,000000	0,000000	25,013042	25,206776	24,068586	24,597244	24,223024	25,157196	21,463257	20,952991	22,553411	22,548359	23,923304	20,629999	23,670000	26,289999	23,930000	20,309999	20,340000	20,160000	20,459999	20,500000	621,033020	0,023354	20,000000	100018,000000	23,400000
5291,000000	19,989443	0,000000	0,000000	0,000000	0,000000	25,013042	25,221960	24,063515	24,592190	24,233149	25,157196	21,468306	20,952991	22,548359	22,533190	23,818531	20,629999	23,699999	26,299999	23,949999	20,309999	20,340000	20,160000	20,420000	20,480000	616,530029	0,023164	20,000000	100018,000000	23,400000
5293,000000	20,159901	0,000000	0,000000	0,000000	0,000000	25,018097	25,221960	24,068586	24,602297	24,383434	25,162249	21,453159	20,958057	22,548359	22,372818	23,858971	20,629999	23,709999	26,279999	23,949999	20,309999	20,330000	20,160000	20,410000	20,469999	340282346638528860000000000000000000000,000000	0,023205	20,000000	100018,000000	23,400000
5295,000000	20,159901	0,000000	0,000000	0,000000	0,000000	25,013042	25,221960	24,068586	24,597244	24,403648	25,167303	21,458208	20,968153	22,528139	22,327328	24,004200	20,629999	23,760000	26,279999	23,990000	20,309999	20,330000	20,160000	20,379999	20,449999	340282346638528860000000000000000000000,000000	0,023481	20,000000	100018,000000	23,400000
5297,000000	20,170015	0,000000	0,000000	0,000000	0,000000	25,013042	25,237143	24,068586	24,607351	24,408720	25,062540	21,453159	20,993414	22,528139	22,342497	23,949976	20,629999	23,799999	26,269999	24,000000	20,299999	20,330000	20,150000	20,359999	20,449999	589,864014	0,023581	20,000000	100018,000000	23,299999
5299,000000	20,185154	0,000000	0,000000	0,000000	0,000000	25,033279	25,232069	24,073639	24,602297	24,413773	25,062540	21,448090	20,993414	22,538260	22,332397	23,965155	20,629999	23,820000	26,289999	23,990000	20,299999	20,320000	20,150000	20,340000	20,420000	340282346638528860000000000000000000000,000000	0,023501	20,000000	100018,000000	23,299999
5301,000000	20,065220	0,000000	0,000000	0,000000	0,000000	25,048460	25,237143	24,088816	24,607351	24,413773	25,072649	21,463257	21,133560	22,533190	22,437176	23,980330	20,629999	23,840000	26,289999	24,000000	20,299999	20,320000	20,139999	20,320000	20,389999	340282346638528860000000000000000000000,000000	0,023517	20,000000	100018,000000	23,299999
5303,000000	20,075315	0,000000	0,000000	0,000000	0,000000	25,043386	25,237143	24,083744	24,612404	24,423878	25,077702	21,473354	21,138628	22,518040	22,406857	23,995489	20,629999	23,869999	26,289999	24,039999	20,299999	20,320000	20,139999	20,320000	20,369999	611,997009	0,023598	20,000000	100018,000000	23,299999
5305,000000	20,080362	0,000000	0,000000	0,000000	0,000000	25,028227	25,232069	24,083744	24,607351	24,408720	25,072649	21,448090	21,133560	22,543308	22,342497	24,176109	20,629999	23,920000	26,309999	24,019999	20,299999	20,309999	20,139999	20,299999	20,359999	622,690002	0,023156	20,000000	100018,000000	23,299999
5307,000000	20,065220	0,000000	0,000000	0,000000	0,000000	25,038334	25,242199	24,073639	24,612404	24,388487	25,067595	21,443041	20,998463	22,558460	22,533190	23,980330	20,629999	23,910000	26,340000	23,959999	20,299999	20,309999	20,139999	20,289999	20,350000	340282346638528860000000000000000000000,000000	0,023302	20,000000	100018,000000	23,299999
5309,000000	20,185154	0,000000	0,000000	0,000000	0,000000	25,043386	25,382381	24,083744	24,612404	24,388487	25,182487	21,458208	20,993414	22,548359	22,502869	24,044640	20,629999	23,820000	26,330000	23,959999	20,289999	20,309999	20,129999	20,279999	20,350000	340282346638528860000000000000000000000,000000	0,023348	20,000000	100018,000000	23,400000
5311,000000	20,180107	0,000000	0,000000	0,000000	0,000000	25,043386	25,247253	24,078691	24,612404	24,393539	25,182487	21,537729	20,978251	22,438511	22,523090	23,975258	20,629999	23,809999	26,330000	23,959999	20,289999	20,299999	20,129999	20,270000	20,340000	593,353027	0,023606	20,000000	100018,000000	23,400000
5313,000000	20,070269	0,000000	0,000000	0,000000	0,000000	25,038334	25,382381	24,068586	24,617477	24,378363	25,182487	21,437992	20,988367	22,473902	22,443581	24,135666	20,629999	23,850000	26,349998	23,939999	20,289999	20,299999	20,129999	20,260000	20,350000	621,667053	0,023644	20,000000	100022,000000	23,400000
5315,000000	20,185154	0,000000	0,000000	0,000000	0,000000	25,033279	25,377308	24,078691	24,622532	24,388487	25,067595	21,453159	20,988367	22,473902	22,453680	24,130594	20,629999	23,879999	26,349998	23,939999	20,289999	20,299999	20,129999	20,250000	20,359999	618,072021	0,023259	20,000000	100018,000000	23,400000
5317,000000	20,180107	0,000000	0,000000	0,000000	0,000000	25,043386	25,382381	24,088816	24,622532	24,413773	25,062540	21,473354	20,993414	22,478952	22,443581	24,034536	20,629999	23,809999	26,359999	23,959999	20,279999	20,299999	20,129999	20,240000	20,350000	340282346638528860000000000000000000000,000000	0,023094	20,000000	100022,000000	23,400000
5319,000000	20,170015	0,000000	0,000000	0,000000	0,000000	25,053514	25,387436	24,088816	24,752584	24,418825	25,072649	21,463257	20,993414	22,468853	22,553411	24,004200	20,629999	23,730000	26,340000	23,969999	20,279999	20,289999	20,129999	20,240000	20,350000	599,263000	0,023096	20,000000	100022,000000	23,400000
5321,000000	20,159901	0,000000	0,000000	0,000000	0,000000	25,043386	25,377308	24,088816	24,622532	24,413773	25,172358	21,443041	20,978251	22,489052	22,443581	23,869078	20,629999	23,740000	26,330000	23,939999	20,279999	20,289999	20,129999	20,230000	20,359999	340282346638528860000000000000000000000,000000	0,023238	20,000000	100022,000000	23,400000
5323,000000	20,159901	0,000000	0,000000	0,000000	0,000000	24,938623	25,387436	24,078691	24,622532	24,398596	25,062540	21,443041	20,963106	22,489052	22,458731	24,014305	20,629999	23,750000	26,320000	23,930000	20,279999	20,289999	20,129999	20,230000	20,340000	340282346638528860000000000000000000000,000000	0,023264	20,000000	100018,000000	23,400000
5325,000000	20,154854	0,000000	0,000000	0,000000	0,000000	24,938623	25,392490	24,078691	24,622532	24,388487	25,062540	21,437992	20,952991	22,484003	22,463783	24,029484	20,629999	23,750000	26,320000	23,939999	20,279999	20,289999	20,129999	20,230000	20,340000	340282346638528860000000000000000000000,000000	0,023307	20,000000	100018,000000	23,400000
5327,000000	20,144741	0,000000	0,000000	0,000000	0,000000	25,058571	25,382381	24,083744	24,752584	24,383434	25,182487	21,478422	20,968153	22,478952	22,458731	23,843815	20,629999	23,740000	26,330000	23,930000	20,279999	20,279999	20,119999	20,230000	20,340000	340282346638528860000000000000000000000,000000	0,023107	20,000000	100018,000000	23,400000
5329,000000	20,134649	0,000000	0,000000	0,000000	0,000000	24,938623	25,387436	24,088816	24,757639	24,388487	25,182487	21,488522	20,973204	22,458731	22,458731	23,882845	20,629999	23,650000	26,340000	23,939999	20,279999	20,289999	20,119999	20,230000	20,359999	340282346638528860000000000000000000000,000000	0,023449	20,000000	100018,000000	23,400000
5331,000000	20,134649	0,000000	0,000000	0,000000	0,000000	24,938623	25,387436	24,098923	24,622532	24,388487	25,062540	21,498619	20,973204	22,443581	22,443581	23,877792	20,629999	23,600000	26,309999	23,949999	20,279999	20,279999	20,119999	20,219999	20,340000	340282346638528860000000000000000000000,000000	0,023288	20,000000	100022,000000	23,400000
5333,000000	20,144741	0,000000	0,000000	0,000000	0,000000	24,943697	25,392490	24,088816	24,752584	24,393539	25,062540	21,488522	20,983299	22,453680	22,468853	23,913198	20,629999	23,619999	26,309999	23,949999	20,279999	20,279999	20,119999	20,209999	20,330000	340282346638528860000000000000000000000,000000	0,023394	20,000000	100022,000000	23,400000
5335,000000	20,149809	0,000000	0,000000	0,000000	0,000000	24,943697	25,392490	24,093872	24,752584	24,383434	25,067595	21,478422	20,998463	22,448631	22,453680	23,813459	20,629999	23,699999	26,309999	23,959999	20,270000	20,279999	20,119999	20,199999	20,309999	620,621033	0,023230	20,000000	100022,000000	23,400000
5338,000000	20,144741	0,000000	0,000000	0,000000	0,000000	24,948751	25,387436	24,088816	24,752584	24,403648	25,062540	21,453159	20,998463	22,553411	22,502869	23,887918	20,629999	23,660000	26,320000	23,990000	20,270000	20,270000	20,119999	20,180000	20,299999	340282346638528860000000000000000000000,000000	0,023195	20,000000	100022,000000	23,400000
5340,000000	20,149809	0,000000	0,000000	0,000000	0,000000	24,938623	25,377308	24,093872	24,762691	24,403648	25,062540	21,552896	20,993414	22,543308	22,372818	23,928356	20,629999	23,670000	26,330000	24,010000	20,270000	20,270000	20,119999	20,180000	20,279999	340282346638528860000000000000000000000,000000	0,023236	20,000000	100022,000000	23,400000
5342,000000	20,144741	0,000000	0,000000	0,000000	0,000000	24,943697	25,387436	24,083744	24,757639	24,393539	25,177410	21,552896	20,998463	22,548359	22,543308	23,913198	20,629999	23,660000	26,320000	23,959999	20,270000	20,270000	20,119999	20,180000	20,250000	340282346638528860000000000000000000000,000000	0,023064	20,000000	100022,000000	23,400000
5344,000000	20,139696	0,000000	0,000000	0,000000	0,000000	24,938623	25,382381	24,088816	24,752584	24,388487	25,162249	21,437992	20,988367	22,538260	22,512987	23,692125	20,619999	23,590000	26,330000	23,959999	20,270000	20,270000	20,119999	20,160000	20,240000	607,305054	0,023523	20,000000	100022,000000	23,400000
5346,000000	20,144741	0,000000	0,000000	0,000000	0,000000	25,058571	25,242199	24,088816	24,752584	24,393539	25,157196	21,557943	20,978251	22,518040	22,357666	23,801950	20,629999	23,559999	26,299999	23,969999	20,270000	20,270000	20,109999	20,150000	20,230000	577,112000	0,023299	20,000000	100022,000000	23,400000
5348,000000	20,139696	0,000000	0,000000	0,000000	0,000000	24,938623	25,377308	24,068586	24,757639	24,398596	25,152142	21,532681	20,973204	22,528139	22,367767	23,697178	20,629999	23,539999	26,320000	23,959999	20,270000	20,270000	20,109999	20,139999	20,199999	592,759033	0,023300	20,000000	100022,000000	23,299999
5350,000000	19,994490	0,000000	0,000000	0,000000	0,000000	24,953806	25,247253	24,063515	24,752584	24,388487	25,147066	21,537729	20,963106	22,533190	22,357666	23,692125	20,629999	23,559999	26,309999	23,930000	20,270000	20,270000	20,109999	20,119999	20,189999	603,943054	0,023210	20,000000	100022,000000	23,299999
5352,000000	19,989443	0,000000	0,000000	0,000000	0,000000	24,948751	25,242199	24,068586	24,752584	24,378363	25,142012	21,517515	20,952991	22,538260	22,352596	23,732584	20,629999	23,580000	26,309999	23,930000	20,270000	20,270000	20,109999	20,109999	20,180000	340282346638528860000000000000000000000,000000	0,023499	20,000000	100022,000000	23,299999
5354,000000	19,979330	0,000000	0,000000	0,000000	0,000000	24,943697	25,247253	24,178408	24,622532	24,383434	25,142012	21,517515	20,942896	22,538260	22,362719	23,882845	20,629999	23,590000	26,289999	23,920000	20,270000	20,279999	20,109999	20,109999	20,170000	619,566040	0,023676	20,000000	100022,000000	23,299999
5356,000000	19,964170	0,000000	0,000000	0,000000	0,000000	25,043386	25,232069	24,178408	24,622532	24,388487	25,142012	21,517515	20,937847	22,533190	22,502869	23,892971	20,629999	23,619999	26,289999	23,920000	20,270000	20,270000	20,109999	20,100000	20,160000	340282346638528860000000000000000000000,000000	0,023721	20,000000	100022,000000	23,400000
5358,000000	19,969238	0,000000	0,000000	0,000000	0,000000	25,038334	25,216906	24,183460	24,622532	24,383434	25,157196	21,532681	21,057798	22,523090	22,502869	23,877792	20,619999	23,619999	26,279999	23,939999	20,270000	20,279999	20,109999	20,090000	20,150000	340282346638528860000000000000000000000,000000	0,023625	20,000000	100022,000000	23,400000
5360,000000	19,959124	0,000000	0,000000	0,000000	0,000000	25,033279	25,211832	24,183460	24,617477	24,388487	25,142012	21,557943	21,057798	22,533190	22,512987	23,877792	20,629999	23,619999	26,269999	23,939999	20,270000	20,270000	20,109999	20,070000	20,129999	340282346638528860000000000000000000000,000000	0,023480	20,000000	100022,000000	23,400000
5362,000000	19,954077	0,000000	0,000000	0,000000	0,000000	25,013042	25,191593	24,183460	24,617477	24,383434	25,142012	21,483471	21,042635	22,518040	22,533190	23,882845	20,619999	23,609999	26,269999	23,939999	20,270000	20,270000	20,109999	20,049999	20,119999	340282346638528860000000000000000000000,000000	0,023539	20,000000	100022,000000	23,400000
5364,000000	19,943966	0,000000	0,000000	0,000000	0,000000	24,867807	25,311541	24,183460	24,622532	24,388487	25,152142	21,498619	21,037588	22,512987	22,538260	23,742689	20,619999	23,600000	26,250000	23,959999	20,270000	20,270000	20,109999	20,039999	20,109999	623,030029	0,023362	20,000000	100022,000000	23,400000
5366,000000	20,053823	0,000000	0,000000	0,000000	0,000000	24,867807	25,306486	24,178408	24,612404	24,388487	25,152142	21,468306	21,032539	22,512987	22,538260	23,892971	20,629999	23,600000	26,250000	23,949999	20,270000	20,270000	20,109999	20,029999	20,100000	587,870056	0,023459	20,000000	100022,000000	23,400000
5368,000000	20,048759	0,000000	0,000000	0,000000	0,000000	24,872864	25,306486	24,063515	24,612404	24,378363	25,152142	21,468306	21,052731	22,507917	22,512987	23,722460	20,629999	23,619999	26,260000	23,930000	20,270000	20,270000	20,109999	20,039999	20,090000	340282346638528860000000000000000000000,000000	0,023629	20,000000	100022,000000	23,400000
5370,000000	20,038666	0,000000	0,000000	0,000000	0,000000	25,018097	25,306486	24,068586	24,617477	24,248310	25,152142	21,468306	20,937847	22,512987	22,523090	23,712355	20,629999	23,590000	26,269999	23,939999	20,270000	20,270000	20,109999	20,039999	20,080000	340282346638528860000000000000000000000,000000	0,023481	20,000000	100022,000000	23,400000
5372,000000	20,053823	0,000000	0,000000	0,000000	0,000000	25,007990	25,196648	24,063515	24,612404	24,243258	25,152142	21,478422	20,937847	22,512987	22,533190	23,882845	20,619999	23,619999	26,250000	23,930000	20,260000	20,260000	20,109999	20,039999	20,070000	340282346638528860000000000000000000000,000000	0,023546	20,000000	100022,000000	23,400000
5374,000000	20,043713	0,000000	0,000000	0,000000	0,000000	25,002916	25,196648	24,063515	24,607351	24,228096	25,152142	21,437992	21,022423	22,528139	22,538260	23,928356	20,619999	23,639999	26,250000	23,910000	20,260000	20,260000	20,100000	20,029999	20,070000	340282346638528860000000000000000000000,000000	0,023372	20,000000	100022,000000	23,500000
5376,000000	20,033621	0,000000	0,000000	0,000000	0,000000	25,002916	25,191593	24,178408	24,607351	24,212919	25,142012	21,532681	21,027491	22,518040	22,528139	23,838743	20,619999	23,680000	26,240000	23,910000	20,260000	20,260000	20,100000	20,020000	20,059999	609,904053	0,023390	20,000000	100022,000000	23,500000
5378,000000	20,038666	0,000000	0,000000	0,000000	0,000000	24,862753	25,196648	24,168283	24,612404	24,217972	25,142012	21,502367	21,022423	22,518040	22,507917	23,838743	20,619999	23,719999	26,250000	23,889999	20,260000	20,260000	20,100000	20,029999	20,059999	340282346638528860000000000000000000000,000000	0,023577	20,000000	100022,000000	23,500000
5380,000000	20,038666	0,000000	0,000000	0,000000	0,000000	24,852627	25,311541	24,168283	24,602297	24,223024	25,136957	21,347055	21,022423	22,523090	22,512987	23,823584	20,619999	23,689999	26,230000	23,889999	20,260000	20,250000	20,100000	20,029999	20,049999	340282346638528860000000000000000000000,000000	0,023233	20,000000	100022,000000	23,500000
5382,000000	20,048759	0,000000	0,000000	0,000000	0,000000	24,862753	25,311541	24,158178	24,597244	24,223024	25,136957	21,342009	21,032539	22,523090	22,518040	23,843815	20,619999	23,699999	26,250000	23,900000	20,260000	20,250000	20,100000	20,029999	20,049999	340282346638528860000000000000000000000,000000	0,023132	20,000000	100022,000000	23,500000
5384,000000	20,043713	0,000000	0,000000	0,000000	0,000000	24,852627	25,296356	24,158178	24,597244	24,212919	25,126850	21,357155	21,032539	22,528139	22,507917	24,004200	20,619999	23,719999	26,279999	23,900000	20,260000	20,240000	20,100000	20,020000	20,049999	606,995056	0,023440	20,000000	100022,000000	23,500000
5386,000000	20,013414	0,000000	0,000000	0,000000	0,000000	24,857679	25,286247	24,158178	24,597244	24,192686	24,996777	21,502367	21,012327	22,538260	22,507917	23,848866	20,619999	23,750000	26,269999	23,889999	20,260000	20,240000	20,090000	20,020000	20,049999	612,652039	0,023318	20,000000	100022,000000	23,500000
5388,000000	20,013414	0,000000	0,000000	0,000000	0,000000	24,857679	25,291302	24,148052	24,597244	24,192686	25,126850	21,502367	21,007280	22,523090	22,347548	23,823584	20,619999	23,709999	26,250000	23,869999	20,250000	20,230000	20,090000	20,020000	20,039999	340282346638528860000000000000000000000,000000	0,023161	20,000000	100022,000000	23,500000
5390,000000	20,008348	0,000000	0,000000	0,000000	0,000000	24,852627	25,276119	24,148052	24,592190	24,212919	25,126850	21,347055	20,872164	22,533190	22,352596	23,923304	20,609999	23,660000	26,240000	23,859999	20,250000	20,230000	20,090000	20,020000	20,039999	340282346638528860000000000000000000000,000000	0,023447	20,000000	100022,000000	23,500000
5392,000000	20,018459	0,000000	0,000000	0,000000	0,000000	24,857679	25,301409	24,148052	24,597244	24,212919	24,991720	21,372320	20,867115	22,448631	22,528139	23,928356	20,609999	23,689999	26,240000	23,850000	20,250000	20,230000	20,090000	20,000000	20,039999	613,627014	0,023474	20,000000	100022,000000	23,500000
5394,000000	20,023508	0,000000	0,000000	0,000000	0,000000	24,852627	25,306486	24,153124	24,587135	24,217972	25,126850	21,527632	21,012327	22,448631	22,502869	23,882845	20,609999	23,639999	26,250000	23,869999	20,250000	20,219999	20,090000	20,000000	20,039999	608,851013	0,023285	20,000000	100022,000000	23,400000
5396,000000	20,033621	0,000000	0,000000	0,000000	0,000000	24,847572	25,311541	24,153124	24,592190	24,243258	25,136957	21,522583	21,017376	22,438511	22,347548	23,727510	20,609999	23,600000	26,230000	23,889999	20,250000	20,219999	20,080000	20,000000	20,029999	568,360046	0,023266	20,000000	100022,000000	23,400000
5398,000000	20,043713	0,000000	0,000000	0,000000	0,000000	24,872864	25,196648	24,143000	24,587135	24,243258	25,131905	21,362204	21,027491	22,468853	22,512987	23,908127	20,609999	23,619999	26,230000	23,879999	20,250000	20,219999	20,080000	19,990000	20,029999	596,048035	0,023133	20,000000	100022,000000	23,400000
5400,000000	19,943966	0,000000	0,000000	0,000000	0,000000	25,007990	25,201721	24,158178	24,597244	24,233149	25,142012	21,357155	21,027491	22,499174	22,548359	23,923304	20,600000	23,670000	26,269999	23,869999	20,240000	20,230000	20,080000	19,990000	20,029999	620,893005	0,023379	20,000000	100022,000000	23,299999
5402,000000	19,959124	0,000000	0,000000	0,000000	0,000000	25,018097	25,206776	24,168283	24,592190	24,223024	25,142012	21,362204	21,022423	22,644375	22,448631	23,887918	20,609999	23,650000	26,279999	23,859999	20,240000	20,230000	20,070000	19,980000	20,039999	593,517029	0,023428	20,000000	100022,000000	23,299999
5404,000000	19,959124	0,000000	0,000000	0,000000	0,000000	25,007990	25,227015	24,168283	24,592190	24,223024	25,136957	21,372320	21,017376	22,649445	22,448631	23,877792	20,609999	23,609999	26,279999	23,869999	20,230000	20,230000	20,070000	19,980000	20,039999	597,191040	0,023528	20,000000	100022,000000	23,299999
5406,000000	19,959124	0,000000	0,000000	0,000000	0,000000	25,023151	25,227015	24,173355	24,597244	24,233149	25,142012	21,367252	21,027491	22,639324	22,443581	23,908127	20,600000	23,619999	26,279999	23,879999	20,230000	20,230000	20,070000	19,990000	20,039999	340282346638528860000000000000000000000,000000	0,023210	20,000000	100022,000000	23,299999
5408,000000	19,954077	0,000000	0,000000	0,000000	0,000000	25,013042	25,216906	24,178408	24,592190	24,378363	25,152142	21,512466	21,022423	22,499174	22,548359	23,933409	20,600000	23,650000	26,289999	23,889999	20,230000	20,230000	20,070000	19,990000	20,029999	616,831055	0,023412	20,000000	100022,000000	23,299999
5410,000000	19,959124	0,000000	0,000000	0,000000	0,000000	25,007990	25,216906	24,178408	24,597244	24,238201	25,147066	21,362204	21,027491	22,634275	22,463783	23,869078	20,600000	23,699999	26,289999	23,879999	20,230000	20,230000	20,070000	19,990000	20,029999	622,144043	0,023448	20,000000	100022,000000	23,400000
5412,000000	19,979330	0,000000	0,000000	0,000000	0,000000	25,013042	25,232069	24,183460	24,602297	24,217972	25,157196	21,352106	21,042635	22,659548	22,634275	23,939871	20,600000	23,789999	26,320000	23,869999	20,219999	20,219999	20,070000	19,990000	20,010000	622,011047	0,023267	20,000000	100022,000000	23,400000
5414,000000	19,989443	0,000000	0,000000	0,000000	0,000000	25,023151	25,232069	24,183460	24,597244	24,207865	25,177410	21,347055	20,942896	22,684820	22,664597	24,130594	20,600000	23,859999	26,349998	23,869999	20,219999	20,219999	20,070000	19,980000	20,010000	577,841003	0,023425	20,000000	100022,000000	23,400000
5416,000000	19,999535	0,000000	0,000000	0,000000	0,000000	25,013042	25,242199	24,083744	24,602297	24,223024	25,172358	21,342009	20,942896	22,564869	22,644375	23,939871	20,600000	23,879999	26,349998	23,879999	20,219999	20,219999	20,070000	19,990000	20,000000	340282346638528860000000000000000000000,000000	0,023311	20,000000	100022,000000	23,299999
5418,000000	19,994490	0,000000	0,000000	0,000000	0,000000	25,013042	25,237143	24,078691	24,602297	24,233149	25,167303	21,352106	21,057798	22,679768	22,639324	23,944923	20,600000	23,779999	26,330000	23,900000	20,209999	20,219999	20,070000	19,990000	20,000000	605,653015	0,023480	20,000000	100022,000000	23,299999
5420,000000	19,999535	0,000000	0,000000	0,000000	0,000000	25,023151	25,242199	24,073639	24,602297	24,238201	25,172358	21,352106	20,937847	22,679768	22,634275	24,044640	20,600000	23,799999	26,330000	23,889999	20,209999	20,219999	20,059999	19,980000	20,000000	617,536011	0,023601	20,000000	100022,000000	23,299999
5422,000000	19,989443	0,000000	0,000000	0,000000	0,000000	25,033279	25,242199	24,073639	24,607351	24,243258	25,177410	21,517515	20,947943	22,659548	22,473902	23,838743	20,600000	23,719999	26,330000	23,889999	20,209999	20,219999	20,059999	19,980000	20,010000	340282346638528860000000000000000000000,000000	0,023610	20,000000	100022,000000	23,299999
5424,000000	19,989443	0,000000	0,000000	0,000000	0,000000	25,018097	25,227015	24,073639	24,607351	24,393539	25,067595	21,527632	20,947943	22,499174	22,533190	23,843815	20,600000	23,689999	26,309999	23,939999	20,209999	20,219999	20,059999	19,969999	20,010000	340282346638528860000000000000000000000,000000	0,023229	20,000000	100022,000000	23,299999
5426,000000	19,974283	0,000000	0,000000	0,000000	0,000000	25,023151	25,232069	24,073639	24,612404	24,388487	25,182487	21,522583	21,057798	22,634275	22,463783	24,024431	20,600000	23,750000	26,299999	23,930000	20,209999	20,219999	20,059999	19,969999	20,000000	597,751038	0,023198	20,000000	100022,000000	23,299999
5428,000000	19,959124	0,000000	0,000000	0,000000	0,000000	25,033279	25,232069	24,063515	24,612404	24,243258	25,172358	21,547827	21,042635	22,644375	22,484003	24,024431	20,600000	23,750000	26,299999	23,920000	20,199999	20,209999	20,059999	19,969999	19,990000	615,278015	0,023397	20,000000	100022,000000	23,400000
5431,000000	19,969238	0,000000	0,000000	0,000000	0,000000	25,007990	25,221960	24,183460	24,612404	24,233149	25,167303	21,532681	21,032539	22,634275	22,463783	24,004200	20,600000	23,730000	26,320000	23,900000	20,199999	20,209999	20,049999	19,959999	19,990000	340282346638528860000000000000000000000,000000	0,023493	20,000000	100022,000000	23,400000
